time_point_idx,time_offset_ms,start_time_us,eps,min_samples,window_us,window_ms,min_cluster_events,max_y_spread,total_events,total_clusters,valid_clusters,filtered_clusters,noise_points,noise_pct,min_cluster_size,max_cluster_size,mean_cluster_size,mean_y_spread,mean_x_spread
0,0.0,4006976,2,5,5000,5.0,100,4.0,1985,16,3,13,899,45.2896725440806,141,376,289.0,1.7216119103031742,8.768998575989523
0,0.0,4006976,2,5,5000,5.0,100,5.0,1985,16,3,13,899,45.2896725440806,141,376,289.0,1.7216119103031742,8.768998575989523
0,0.0,4006976,2,5,5000,5.0,100,6.0,1985,16,3,13,899,45.2896725440806,141,376,289.0,1.7216119103031742,8.768998575989523
0,0.0,4006976,2,5,5000,5.0,200,4.0,1985,16,2,14,899,45.2896725440806,350,376,363.0,2.1670850070986956,8.444184547813476
0,0.0,4006976,2,5,5000,5.0,200,5.0,1985,16,2,14,899,45.2896725440806,350,376,363.0,2.1670850070986956,8.444184547813476
0,0.0,4006976,2,5,5000,5.0,200,6.0,1985,16,2,14,899,45.2896725440806,350,376,363.0,2.1670850070986956,8.444184547813476
0,0.0,4006976,2,5,5000,5.0,300,4.0,1985,16,2,14,899,45.2896725440806,350,376,363.0,2.1670850070986956,8.444184547813476
0,0.0,4006976,2,5,5000,5.0,300,5.0,1985,16,2,14,899,45.2896725440806,350,376,363.0,2.1670850070986956,8.444184547813476
0,0.0,4006976,2,5,5000,5.0,300,6.0,1985,16,2,14,899,45.2896725440806,350,376,363.0,2.1670850070986956,8.444184547813476
0,0.0,4006976,2,5,10000,10.0,100,4.0,4302,81,4,77,1614,37.517433751743376,243,752,503.5,1.6813911895487255,9.166255863857534
0,0.0,4006976,2,5,10000,10.0,100,5.0,4302,81,4,77,1614,37.517433751743376,243,752,503.5,1.6813911895487255,9.166255863857534
0,0.0,4006976,2,5,10000,10.0,100,6.0,4302,81,4,77,1614,37.517433751743376,243,752,503.5,1.6813911895487255,9.166255863857534
0,0.0,4006976,2,5,10000,10.0,200,4.0,4302,81,4,77,1614,37.517433751743376,243,752,503.5,1.6813911895487255,9.166255863857534
0,0.0,4006976,2,5,10000,10.0,200,5.0,4302,81,4,77,1614,37.517433751743376,243,752,503.5,1.6813911895487255,9.166255863857534
0,0.0,4006976,2,5,10000,10.0,200,6.0,4302,81,4,77,1614,37.517433751743376,243,752,503.5,1.6813911895487255,9.166255863857534
0,0.0,4006976,2,5,10000,10.0,300,4.0,4302,81,3,78,1614,37.517433751743376,304,752,590.3333333333334,1.83025913257603,8.772609042007824
0,0.0,4006976,2,5,10000,10.0,300,5.0,4302,81,3,78,1614,37.517433751743376,304,752,590.3333333333334,1.83025913257603,8.772609042007824
0,0.0,4006976,2,5,10000,10.0,300,6.0,4302,81,3,78,1614,37.517433751743376,304,752,590.3333333333334,1.83025913257603,8.772609042007824
0,0.0,4006976,2,5,15000,15.0,100,4.0,6558,165,5,160,1965,29.963403476669715,111,1148,640.8,1.6247205209914903,8.465046600746602
0,0.0,4006976,2,5,15000,15.0,100,5.0,6558,165,5,160,1965,29.963403476669715,111,1148,640.8,1.6247205209914903,8.465046600746602
0,0.0,4006976,2,5,15000,15.0,100,6.0,6558,165,5,160,1965,29.963403476669715,111,1148,640.8,1.6247205209914903,8.465046600746602
0,0.0,4006976,2,5,15000,15.0,200,4.0,6558,165,4,161,1965,29.963403476669715,373,1148,773.25,1.8187820083930366,9.459153090013805
0,0.0,4006976,2,5,15000,15.0,200,5.0,6558,165,4,161,1965,29.963403476669715,373,1148,773.25,1.8187820083930366,9.459153090013805
0,0.0,4006976,2,5,15000,15.0,200,6.0,6558,165,4,161,1965,29.963403476669715,373,1148,773.25,1.8187820083930366,9.459153090013805
0,0.0,4006976,2,5,15000,15.0,300,4.0,6558,165,4,161,1965,29.963403476669715,373,1148,773.25,1.8187820083930366,9.459153090013805
0,0.0,4006976,2,5,15000,15.0,300,5.0,6558,165,4,161,1965,29.963403476669715,373,1148,773.25,1.8187820083930366,9.459153090013805
0,0.0,4006976,2,5,15000,15.0,300,6.0,6558,165,4,161,1965,29.963403476669715,373,1148,773.25,1.8187820083930366,9.459153090013805
0,0.0,4006976,2,5,20000,20.0,100,4.0,8391,228,5,223,2031,24.20450482659993,148,1526,840.0,1.6550880780962332,8.892543261217527
0,0.0,4006976,2,5,20000,20.0,100,5.0,8391,228,5,223,2031,24.20450482659993,148,1526,840.0,1.6550880780962332,8.892543261217527
0,0.0,4006976,2,5,20000,20.0,100,6.0,8391,228,5,223,2031,24.20450482659993,148,1526,840.0,1.6550880780962332,8.892543261217527
0,0.0,4006976,2,5,20000,20.0,200,4.0,8391,228,4,224,2031,24.20450482659993,453,1526,1013.0,1.8505752823177315,9.65921787950786
0,0.0,4006976,2,5,20000,20.0,200,5.0,8391,228,4,224,2031,24.20450482659993,453,1526,1013.0,1.8505752823177315,9.65921787950786
0,0.0,4006976,2,5,20000,20.0,200,6.0,8391,228,4,224,2031,24.20450482659993,453,1526,1013.0,1.8505752823177315,9.65921787950786
0,0.0,4006976,2,5,20000,20.0,300,4.0,8391,228,4,224,2031,24.20450482659993,453,1526,1013.0,1.8505752823177315,9.65921787950786
0,0.0,4006976,2,5,20000,20.0,300,5.0,8391,228,4,224,2031,24.20450482659993,453,1526,1013.0,1.8505752823177315,9.65921787950786
0,0.0,4006976,2,5,20000,20.0,300,6.0,8391,228,4,224,2031,24.20450482659993,453,1526,1013.0,1.8505752823177315,9.65921787950786
0,0.0,4006976,2,10,5000,5.0,100,4.0,1985,11,3,8,1013,51.032745591939545,104,347,259.6666666666667,1.7232649865487273,6.558573104959794
0,0.0,4006976,2,10,5000,5.0,100,5.0,1985,11,3,8,1013,51.032745591939545,104,347,259.6666666666667,1.7232649865487273,6.558573104959794
0,0.0,4006976,2,10,5000,5.0,100,6.0,1985,11,3,8,1013,51.032745591939545,104,347,259.6666666666667,1.7232649865487273,6.558573104959794
0,0.0,4006976,2,10,5000,5.0,200,4.0,1985,11,2,9,1013,51.032745591939545,328,347,337.5,2.1476352874807034,7.490410653324142
0,0.0,4006976,2,10,5000,5.0,200,5.0,1985,11,2,9,1013,51.032745591939545,328,347,337.5,2.1476352874807034,7.490410653324142
0,0.0,4006976,2,10,5000,5.0,200,6.0,1985,11,2,9,1013,51.032745591939545,328,347,337.5,2.1476352874807034,7.490410653324142
0,0.0,4006976,2,10,5000,5.0,300,4.0,1985,11,2,9,1013,51.032745591939545,328,347,337.5,2.1476352874807034,7.490410653324142
0,0.0,4006976,2,10,5000,5.0,300,5.0,1985,11,2,9,1013,51.032745591939545,328,347,337.5,2.1476352874807034,7.490410653324142
0,0.0,4006976,2,10,5000,5.0,300,6.0,1985,11,2,9,1013,51.032745591939545,328,347,337.5,2.1476352874807034,7.490410653324142
0,0.0,4006976,2,10,10000,10.0,100,4.0,4302,7,4,3,2197,51.06927010692701,243,748,502.25,1.6761292913848054,9.141326252111364
0,0.0,4006976,2,10,10000,10.0,100,5.0,4302,7,4,3,2197,51.06927010692701,243,748,502.25,1.6761292913848054,9.141326252111364
0,0.0,4006976,2,10,10000,10.0,100,6.0,4302,7,4,3,2197,51.06927010692701,243,748,502.25,1.6761292913848054,9.141326252111364
0,0.0,4006976,2,10,10000,10.0,200,4.0,4302,7,4,3,2197,51.06927010692701,243,748,502.25,1.6761292913848054,9.141326252111364
0,0.0,4006976,2,10,10000,10.0,200,5.0,4302,7,4,3,2197,51.06927010692701,243,748,502.25,1.6761292913848054,9.141326252111364
0,0.0,4006976,2,10,10000,10.0,200,6.0,4302,7,4,3,2197,51.06927010692701,243,748,502.25,1.6761292913848054,9.141326252111364
0,0.0,4006976,2,10,10000,10.0,300,4.0,4302,7,3,4,2197,51.06927010692701,304,748,588.6666666666666,1.82324326835747,8.739369559679597
0,0.0,4006976,2,10,10000,10.0,300,5.0,4302,7,3,4,2197,51.06927010692701,304,748,588.6666666666666,1.82324326835747,8.739369559679597
0,0.0,4006976,2,10,10000,10.0,300,6.0,4302,7,3,4,2197,51.06927010692701,304,748,588.6666666666666,1.82324326835747,8.739369559679597
0,0.0,4006976,2,10,15000,15.0,100,4.0,6558,20,5,15,3237,49.35956084172004,111,1123,625.8,1.5349844308330445,8.016807018013603
0,0.0,4006976,2,10,15000,15.0,100,5.0,6558,20,5,15,3237,49.35956084172004,111,1123,625.8,1.5349844308330445,8.016807018013603
0,0.0,4006976,2,10,15000,15.0,100,6.0,6558,20,5,15,3237,49.35956084172004,111,1123,625.8,1.5349844308330445,8.016807018013603
0,0.0,4006976,2,10,15000,15.0,200,4.0,6558,20,4,16,3237,49.35956084172004,354,1123,754.5,1.7066118956949794,8.898853611597556
0,0.0,4006976,2,10,15000,15.0,200,5.0,6558,20,4,16,3237,49.35956084172004,354,1123,754.5,1.7066118956949794,8.898853611597556
0,0.0,4006976,2,10,15000,15.0,200,6.0,6558,20,4,16,3237,49.35956084172004,354,1123,754.5,1.7066118956949794,8.898853611597556
0,0.0,4006976,2,10,15000,15.0,300,4.0,6558,20,4,16,3237,49.35956084172004,354,1123,754.5,1.7066118956949794,8.898853611597556
0,0.0,4006976,2,10,15000,15.0,300,5.0,6558,20,4,16,3237,49.35956084172004,354,1123,754.5,1.7066118956949794,8.898853611597556
0,0.0,4006976,2,10,15000,15.0,300,6.0,6558,20,4,16,3237,49.35956084172004,354,1123,754.5,1.7066118956949794,8.898853611597556
0,0.0,4006976,2,10,20000,20.0,100,4.0,8391,32,5,27,3913,46.63329758074127,148,1491,818.0,1.5497482485552205,8.238707937385872
0,0.0,4006976,2,10,20000,20.0,100,5.0,8391,32,5,27,3913,46.63329758074127,148,1491,818.0,1.5497482485552205,8.238707937385872
0,0.0,4006976,2,10,20000,20.0,100,6.0,8391,32,5,27,3913,46.63329758074127,148,1491,818.0,1.5497482485552205,8.238707937385872
0,0.0,4006976,2,10,20000,20.0,200,4.0,8391,32,4,28,3913,46.63329758074127,434,1491,985.5,1.7189004953914655,8.841923724718292
0,0.0,4006976,2,10,20000,20.0,200,5.0,8391,32,4,28,3913,46.63329758074127,434,1491,985.5,1.7189004953914655,8.841923724718292
0,0.0,4006976,2,10,20000,20.0,200,6.0,8391,32,4,28,3913,46.63329758074127,434,1491,985.5,1.7189004953914655,8.841923724718292
0,0.0,4006976,2,10,20000,20.0,300,4.0,8391,32,4,28,3913,46.63329758074127,434,1491,985.5,1.7189004953914655,8.841923724718292
0,0.0,4006976,2,10,20000,20.0,300,5.0,8391,32,4,28,3913,46.63329758074127,434,1491,985.5,1.7189004953914655,8.841923724718292
0,0.0,4006976,2,10,20000,20.0,300,6.0,8391,32,4,28,3913,46.63329758074127,434,1491,985.5,1.7189004953914655,8.841923724718292
0,0.0,4006976,2,15,5000,5.0,100,4.0,1985,6,3,3,1133,57.07808564231738,102,328,245.66666666666666,1.6786258778286267,5.976686269047068
0,0.0,4006976,2,15,5000,5.0,100,5.0,1985,6,3,3,1133,57.07808564231738,102,328,245.66666666666666,1.6786258778286267,5.976686269047068
0,0.0,4006976,2,15,5000,5.0,100,6.0,1985,6,3,3,1133,57.07808564231738,102,328,245.66666666666666,1.6786258778286267,5.976686269047068
0,0.0,4006976,2,15,5000,5.0,200,4.0,1985,6,2,4,1133,57.07808564231738,307,328,317.5,2.0804817281679773,6.6899280606140294
0,0.0,4006976,2,15,5000,5.0,200,5.0,1985,6,2,4,1133,57.07808564231738,307,328,317.5,2.0804817281679773,6.6899280606140294
0,0.0,4006976,2,15,5000,5.0,200,6.0,1985,6,2,4,1133,57.07808564231738,307,328,317.5,2.0804817281679773,6.6899280606140294
0,0.0,4006976,2,15,5000,5.0,300,4.0,1985,6,2,4,1133,57.07808564231738,307,328,317.5,2.0804817281679773,6.6899280606140294
0,0.0,4006976,2,15,5000,5.0,300,5.0,1985,6,2,4,1133,57.07808564231738,307,328,317.5,2.0804817281679773,6.6899280606140294
0,0.0,4006976,2,15,5000,5.0,300,6.0,1985,6,2,4,1133,57.07808564231738,307,328,317.5,2.0804817281679773,6.6899280606140294
0,0.0,4006976,2,15,10000,10.0,100,4.0,4302,7,4,3,2244,52.16178521617852,159,740,465.75,1.6287657571634608,7.024355921862742
0,0.0,4006976,2,15,10000,10.0,100,5.0,4302,7,4,3,2244,52.16178521617852,159,740,465.75,1.6287657571634608,7.024355921862742
0,0.0,4006976,2,15,10000,10.0,100,6.0,4302,7,4,3,2244,52.16178521617852,159,740,465.75,1.6287657571634608,7.024355921862742
0,0.0,4006976,2,15,10000,10.0,200,4.0,4302,7,3,4,2244,52.16178521617852,260,740,568.0,1.8212754284112715,7.673917753480706
0,0.0,4006976,2,15,10000,10.0,200,5.0,4302,7,3,4,2244,52.16178521617852,260,740,568.0,1.8212754284112715,7.673917753480706
0,0.0,4006976,2,15,10000,10.0,200,6.0,4302,7,3,4,2244,52.16178521617852,260,740,568.0,1.8212754284112715,7.673917753480706
0,0.0,4006976,2,15,10000,10.0,300,4.0,4302,7,2,5,2244,52.16178521617852,704,740,722.0,2.2009349228917614,8.248814920560566
0,0.0,4006976,2,15,10000,10.0,300,5.0,4302,7,2,5,2244,52.16178521617852,704,740,722.0,2.2009349228917614,8.248814920560566
0,0.0,4006976,2,15,10000,10.0,300,6.0,4302,7,2,5,2244,52.16178521617852,704,740,722.0,2.2009349228917614,8.248814920560566
0,0.0,4006976,2,15,15000,15.0,100,4.0,6558,5,5,0,3453,52.653247941445564,111,1118,621.0,1.5056844550837987,7.926527260232016
0,0.0,4006976,2,15,15000,15.0,100,5.0,6558,5,5,0,3453,52.653247941445564,111,1118,621.0,1.5056844550837987,7.926527260232016
0,0.0,4006976,2,15,15000,15.0,100,6.0,6558,5,5,0,3453,52.653247941445564,111,1118,621.0,1.5056844550837987,7.926527260232016
0,0.0,4006976,2,15,15000,15.0,200,4.0,6558,5,4,1,3453,52.653247941445564,352,1118,748.5,1.6699869260084221,8.786003914370571
0,0.0,4006976,2,15,15000,15.0,200,5.0,6558,5,4,1,3453,52.653247941445564,352,1118,748.5,1.6699869260084221,8.786003914370571
0,0.0,4006976,2,15,15000,15.0,200,6.0,6558,5,4,1,3453,52.653247941445564,352,1118,748.5,1.6699869260084221,8.786003914370571
0,0.0,4006976,2,15,15000,15.0,300,4.0,6558,5,4,1,3453,52.653247941445564,352,1118,748.5,1.6699869260084221,8.786003914370571
0,0.0,4006976,2,15,15000,15.0,300,5.0,6558,5,4,1,3453,52.653247941445564,352,1118,748.5,1.6699869260084221,8.786003914370571
0,0.0,4006976,2,15,15000,15.0,300,6.0,6558,5,4,1,3453,52.653247941445564,352,1118,748.5,1.6699869260084221,8.786003914370571
0,0.0,4006976,2,15,20000,20.0,100,4.0,8391,8,5,3,4272,50.911691097604574,148,1490,814.2,1.5242214778669922,8.211205457546468
0,0.0,4006976,2,15,20000,20.0,100,5.0,8391,8,5,3,4272,50.911691097604574,148,1490,814.2,1.5242214778669922,8.211205457546468
0,0.0,4006976,2,15,20000,20.0,100,6.0,8391,8,5,3,4272,50.911691097604574,148,1490,814.2,1.5242214778669922,8.211205457546468
0,0.0,4006976,2,15,20000,20.0,200,4.0,8391,8,4,4,4272,50.911691097604574,430,1490,980.75,1.6869920320311802,8.807545624919037
0,0.0,4006976,2,15,20000,20.0,200,5.0,8391,8,4,4,4272,50.911691097604574,430,1490,980.75,1.6869920320311802,8.807545624919037
0,0.0,4006976,2,15,20000,20.0,200,6.0,8391,8,4,4,4272,50.911691097604574,430,1490,980.75,1.6869920320311802,8.807545624919037
0,0.0,4006976,2,15,20000,20.0,300,4.0,8391,8,4,4,4272,50.911691097604574,430,1490,980.75,1.6869920320311802,8.807545624919037
0,0.0,4006976,2,15,20000,20.0,300,5.0,8391,8,4,4,4272,50.911691097604574,430,1490,980.75,1.6869920320311802,8.807545624919037
0,0.0,4006976,2,15,20000,20.0,300,6.0,8391,8,4,4,4272,50.911691097604574,430,1490,980.75,1.6869920320311802,8.807545624919037
0,0.0,4006976,3,5,5000,5.0,100,4.0,1985,30,3,27,796,40.1007556675063,141,377,290.0,1.721714660350617,8.828665908779392
0,0.0,4006976,3,5,5000,5.0,100,5.0,1985,30,3,27,796,40.1007556675063,141,377,290.0,1.721714660350617,8.828665908779392
0,0.0,4006976,3,5,5000,5.0,100,6.0,1985,30,3,27,796,40.1007556675063,141,377,290.0,1.721714660350617,8.828665908779392
0,0.0,4006976,3,5,5000,5.0,200,4.0,1985,30,2,28,796,40.1007556675063,352,377,364.5,2.16723913216986,8.53368554699828
0,0.0,4006976,3,5,5000,5.0,200,5.0,1985,30,2,28,796,40.1007556675063,352,377,364.5,2.16723913216986,8.53368554699828
0,0.0,4006976,3,5,5000,5.0,200,6.0,1985,30,2,28,796,40.1007556675063,352,377,364.5,2.16723913216986,8.53368554699828
0,0.0,4006976,3,5,5000,5.0,300,4.0,1985,30,2,28,796,40.1007556675063,352,377,364.5,2.16723913216986,8.53368554699828
0,0.0,4006976,3,5,5000,5.0,300,5.0,1985,30,2,28,796,40.1007556675063,352,377,364.5,2.16723913216986,8.53368554699828
0,0.0,4006976,3,5,5000,5.0,300,6.0,1985,30,2,28,796,40.1007556675063,352,377,364.5,2.16723913216986,8.53368554699828
0,0.0,4006976,3,5,10000,10.0,100,4.0,4302,110,4,106,1194,27.754532775453278,259,768,518.25,1.8228945831544694,9.688988712984806
0,0.0,4006976,3,5,10000,10.0,100,5.0,4302,110,4,106,1194,27.754532775453278,259,768,518.25,1.8228945831544694,9.688988712984806
0,0.0,4006976,3,5,10000,10.0,100,6.0,4302,110,4,106,1194,27.754532775453278,259,768,518.25,1.8228945831544694,9.688988712984806
0,0.0,4006976,3,5,10000,10.0,200,4.0,4302,110,4,106,1194,27.754532775453278,259,768,518.25,1.8228945831544694,9.688988712984806
0,0.0,4006976,3,5,10000,10.0,200,5.0,4302,110,4,106,1194,27.754532775453278,259,768,518.25,1.8228945831544694,9.688988712984806
0,0.0,4006976,3,5,10000,10.0,200,6.0,4302,110,4,106,1194,27.754532775453278,259,768,518.25,1.8228945831544694,9.688988712984806
0,0.0,4006976,3,5,10000,10.0,300,4.0,4302,110,3,107,1194,27.754532775453278,306,768,604.6666666666666,1.989969196430694,9.297089452528944
0,0.0,4006976,3,5,10000,10.0,300,5.0,4302,110,3,107,1194,27.754532775453278,306,768,604.6666666666666,1.989969196430694,9.297089452528944
0,0.0,4006976,3,5,10000,10.0,300,6.0,4302,110,3,107,1194,27.754532775453278,306,768,604.6666666666666,1.989969196430694,9.297089452528944
0,0.0,4006976,3,5,15000,15.0,100,4.0,6558,198,4,194,1148,17.505336992985665,111,2293,809.25,1.589504653393094,15.888927595984
0,0.0,4006976,3,5,15000,15.0,100,5.0,6558,198,4,194,1148,17.505336992985665,111,2293,809.25,1.589504653393094,15.888927595984
0,0.0,4006976,3,5,15000,15.0,100,6.0,6558,198,4,194,1148,17.505336992985665,111,2293,809.25,1.589504653393094,15.888927595984
0,0.0,4006976,3,5,15000,15.0,200,4.0,6558,198,3,195,1148,17.505336992985665,379,2293,1042.0,1.8365146807290238,19.689029913419404
0,0.0,4006976,3,5,15000,15.0,200,5.0,6558,198,3,195,1148,17.505336992985665,379,2293,1042.0,1.8365146807290238,19.689029913419404
0,0.0,4006976,3,5,15000,15.0,200,6.0,6558,198,3,195,1148,17.505336992985665,379,2293,1042.0,1.8365146807290238,19.689029913419404
0,0.0,4006976,3,5,15000,15.0,300,4.0,6558,198,3,195,1148,17.505336992985665,379,2293,1042.0,1.8365146807290238,19.689029913419404
0,0.0,4006976,3,5,15000,15.0,300,5.0,6558,198,3,195,1148,17.505336992985665,379,2293,1042.0,1.8365146807290238,19.689029913419404
0,0.0,4006976,3,5,15000,15.0,300,6.0,6558,198,3,195,1148,17.505336992985665,379,2293,1042.0,1.8365146807290238,19.689029913419404
0,0.0,4006976,3,5,20000,20.0,100,4.0,8391,238,4,234,1038,12.370396853771899,148,3025,1052.5,1.6069235007686624,16.20130772922212
0,0.0,4006976,3,5,20000,20.0,100,5.0,8391,238,4,234,1038,12.370396853771899,148,3025,1052.5,1.6069235007686624,16.20130772922212
0,0.0,4006976,3,5,20000,20.0,100,6.0,8391,238,4,234,1038,12.370396853771899,148,3025,1052.5,1.6069235007686624,16.20130772922212
0,0.0,4006976,3,5,20000,20.0,200,4.0,8391,238,3,235,1038,12.370396853771899,460,3025,1354.0,1.8515182472881364,19.659795376277426
0,0.0,4006976,3,5,20000,20.0,200,5.0,8391,238,3,235,1038,12.370396853771899,460,3025,1354.0,1.8515182472881364,19.659795376277426
0,0.0,4006976,3,5,20000,20.0,200,6.0,8391,238,3,235,1038,12.370396853771899,460,3025,1354.0,1.8515182472881364,19.659795376277426
0,0.0,4006976,3,5,20000,20.0,300,4.0,8391,238,3,235,1038,12.370396853771899,460,3025,1354.0,1.8515182472881364,19.659795376277426
0,0.0,4006976,3,5,20000,20.0,300,5.0,8391,238,3,235,1038,12.370396853771899,460,3025,1354.0,1.8515182472881364,19.659795376277426
0,0.0,4006976,3,5,20000,20.0,300,6.0,8391,238,3,235,1038,12.370396853771899,460,3025,1354.0,1.8515182472881364,19.659795376277426
0,0.0,4006976,3,10,5000,5.0,100,4.0,1985,6,3,3,952,47.95969773299748,140,377,289.3333333333333,1.7228340193113618,8.741941990798217
0,0.0,4006976,3,10,5000,5.0,100,5.0,1985,6,3,3,952,47.95969773299748,140,377,289.3333333333333,1.7228340193113618,8.741941990798217
0,0.0,4006976,3,10,5000,5.0,100,6.0,1985,6,3,3,952,47.95969773299748,140,377,289.3333333333333,1.7228340193113618,8.741941990798217
0,0.0,4006976,3,10,5000,5.0,200,4.0,1985,6,2,4,952,47.95969773299748,351,377,364.0,2.168612842510581,8.495660788499777
0,0.0,4006976,3,10,5000,5.0,200,5.0,1985,6,2,4,952,47.95969773299748,351,377,364.0,2.168612842510581,8.495660788499777
0,0.0,4006976,3,10,5000,5.0,200,6.0,1985,6,2,4,952,47.95969773299748,351,377,364.0,2.168612842510581,8.495660788499777
0,0.0,4006976,3,10,5000,5.0,300,4.0,1985,6,2,4,952,47.95969773299748,351,377,364.0,2.168612842510581,8.495660788499777
0,0.0,4006976,3,10,5000,5.0,300,5.0,1985,6,2,4,952,47.95969773299748,351,377,364.0,2.168612842510581,8.495660788499777
0,0.0,4006976,3,10,5000,5.0,300,6.0,1985,6,2,4,952,47.95969773299748,351,377,364.0,2.168612842510581,8.495660788499777
0,0.0,4006976,3,10,10000,10.0,100,4.0,4302,20,4,16,1989,46.23430962343096,256,754,509.25,1.7318556539932923,9.29151462114239
0,0.0,4006976,3,10,10000,10.0,100,5.0,4302,20,4,16,1989,46.23430962343096,256,754,509.25,1.7318556539932923,9.29151462114239
0,0.0,4006976,3,10,10000,10.0,100,6.0,4302,20,4,16,1989,46.23430962343096,256,754,509.25,1.7318556539932923,9.29151462114239
0,0.0,4006976,3,10,10000,10.0,200,4.0,4302,20,4,16,1989,46.23430962343096,256,754,509.25,1.7318556539932923,9.29151462114239
0,0.0,4006976,3,10,10000,10.0,200,5.0,4302,20,4,16,1989,46.23430962343096,256,754,509.25,1.7318556539932923,9.29151462114239
0,0.0,4006976,3,10,10000,10.0,200,6.0,4302,20,4,16,1989,46.23430962343096,256,754,509.25,1.7318556539932923,9.29151462114239
0,0.0,4006976,3,10,10000,10.0,300,4.0,4302,20,3,17,1989,46.23430962343096,306,754,593.6666666666666,1.8680765993506323,8.833412295431808
0,0.0,4006976,3,10,10000,10.0,300,5.0,4302,20,3,17,1989,46.23430962343096,306,754,593.6666666666666,1.8680765993506323,8.833412295431808
0,0.0,4006976,3,10,10000,10.0,300,6.0,4302,20,3,17,1989,46.23430962343096,306,754,593.6666666666666,1.8680765993506323,8.833412295431808
0,0.0,4006976,3,10,15000,15.0,100,4.0,6558,54,5,49,2579,39.326014028667274,111,1152,638.6,1.6014773366386243,8.363409150487874
0,0.0,4006976,3,10,15000,15.0,100,5.0,6558,54,5,49,2579,39.326014028667274,111,1152,638.6,1.6014773366386243,8.363409150487874
0,0.0,4006976,3,10,15000,15.0,100,6.0,6558,54,5,49,2579,39.326014028667274,111,1152,638.6,1.6014773366386243,8.363409150487874
0,0.0,4006976,3,10,15000,15.0,200,4.0,6558,54,4,50,2579,39.326014028667274,376,1152,770.5,1.7897280279519545,9.332106277190395
0,0.0,4006976,3,10,15000,15.0,200,5.0,6558,54,4,50,2579,39.326014028667274,376,1152,770.5,1.7897280279519545,9.332106277190395
0,0.0,4006976,3,10,15000,15.0,200,6.0,6558,54,4,50,2579,39.326014028667274,376,1152,770.5,1.7897280279519545,9.332106277190395
0,0.0,4006976,3,10,15000,15.0,300,4.0,6558,54,4,50,2579,39.326014028667274,376,1152,770.5,1.7897280279519545,9.332106277190395
0,0.0,4006976,3,10,15000,15.0,300,5.0,6558,54,4,50,2579,39.326014028667274,376,1152,770.5,1.7897280279519545,9.332106277190395
0,0.0,4006976,3,10,15000,15.0,300,6.0,6558,54,4,50,2579,39.326014028667274,376,1152,770.5,1.7897280279519545,9.332106277190395
0,0.0,4006976,3,10,20000,20.0,100,4.0,8391,87,4,83,2802,33.39292098677154,148,3025,1052.0,1.6076554097502813,16.174701650398966
0,0.0,4006976,3,10,20000,20.0,100,5.0,8391,87,4,83,2802,33.39292098677154,148,3025,1052.0,1.6076554097502813,16.174701650398966
0,0.0,4006976,3,10,20000,20.0,100,6.0,8391,87,4,83,2802,33.39292098677154,148,3025,1052.0,1.6076554097502813,16.174701650398966
0,0.0,4006976,3,10,20000,20.0,200,4.0,8391,87,3,84,2802,33.39292098677154,458,3025,1353.3333333333333,1.852494125930295,19.624320604513226
0,0.0,4006976,3,10,20000,20.0,200,5.0,8391,87,3,84,2802,33.39292098677154,458,3025,1353.3333333333333,1.852494125930295,19.624320604513226
0,0.0,4006976,3,10,20000,20.0,200,6.0,8391,87,3,84,2802,33.39292098677154,458,3025,1353.3333333333333,1.852494125930295,19.624320604513226
0,0.0,4006976,3,10,20000,20.0,300,4.0,8391,87,3,84,2802,33.39292098677154,458,3025,1353.3333333333333,1.852494125930295,19.624320604513226
0,0.0,4006976,3,10,20000,20.0,300,5.0,8391,87,3,84,2802,33.39292098677154,458,3025,1353.3333333333333,1.852494125930295,19.624320604513226
0,0.0,4006976,3,10,20000,20.0,300,6.0,8391,87,3,84,2802,33.39292098677154,458,3025,1353.3333333333333,1.852494125930295,19.624320604513226
0,0.0,4006976,3,15,5000,5.0,100,4.0,1985,7,3,4,981,49.42065491183879,113,373,278.0,1.7328635804476207,7.345162579817445
0,0.0,4006976,3,15,5000,5.0,100,5.0,1985,7,3,4,981,49.42065491183879,113,373,278.0,1.7328635804476207,7.345162579817445
0,0.0,4006976,3,15,5000,5.0,100,6.0,1985,7,3,4,981,49.42065491183879,113,373,278.0,1.7328635804476207,7.345162579817445
0,0.0,4006976,3,15,5000,5.0,200,4.0,1985,7,2,5,981,49.42065491183879,348,373,360.5,2.1622938618173997,8.296745966882122
0,0.0,4006976,3,15,5000,5.0,200,5.0,1985,7,2,5,981,49.42065491183879,348,373,360.5,2.1622938618173997,8.296745966882122
0,0.0,4006976,3,15,5000,5.0,200,6.0,1985,7,2,5,981,49.42065491183879,348,373,360.5,2.1622938618173997,8.296745966882122
0,0.0,4006976,3,15,5000,5.0,300,4.0,1985,7,2,5,981,49.42065491183879,348,373,360.5,2.1622938618173997,8.296745966882122
0,0.0,4006976,3,15,5000,5.0,300,5.0,1985,7,2,5,981,49.42065491183879,348,373,360.5,2.1622938618173997,8.296745966882122
0,0.0,4006976,3,15,5000,5.0,300,6.0,1985,7,2,5,981,49.42065491183879,348,373,360.5,2.1622938618173997,8.296745966882122
0,0.0,4006976,3,15,10000,10.0,100,4.0,4302,7,4,3,2174,50.534635053463504,249,752,505.75,1.709991109492883,9.182489220447817
0,0.0,4006976,3,15,10000,10.0,100,5.0,4302,7,4,3,2174,50.534635053463504,249,752,505.75,1.709991109492883,9.182489220447817
0,0.0,4006976,3,15,10000,10.0,100,6.0,4302,7,4,3,2174,50.534635053463504,249,752,505.75,1.709991109492883,9.182489220447817
0,0.0,4006976,3,15,10000,10.0,200,4.0,4302,7,4,3,2174,50.534635053463504,249,752,505.75,1.709991109492883,9.182489220447817
0,0.0,4006976,3,15,10000,10.0,200,5.0,4302,7,4,3,2174,50.534635053463504,249,752,505.75,1.709991109492883,9.182489220447817
0,0.0,4006976,3,15,10000,10.0,200,6.0,4302,7,4,3,2174,50.534635053463504,249,752,505.75,1.709991109492883,9.182489220447817
0,0.0,4006976,3,15,10000,10.0,300,4.0,4302,7,3,4,2174,50.534635053463504,306,752,591.3333333333334,1.8474696475157923,8.784982619313837
0,0.0,4006976,3,15,10000,10.0,300,5.0,4302,7,3,4,2174,50.534635053463504,306,752,591.3333333333334,1.8474696475157923,8.784982619313837
0,0.0,4006976,3,15,10000,10.0,300,6.0,4302,7,3,4,2174,50.534635053463504,306,752,591.3333333333334,1.8474696475157923,8.784982619313837
0,0.0,4006976,3,15,15000,15.0,100,4.0,6558,13,5,8,3251,49.57304056114669,111,1127,629.2,1.559185018684745,8.058106834045194
0,0.0,4006976,3,15,15000,15.0,100,5.0,6558,13,5,8,3251,49.57304056114669,111,1127,629.2,1.559185018684745,8.058106834045194
0,0.0,4006976,3,15,15000,15.0,100,6.0,6558,13,5,8,3251,49.57304056114669,111,1127,629.2,1.559185018684745,8.058106834045194
0,0.0,4006976,3,15,15000,15.0,200,4.0,6558,13,4,9,3251,49.57304056114669,361,1127,758.75,1.7368626305096049,8.950478381637044
0,0.0,4006976,3,15,15000,15.0,200,5.0,6558,13,4,9,3251,49.57304056114669,361,1127,758.75,1.7368626305096049,8.950478381637044
0,0.0,4006976,3,15,15000,15.0,200,6.0,6558,13,4,9,3251,49.57304056114669,361,1127,758.75,1.7368626305096049,8.950478381637044
0,0.0,4006976,3,15,15000,15.0,300,4.0,6558,13,4,9,3251,49.57304056114669,361,1127,758.75,1.7368626305096049,8.950478381637044
0,0.0,4006976,3,15,15000,15.0,300,5.0,6558,13,4,9,3251,49.57304056114669,361,1127,758.75,1.7368626305096049,8.950478381637044
0,0.0,4006976,3,15,15000,15.0,300,6.0,6558,13,4,9,3251,49.57304056114669,361,1127,758.75,1.7368626305096049,8.950478381637044
0,0.0,4006976,3,15,20000,20.0,100,4.0,8391,29,5,24,3783,45.08401859134787,148,1495,821.6,1.572398502691086,8.280426862970248
0,0.0,4006976,3,15,20000,20.0,100,5.0,8391,29,5,24,3783,45.08401859134787,148,1495,821.6,1.572398502691086,8.280426862970248
0,0.0,4006976,3,15,20000,20.0,100,6.0,8391,29,5,24,3783,45.08401859134787,148,1495,821.6,1.572398502691086,8.280426862970248
0,0.0,4006976,3,15,20000,20.0,200,4.0,8391,29,4,25,3783,45.08401859134787,442,1495,990.0,1.7472133130612975,8.894072381698763
0,0.0,4006976,3,15,20000,20.0,200,5.0,8391,29,4,25,3783,45.08401859134787,442,1495,990.0,1.7472133130612975,8.894072381698763
0,0.0,4006976,3,15,20000,20.0,200,6.0,8391,29,4,25,3783,45.08401859134787,442,1495,990.0,1.7472133130612975,8.894072381698763
0,0.0,4006976,3,15,20000,20.0,300,4.0,8391,29,4,25,3783,45.08401859134787,442,1495,990.0,1.7472133130612975,8.894072381698763
0,0.0,4006976,3,15,20000,20.0,300,5.0,8391,29,4,25,3783,45.08401859134787,442,1495,990.0,1.7472133130612975,8.894072381698763
0,0.0,4006976,3,15,20000,20.0,300,6.0,8391,29,4,25,3783,45.08401859134787,442,1495,990.0,1.7472133130612975,8.894072381698763
0,0.0,4006976,4,5,5000,5.0,100,4.0,1985,44,4,40,654,32.9471032745592,126,379,255.0,1.7845882208827133,9.928827690027102
0,0.0,4006976,4,5,5000,5.0,100,5.0,1985,44,4,40,654,32.9471032745592,126,379,255.0,1.7845882208827133,9.928827690027102
0,0.0,4006976,4,5,5000,5.0,100,6.0,1985,44,4,40,654,32.9471032745592,126,379,255.0,1.7845882208827133,9.928827690027102
0,0.0,4006976,4,5,5000,5.0,200,4.0,1985,44,2,42,654,32.9471032745592,374,379,376.5,2.4620345250394737,9.909409651226307
0,0.0,4006976,4,5,5000,5.0,200,5.0,1985,44,2,42,654,32.9471032745592,374,379,376.5,2.4620345250394737,9.909409651226307
0,0.0,4006976,4,5,5000,5.0,200,6.0,1985,44,2,42,654,32.9471032745592,374,379,376.5,2.4620345250394737,9.909409651226307
0,0.0,4006976,4,5,5000,5.0,300,4.0,1985,44,2,42,654,32.9471032745592,374,379,376.5,2.4620345250394737,9.909409651226307
0,0.0,4006976,4,5,5000,5.0,300,5.0,1985,44,2,42,654,32.9471032745592,374,379,376.5,2.4620345250394737,9.909409651226307
0,0.0,4006976,4,5,5000,5.0,300,6.0,1985,44,2,42,654,32.9471032745592,374,379,376.5,2.4620345250394737,9.909409651226307
0,0.0,4006976,4,5,10000,10.0,100,4.0,4302,122,3,119,815,18.94467689446769,261,1529,698.6666666666666,1.836819489304916,20.021778698576927
0,0.0,4006976,4,5,10000,10.0,100,5.0,4302,122,3,119,815,18.94467689446769,261,1529,698.6666666666666,1.836819489304916,20.021778698576927
0,0.0,4006976,4,5,10000,10.0,100,6.0,4302,122,3,119,815,18.94467689446769,261,1529,698.6666666666666,1.836819489304916,20.021778698576927
0,0.0,4006976,4,5,10000,10.0,200,4.0,4302,122,3,119,815,18.94467689446769,261,1529,698.6666666666666,1.836819489304916,20.021778698576927
0,0.0,4006976,4,5,10000,10.0,200,5.0,4302,122,3,119,815,18.94467689446769,261,1529,698.6666666666666,1.836819489304916,20.021778698576927
0,0.0,4006976,4,5,10000,10.0,200,6.0,4302,122,3,119,815,18.94467689446769,261,1529,698.6666666666666,1.836819489304916,20.021778698576927
0,0.0,4006976,4,5,10000,10.0,300,4.0,4302,122,2,120,815,18.94467689446769,306,1529,917.5,2.096899586833843,24.51252991942497
0,0.0,4006976,4,5,10000,10.0,300,5.0,4302,122,2,120,815,18.94467689446769,306,1529,917.5,2.096899586833843,24.51252991942497
0,0.0,4006976,4,5,10000,10.0,300,6.0,4302,122,2,120,815,18.94467689446769,306,1529,917.5,2.096899586833843,24.51252991942497
0,0.0,4006976,4,5,15000,15.0,100,4.0,6558,164,4,160,623,9.499847514486124,111,2296,810.0,1.5919469403763147,15.885872548356591
0,0.0,4006976,4,5,15000,15.0,100,5.0,6558,164,4,160,623,9.499847514486124,111,2296,810.0,1.5919469403763147,15.885872548356591
0,0.0,4006976,4,5,15000,15.0,100,6.0,6558,164,4,160,623,9.499847514486124,111,2296,810.0,1.5919469403763147,15.885872548356591
0,0.0,4006976,4,5,15000,15.0,200,4.0,6558,164,3,161,623,9.499847514486124,379,2296,1043.0,1.839771063373318,19.684956516582858
0,0.0,4006976,4,5,15000,15.0,200,5.0,6558,164,3,161,623,9.499847514486124,379,2296,1043.0,1.839771063373318,19.684956516582858
0,0.0,4006976,4,5,15000,15.0,200,6.0,6558,164,3,161,623,9.499847514486124,379,2296,1043.0,1.839771063373318,19.684956516582858
0,0.0,4006976,4,5,15000,15.0,300,4.0,6558,164,3,161,623,9.499847514486124,379,2296,1043.0,1.839771063373318,19.684956516582858
0,0.0,4006976,4,5,15000,15.0,300,5.0,6558,164,3,161,623,9.499847514486124,379,2296,1043.0,1.839771063373318,19.684956516582858
0,0.0,4006976,4,5,15000,15.0,300,6.0,6558,164,3,161,623,9.499847514486124,379,2296,1043.0,1.839771063373318,19.684956516582858
0,0.0,4006976,4,5,20000,20.0,100,4.0,8391,165,4,161,472,5.625074484566798,148,3030,1053.75,1.6086455269770754,16.196000462355656
0,0.0,4006976,4,5,20000,20.0,100,5.0,8391,165,5,160,472,5.625074484566798,117,3030,866.4,2.2233940156381182,15.049384564786791
0,0.0,4006976,4,5,20000,20.0,100,6.0,8391,165,5,160,472,5.625074484566798,117,3030,866.4,2.2233940156381182,15.049384564786791
0,0.0,4006976,4,5,20000,20.0,200,4.0,8391,165,3,162,472,5.625074484566798,460,3030,1355.6666666666667,1.853814282232687,19.65271902045548
0,0.0,4006976,4,5,20000,20.0,200,5.0,8391,165,3,162,472,5.625074484566798,460,3030,1355.6666666666667,1.853814282232687,19.65271902045548
0,0.0,4006976,4,5,20000,20.0,200,6.0,8391,165,3,162,472,5.625074484566798,460,3030,1355.6666666666667,1.853814282232687,19.65271902045548
0,0.0,4006976,4,5,20000,20.0,300,4.0,8391,165,3,162,472,5.625074484566798,460,3030,1355.6666666666667,1.853814282232687,19.65271902045548
0,0.0,4006976,4,5,20000,20.0,300,5.0,8391,165,3,162,472,5.625074484566798,460,3030,1355.6666666666667,1.853814282232687,19.65271902045548
0,0.0,4006976,4,5,20000,20.0,300,6.0,8391,165,3,162,472,5.625074484566798,460,3030,1355.6666666666667,1.853814282232687,19.65271902045548
0,0.0,4006976,4,10,5000,5.0,100,4.0,1985,6,4,2,936,47.1536523929471,126,379,249.75,1.6522293628376117,9.260107269532263
0,0.0,4006976,4,10,5000,5.0,100,5.0,1985,6,4,2,936,47.1536523929471,126,379,249.75,1.6522293628376117,9.260107269532263
0,0.0,4006976,4,10,5000,5.0,100,6.0,1985,6,4,2,936,47.1536523929471,126,379,249.75,1.6522293628376117,9.260107269532263
0,0.0,4006976,4,10,5000,5.0,200,4.0,1985,6,2,4,936,47.1536523929471,353,379,366.0,2.19731680894927,8.571968810236628
0,0.0,4006976,4,10,5000,5.0,200,5.0,1985,6,2,4,936,47.1536523929471,353,379,366.0,2.19731680894927,8.571968810236628
0,0.0,4006976,4,10,5000,5.0,200,6.0,1985,6,2,4,936,47.1536523929471,353,379,366.0,2.19731680894927,8.571968810236628
0,0.0,4006976,4,10,5000,5.0,300,4.0,1985,6,2,4,936,47.1536523929471,353,379,366.0,2.19731680894927,8.571968810236628
0,0.0,4006976,4,10,5000,5.0,300,5.0,1985,6,2,4,936,47.1536523929471,353,379,366.0,2.19731680894927,8.571968810236628
0,0.0,4006976,4,10,5000,5.0,300,6.0,1985,6,2,4,936,47.1536523929471,353,379,366.0,2.19731680894927,8.571968810236628
0,0.0,4006976,4,10,10000,10.0,100,4.0,4302,32,4,28,1712,39.795443979544395,258,768,518.5,1.8278378672136306,9.681882797066809
0,0.0,4006976,4,10,10000,10.0,100,5.0,4302,32,4,28,1712,39.795443979544395,258,768,518.5,1.8278378672136306,9.681882797066809
0,0.0,4006976,4,10,10000,10.0,100,6.0,4302,32,4,28,1712,39.795443979544395,258,768,518.5,1.8278378672136306,9.681882797066809
0,0.0,4006976,4,10,10000,10.0,200,4.0,4302,32,4,28,1712,39.795443979544395,258,768,518.5,1.8278378672136306,9.681882797066809
0,0.0,4006976,4,10,10000,10.0,200,5.0,4302,32,4,28,1712,39.795443979544395,258,768,518.5,1.8278378672136306,9.681882797066809
0,0.0,4006976,4,10,10000,10.0,200,6.0,4302,32,4,28,1712,39.795443979544395,258,768,518.5,1.8278378672136306,9.681882797066809
0,0.0,4006976,4,10,10000,10.0,300,4.0,4302,32,3,29,1712,39.795443979544395,306,768,605.3333333333334,1.9957178169859437,9.313625769390713
0,0.0,4006976,4,10,10000,10.0,300,5.0,4302,32,3,29,1712,39.795443979544395,306,768,605.3333333333334,1.9957178169859437,9.313625769390713
0,0.0,4006976,4,10,10000,10.0,300,6.0,4302,32,3,29,1712,39.795443979544395,306,768,605.3333333333334,1.9957178169859437,9.313625769390713
0,0.0,4006976,4,10,15000,15.0,100,4.0,6558,68,4,64,2035,31.030802073802988,111,2296,809.75,1.5923692651430703,15.869103650078326
0,0.0,4006976,4,10,15000,15.0,100,5.0,6558,68,4,64,2035,31.030802073802988,111,2296,809.75,1.5923692651430703,15.869103650078326
0,0.0,4006976,4,10,15000,15.0,100,6.0,6558,68,4,64,2035,31.030802073802988,111,2296,809.75,1.5923692651430703,15.869103650078326
0,0.0,4006976,4,10,15000,15.0,200,4.0,6558,68,3,65,2035,31.030802073802988,378,2296,1042.6666666666667,1.8403341630623256,19.662597985545172
0,0.0,4006976,4,10,15000,15.0,200,5.0,6558,68,3,65,2035,31.030802073802988,378,2296,1042.6666666666667,1.8403341630623256,19.662597985545172
0,0.0,4006976,4,10,15000,15.0,200,6.0,6558,68,3,65,2035,31.030802073802988,378,2296,1042.6666666666667,1.8403341630623256,19.662597985545172
0,0.0,4006976,4,10,15000,15.0,300,4.0,6558,68,3,65,2035,31.030802073802988,378,2296,1042.6666666666667,1.8403341630623256,19.662597985545172
0,0.0,4006976,4,10,15000,15.0,300,5.0,6558,68,3,65,2035,31.030802073802988,378,2296,1042.6666666666667,1.8403341630623256,19.662597985545172
0,0.0,4006976,4,10,15000,15.0,300,6.0,6558,68,3,65,2035,31.030802073802988,378,2296,1042.6666666666667,1.8403341630623256,19.662597985545172
0,0.0,4006976,4,10,20000,20.0,100,4.0,8391,99,4,95,1927,22.96508163508521,148,3029,1053.25,1.609101339128218,16.183651936938116
0,0.0,4006976,4,10,20000,20.0,100,5.0,8391,99,4,95,1927,22.96508163508521,148,3029,1053.25,1.609101339128218,16.183651936938116
0,0.0,4006976,4,10,20000,20.0,100,6.0,8391,99,4,95,1927,22.96508163508521,148,3029,1053.25,1.609101339128218,16.183651936938116
0,0.0,4006976,4,10,20000,20.0,200,4.0,8391,99,3,96,1927,22.96508163508521,459,3029,1355.0,1.854422031767544,19.636254319898757
0,0.0,4006976,4,10,20000,20.0,200,5.0,8391,99,3,96,1927,22.96508163508521,459,3029,1355.0,1.854422031767544,19.636254319898757
0,0.0,4006976,4,10,20000,20.0,200,6.0,8391,99,3,96,1927,22.96508163508521,459,3029,1355.0,1.854422031767544,19.636254319898757
0,0.0,4006976,4,10,20000,20.0,300,4.0,8391,99,3,96,1927,22.96508163508521,459,3029,1355.0,1.854422031767544,19.636254319898757
0,0.0,4006976,4,10,20000,20.0,300,5.0,8391,99,3,96,1927,22.96508163508521,459,3029,1355.0,1.854422031767544,19.636254319898757
0,0.0,4006976,4,10,20000,20.0,300,6.0,8391,99,3,96,1927,22.96508163508521,459,3029,1355.0,1.854422031767544,19.636254319898757
0,0.0,4006976,4,15,5000,5.0,100,4.0,1985,6,3,3,948,47.758186397984886,140,378,290.3333333333333,1.7395040783976163,8.773224372498374
0,0.0,4006976,4,15,5000,5.0,100,5.0,1985,6,3,3,948,47.758186397984886,140,378,290.3333333333333,1.7395040783976163,8.773224372498374
0,0.0,4006976,4,15,5000,5.0,100,6.0,1985,6,3,3,948,47.758186397984886,140,378,290.3333333333333,1.7395040783976163,8.773224372498374
0,0.0,4006976,4,15,5000,5.0,200,4.0,1985,6,2,4,948,47.758186397984886,353,378,365.5,2.1936179311399626,8.542584361050011
0,0.0,4006976,4,15,5000,5.0,200,5.0,1985,6,2,4,948,47.758186397984886,353,378,365.5,2.1936179311399626,8.542584361050011
0,0.0,4006976,4,15,5000,5.0,200,6.0,1985,6,2,4,948,47.758186397984886,353,378,365.5,2.1936179311399626,8.542584361050011
0,0.0,4006976,4,15,5000,5.0,300,4.0,1985,6,2,4,948,47.758186397984886,353,378,365.5,2.1936179311399626,8.542584361050011
0,0.0,4006976,4,15,5000,5.0,300,5.0,1985,6,2,4,948,47.758186397984886,353,378,365.5,2.1936179311399626,8.542584361050011
0,0.0,4006976,4,15,5000,5.0,300,6.0,1985,6,2,4,948,47.758186397984886,353,378,365.5,2.1936179311399626,8.542584361050011
0,0.0,4006976,4,15,10000,10.0,100,4.0,4302,10,4,6,2096,48.721524872152486,256,758,510.75,1.7464650524671739,9.32017422915657
0,0.0,4006976,4,15,10000,10.0,100,5.0,4302,10,4,6,2096,48.721524872152486,256,758,510.75,1.7464650524671739,9.32017422915657
0,0.0,4006976,4,15,10000,10.0,100,6.0,4302,10,4,6,2096,48.721524872152486,256,758,510.75,1.7464650524671739,9.32017422915657
0,0.0,4006976,4,15,10000,10.0,200,4.0,4302,10,4,6,2096,48.721524872152486,256,758,510.75,1.7464650524671739,9.32017422915657
0,0.0,4006976,4,15,10000,10.0,200,5.0,4302,10,4,6,2096,48.721524872152486,256,758,510.75,1.7464650524671739,9.32017422915657
0,0.0,4006976,4,15,10000,10.0,200,6.0,4302,10,4,6,2096,48.721524872152486,256,758,510.75,1.7464650524671739,9.32017422915657
0,0.0,4006976,4,15,10000,10.0,300,4.0,4302,10,3,7,2096,48.721524872152486,306,758,595.6666666666666,1.8875557973158077,8.871625106117383
0,0.0,4006976,4,15,10000,10.0,300,5.0,4302,10,3,7,2096,48.721524872152486,306,758,595.6666666666666,1.8875557973158077,8.871625106117383
0,0.0,4006976,4,15,10000,10.0,300,6.0,4302,10,3,7,2096,48.721524872152486,306,758,595.6666666666666,1.8875557973158077,8.871625106117383
0,0.0,4006976,4,15,15000,15.0,100,4.0,6558,27,5,22,2877,43.87008234217749,111,1138,635.8,1.5894315217936028,8.239439346857882
0,0.0,4006976,4,15,15000,15.0,100,5.0,6558,27,5,22,2877,43.87008234217749,111,1138,635.8,1.5894315217936028,8.239439346857882
0,0.0,4006976,4,15,15000,15.0,100,6.0,6558,27,5,22,2877,43.87008234217749,111,1138,635.8,1.5894315217936028,8.239439346857882
0,0.0,4006976,4,15,15000,15.0,200,4.0,6558,27,4,23,2877,43.87008234217749,375,1138,767.0,1.7746707593956774,9.177144022652904
0,0.0,4006976,4,15,15000,15.0,200,5.0,6558,27,4,23,2877,43.87008234217749,375,1138,767.0,1.7746707593956774,9.177144022652904
0,0.0,4006976,4,15,15000,15.0,200,6.0,6558,27,4,23,2877,43.87008234217749,375,1138,767.0,1.7746707593956774,9.177144022652904
0,0.0,4006976,4,15,15000,15.0,300,4.0,6558,27,4,23,2877,43.87008234217749,375,1138,767.0,1.7746707593956774,9.177144022652904
0,0.0,4006976,4,15,15000,15.0,300,5.0,6558,27,4,23,2877,43.87008234217749,375,1138,767.0,1.7746707593956774,9.177144022652904
0,0.0,4006976,4,15,15000,15.0,300,6.0,6558,27,4,23,2877,43.87008234217749,375,1138,767.0,1.7746707593956774,9.177144022652904
0,0.0,4006976,4,15,20000,20.0,100,4.0,8391,45,5,40,3153,37.57597425813371,148,1557,842.6,1.6413119346507898,8.93005598804082
0,0.0,4006976,4,15,20000,20.0,100,5.0,8391,45,5,40,3153,37.57597425813371,148,1557,842.6,1.6413119346507898,8.93005598804082
0,0.0,4006976,4,15,20000,20.0,100,6.0,8391,45,5,40,3153,37.57597425813371,148,1557,842.6,1.6413119346507898,8.93005598804082
0,0.0,4006976,4,15,20000,20.0,200,4.0,8391,45,4,41,3153,37.57597425813371,459,1557,1016.25,1.8333551030109274,9.706108788036977
0,0.0,4006976,4,15,20000,20.0,200,5.0,8391,45,4,41,3153,37.57597425813371,459,1557,1016.25,1.8333551030109274,9.706108788036977
0,0.0,4006976,4,15,20000,20.0,200,6.0,8391,45,4,41,3153,37.57597425813371,459,1557,1016.25,1.8333551030109274,9.706108788036977
0,0.0,4006976,4,15,20000,20.0,300,4.0,8391,45,4,41,3153,37.57597425813371,459,1557,1016.25,1.8333551030109274,9.706108788036977
0,0.0,4006976,4,15,20000,20.0,300,5.0,8391,45,4,41,3153,37.57597425813371,459,1557,1016.25,1.8333551030109274,9.706108788036977
0,0.0,4006976,4,15,20000,20.0,300,6.0,8391,45,4,41,3153,37.57597425813371,459,1557,1016.25,1.8333551030109274,9.706108788036977
0,0.0,4006976,5,5,5000,5.0,100,4.0,1985,51,4,47,492,24.78589420654912,131,379,256.5,1.7932647256063494,10.108851871698477
0,0.0,4006976,5,5,5000,5.0,100,5.0,1985,51,4,47,492,24.78589420654912,131,379,256.5,1.7932647256063494,10.108851871698477
0,0.0,4006976,5,5,5000,5.0,100,6.0,1985,51,4,47,492,24.78589420654912,131,379,256.5,1.7932647256063494,10.108851871698477
0,0.0,4006976,5,5,5000,5.0,200,4.0,1985,51,2,49,492,24.78589420654912,375,379,377.0,2.4809792526721552,10.026544198563371
0,0.0,4006976,5,5,5000,5.0,200,5.0,1985,51,2,49,492,24.78589420654912,375,379,377.0,2.4809792526721552,10.026544198563371
0,0.0,4006976,5,5,5000,5.0,200,6.0,1985,51,2,49,492,24.78589420654912,375,379,377.0,2.4809792526721552,10.026544198563371
0,0.0,4006976,5,5,5000,5.0,300,4.0,1985,51,2,49,492,24.78589420654912,375,379,377.0,2.4809792526721552,10.026544198563371
0,0.0,4006976,5,5,5000,5.0,300,5.0,1985,51,2,49,492,24.78589420654912,375,379,377.0,2.4809792526721552,10.026544198563371
0,0.0,4006976,5,5,5000,5.0,300,6.0,1985,51,2,49,492,24.78589420654912,375,379,377.0,2.4809792526721552,10.026544198563371
0,0.0,4006976,5,5,10000,10.0,100,4.0,4302,104,3,101,390,9.06555090655509,262,1529,699.0,1.8359913407814528,20.067169436362892
0,0.0,4006976,5,5,10000,10.0,100,5.0,4302,104,3,101,390,9.06555090655509,262,1529,699.0,1.8359913407814528,20.067169436362892
0,0.0,4006976,5,5,10000,10.0,100,6.0,4302,104,3,101,390,9.06555090655509,262,1529,699.0,1.8359913407814528,20.067169436362892
0,0.0,4006976,5,5,10000,10.0,200,4.0,4302,104,3,101,390,9.06555090655509,262,1529,699.0,1.8359913407814528,20.067169436362892
0,0.0,4006976,5,5,10000,10.0,200,5.0,4302,104,3,101,390,9.06555090655509,262,1529,699.0,1.8359913407814528,20.067169436362892
0,0.0,4006976,5,5,10000,10.0,200,6.0,4302,104,3,101,390,9.06555090655509,262,1529,699.0,1.8359913407814528,20.067169436362892
0,0.0,4006976,5,5,10000,10.0,300,4.0,4302,104,2,102,390,9.06555090655509,306,1529,917.5,2.096899586833843,24.51252991942497
0,0.0,4006976,5,5,10000,10.0,300,5.0,4302,104,2,102,390,9.06555090655509,306,1529,917.5,2.096899586833843,24.51252991942497
0,0.0,4006976,5,5,10000,10.0,300,6.0,4302,104,2,102,390,9.06555090655509,306,1529,917.5,2.096899586833843,24.51252991942497
0,0.0,4006976,5,5,15000,15.0,100,4.0,6558,85,4,81,218,3.3241842025007626,111,2296,810.25,1.591526273031538,15.910974962939264
0,0.0,4006976,5,5,15000,15.0,100,5.0,6558,85,4,81,218,3.3241842025007626,111,2296,810.25,1.591526273031538,15.910974962939264
0,0.0,4006976,5,5,15000,15.0,100,6.0,6558,85,4,81,218,3.3241842025007626,111,2296,810.25,1.591526273031538,15.910974962939264
0,0.0,4006976,5,5,15000,15.0,200,4.0,6558,85,3,82,218,3.3241842025007626,380,2296,1043.3333333333333,1.8392101735802824,19.718426402693087
0,0.0,4006976,5,5,15000,15.0,200,5.0,6558,85,3,82,218,3.3241842025007626,380,2296,1043.3333333333333,1.8392101735802824,19.718426402693087
0,0.0,4006976,5,5,15000,15.0,200,6.0,6558,85,3,82,218,3.3241842025007626,380,2296,1043.3333333333333,1.8392101735802824,19.718426402693087
0,0.0,4006976,5,5,15000,15.0,300,4.0,6558,85,3,82,218,3.3241842025007626,380,2296,1043.3333333333333,1.8392101735802824,19.718426402693087
0,0.0,4006976,5,5,15000,15.0,300,5.0,6558,85,3,82,218,3.3241842025007626,380,2296,1043.3333333333333,1.8392101735802824,19.718426402693087
0,0.0,4006976,5,5,15000,15.0,300,6.0,6558,85,3,82,218,3.3241842025007626,380,2296,1043.3333333333333,1.8392101735802824,19.718426402693087
0,0.0,4006976,5,5,20000,20.0,100,4.0,8391,62,4,58,151,1.7995471338338695,148,3030,1054.0,1.6082813576288348,16.216780036902858
0,0.0,4006976,5,5,20000,20.0,100,5.0,8391,62,4,58,151,1.7995471338338695,148,3030,1054.0,1.6082813576288348,16.216780036902858
0,0.0,4006976,5,5,20000,20.0,100,6.0,8391,62,4,58,151,1.7995471338338695,148,3030,1054.0,1.6082813576288348,16.216780036902858
0,0.0,4006976,5,5,20000,20.0,200,4.0,8391,62,3,59,151,1.7995471338338695,461,3030,1356.0,1.8533287231016997,19.680425119851748
0,0.0,4006976,5,5,20000,20.0,200,5.0,8391,62,3,59,151,1.7995471338338695,461,3030,1356.0,1.8533287231016997,19.680425119851748
0,0.0,4006976,5,5,20000,20.0,200,6.0,8391,62,3,59,151,1.7995471338338695,461,3030,1356.0,1.8533287231016997,19.680425119851748
0,0.0,4006976,5,5,20000,20.0,300,4.0,8391,62,3,59,151,1.7995471338338695,461,3030,1356.0,1.8533287231016997,19.680425119851748
0,0.0,4006976,5,5,20000,20.0,300,5.0,8391,62,3,59,151,1.7995471338338695,461,3030,1356.0,1.8533287231016997,19.680425119851748
0,0.0,4006976,5,5,20000,20.0,300,6.0,8391,62,3,59,151,1.7995471338338695,461,3030,1356.0,1.8533287231016997,19.680425119851748
0,0.0,4006976,5,10,5000,5.0,100,4.0,1985,11,4,7,872,43.92947103274559,130,379,252.0,1.69109807478168,9.398667440613007
0,0.0,4006976,5,10,5000,5.0,100,5.0,1985,11,4,7,872,43.92947103274559,130,379,252.0,1.69109807478168,9.398667440613007
0,0.0,4006976,5,10,5000,5.0,100,6.0,1985,11,4,7,872,43.92947103274559,130,379,252.0,1.69109807478168,9.398667440613007
0,0.0,4006976,5,10,5000,5.0,200,4.0,1985,11,2,9,872,43.92947103274559,358,379,368.5,2.2740322924064262,8.676455767737558
0,0.0,4006976,5,10,5000,5.0,200,5.0,1985,11,2,9,872,43.92947103274559,358,379,368.5,2.2740322924064262,8.676455767737558
0,0.0,4006976,5,10,5000,5.0,200,6.0,1985,11,2,9,872,43.92947103274559,358,379,368.5,2.2740322924064262,8.676455767737558
0,0.0,4006976,5,10,5000,5.0,300,4.0,1985,11,2,9,872,43.92947103274559,358,379,368.5,2.2740322924064262,8.676455767737558
0,0.0,4006976,5,10,5000,5.0,300,5.0,1985,11,2,9,872,43.92947103274559,358,379,368.5,2.2740322924064262,8.676455767737558
0,0.0,4006976,5,10,5000,5.0,300,6.0,1985,11,2,9,872,43.92947103274559,358,379,368.5,2.2740322924064262,8.676455767737558
0,0.0,4006976,5,10,10000,10.0,100,4.0,4302,46,3,43,1259,29.265457926545793,261,1529,698.6666666666666,1.836819489304916,20.021778698576927
0,0.0,4006976,5,10,10000,10.0,100,5.0,4302,46,3,43,1259,29.265457926545793,261,1529,698.6666666666666,1.836819489304916,20.021778698576927
0,0.0,4006976,5,10,10000,10.0,100,6.0,4302,46,3,43,1259,29.265457926545793,261,1529,698.6666666666666,1.836819489304916,20.021778698576927
0,0.0,4006976,5,10,10000,10.0,200,4.0,4302,46,3,43,1259,29.265457926545793,261,1529,698.6666666666666,1.836819489304916,20.021778698576927
0,0.0,4006976,5,10,10000,10.0,200,5.0,4302,46,3,43,1259,29.265457926545793,261,1529,698.6666666666666,1.836819489304916,20.021778698576927
0,0.0,4006976,5,10,10000,10.0,200,6.0,4302,46,3,43,1259,29.265457926545793,261,1529,698.6666666666666,1.836819489304916,20.021778698576927
0,0.0,4006976,5,10,10000,10.0,300,4.0,4302,46,2,44,1259,29.265457926545793,306,1529,917.5,2.096899586833843,24.51252991942497
0,0.0,4006976,5,10,10000,10.0,300,5.0,4302,46,2,44,1259,29.265457926545793,306,1529,917.5,2.096899586833843,24.51252991942497
0,0.0,4006976,5,10,10000,10.0,300,6.0,4302,46,2,44,1259,29.265457926545793,306,1529,917.5,2.096899586833843,24.51252991942497
0,0.0,4006976,5,10,15000,15.0,100,4.0,6558,71,4,67,1226,18.694724001219885,111,2296,810.0,1.5919469403763147,15.885872548356591
0,0.0,4006976,5,10,15000,15.0,100,5.0,6558,71,4,67,1226,18.694724001219885,111,2296,810.0,1.5919469403763147,15.885872548356591
0,0.0,4006976,5,10,15000,15.0,100,6.0,6558,71,4,67,1226,18.694724001219885,111,2296,810.0,1.5919469403763147,15.885872548356591
0,0.0,4006976,5,10,15000,15.0,200,4.0,6558,71,3,68,1226,18.694724001219885,379,2296,1043.0,1.839771063373318,19.684956516582858
0,0.0,4006976,5,10,15000,15.0,200,5.0,6558,71,3,68,1226,18.694724001219885,379,2296,1043.0,1.839771063373318,19.684956516582858
0,0.0,4006976,5,10,15000,15.0,200,6.0,6558,71,3,68,1226,18.694724001219885,379,2296,1043.0,1.839771063373318,19.684956516582858
0,0.0,4006976,5,10,15000,15.0,300,4.0,6558,71,3,68,1226,18.694724001219885,379,2296,1043.0,1.839771063373318,19.684956516582858
0,0.0,4006976,5,10,15000,15.0,300,5.0,6558,71,3,68,1226,18.694724001219885,379,2296,1043.0,1.839771063373318,19.684956516582858
0,0.0,4006976,5,10,15000,15.0,300,6.0,6558,71,3,68,1226,18.694724001219885,379,2296,1043.0,1.839771063373318,19.684956516582858
0,0.0,4006976,5,10,20000,20.0,100,4.0,8391,76,4,72,943,11.238231438445954,148,3030,1053.75,1.6086455269770754,16.196000462355656
0,0.0,4006976,5,10,20000,20.0,100,5.0,8391,76,4,72,943,11.238231438445954,148,3030,1053.75,1.6086455269770754,16.196000462355656
0,0.0,4006976,5,10,20000,20.0,100,6.0,8391,76,6,70,943,11.238231438445954,107,3030,740.3333333333334,2.7860209154157745,13.912062596954208
0,0.0,4006976,5,10,20000,20.0,200,4.0,8391,76,3,73,943,11.238231438445954,460,3030,1355.6666666666667,1.853814282232687,19.65271902045548
0,0.0,4006976,5,10,20000,20.0,200,5.0,8391,76,3,73,943,11.238231438445954,460,3030,1355.6666666666667,1.853814282232687,19.65271902045548
0,0.0,4006976,5,10,20000,20.0,200,6.0,8391,76,3,73,943,11.238231438445954,460,3030,1355.6666666666667,1.853814282232687,19.65271902045548
0,0.0,4006976,5,10,20000,20.0,300,4.0,8391,76,3,73,943,11.238231438445954,460,3030,1355.6666666666667,1.853814282232687,19.65271902045548
0,0.0,4006976,5,10,20000,20.0,300,5.0,8391,76,3,73,943,11.238231438445954,460,3030,1355.6666666666667,1.853814282232687,19.65271902045548
0,0.0,4006976,5,10,20000,20.0,300,6.0,8391,76,3,73,943,11.238231438445954,460,3030,1355.6666666666667,1.853814282232687,19.65271902045548
0,0.0,4006976,5,15,5000,5.0,100,4.0,1985,5,4,1,938,47.2544080604534,129,379,251.75,1.6900572949152841,9.373473704754026
0,0.0,4006976,5,15,5000,5.0,100,5.0,1985,5,4,1,938,47.2544080604534,129,379,251.75,1.6900572949152841,9.373473704754026
0,0.0,4006976,5,15,5000,5.0,100,6.0,1985,5,4,1,938,47.2544080604534,129,379,251.75,1.6900572949152841,9.373473704754026
0,0.0,4006976,5,15,5000,5.0,200,4.0,1985,5,2,3,938,47.2544080604534,358,379,368.5,2.2740322924064262,8.676455767737558
0,0.0,4006976,5,15,5000,5.0,200,5.0,1985,5,2,3,938,47.2544080604534,358,379,368.5,2.2740322924064262,8.676455767737558
0,0.0,4006976,5,15,5000,5.0,200,6.0,1985,5,2,3,938,47.2544080604534,358,379,368.5,2.2740322924064262,8.676455767737558
0,0.0,4006976,5,15,5000,5.0,300,4.0,1985,5,2,3,938,47.2544080604534,358,379,368.5,2.2740322924064262,8.676455767737558
0,0.0,4006976,5,15,5000,5.0,300,5.0,1985,5,2,3,938,47.2544080604534,358,379,368.5,2.2740322924064262,8.676455767737558
0,0.0,4006976,5,15,5000,5.0,300,6.0,1985,5,2,3,938,47.2544080604534,358,379,368.5,2.2740322924064262,8.676455767737558
0,0.0,4006976,5,15,10000,10.0,100,4.0,4302,20,4,16,1835,42.654579265457926,258,765,514.75,1.7792996767267966,9.47770500634181
0,0.0,4006976,5,15,10000,10.0,100,5.0,4302,20,4,16,1835,42.654579265457926,258,765,514.75,1.7792996767267966,9.47770500634181
0,0.0,4006976,5,15,10000,10.0,100,6.0,4302,20,4,16,1835,42.654579265457926,258,765,514.75,1.7792996767267966,9.47770500634181
0,0.0,4006976,5,15,10000,10.0,200,4.0,4302,20,4,16,1835,42.654579265457926,258,765,514.75,1.7792996767267966,9.47770500634181
0,0.0,4006976,5,15,10000,10.0,200,5.0,4302,20,4,16,1835,42.654579265457926,258,765,514.75,1.7792996767267966,9.47770500634181
0,0.0,4006976,5,15,10000,10.0,200,6.0,4302,20,4,16,1835,42.654579265457926,258,765,514.75,1.7792996767267966,9.47770500634181
0,0.0,4006976,5,15,10000,10.0,300,4.0,4302,20,3,17,1835,42.654579265457926,306,765,600.3333333333334,1.931000229670165,9.041388715090713
0,0.0,4006976,5,15,10000,10.0,300,5.0,4302,20,3,17,1835,42.654579265457926,306,765,600.3333333333334,1.931000229670165,9.041388715090713
0,0.0,4006976,5,15,10000,10.0,300,6.0,4302,20,3,17,1835,42.654579265457926,306,765,600.3333333333334,1.931000229670165,9.041388715090713
0,0.0,4006976,5,15,15000,15.0,100,4.0,6558,44,4,40,2103,32.06770356816102,111,2296,810.0,1.5919469403763147,15.885872548356591
0,0.0,4006976,5,15,15000,15.0,100,5.0,6558,44,4,40,2103,32.06770356816102,111,2296,810.0,1.5919469403763147,15.885872548356591
0,0.0,4006976,5,15,15000,15.0,100,6.0,6558,44,4,40,2103,32.06770356816102,111,2296,810.0,1.5919469403763147,15.885872548356591
0,0.0,4006976,5,15,15000,15.0,200,4.0,6558,44,3,41,2103,32.06770356816102,379,2296,1043.0,1.839771063373318,19.684956516582858
0,0.0,4006976,5,15,15000,15.0,200,5.0,6558,44,3,41,2103,32.06770356816102,379,2296,1043.0,1.839771063373318,19.684956516582858
0,0.0,4006976,5,15,15000,15.0,200,6.0,6558,44,3,41,2103,32.06770356816102,379,2296,1043.0,1.839771063373318,19.684956516582858
0,0.0,4006976,5,15,15000,15.0,300,4.0,6558,44,3,41,2103,32.06770356816102,379,2296,1043.0,1.839771063373318,19.684956516582858
0,0.0,4006976,5,15,15000,15.0,300,5.0,6558,44,3,41,2103,32.06770356816102,379,2296,1043.0,1.839771063373318,19.684956516582858
0,0.0,4006976,5,15,15000,15.0,300,6.0,6558,44,3,41,2103,32.06770356816102,379,2296,1043.0,1.839771063373318,19.684956516582858
0,0.0,4006976,5,15,20000,20.0,100,4.0,8391,63,4,59,2013,23.98998927422238,148,3029,1053.5,1.6087359818424571,16.197506075470585
0,0.0,4006976,5,15,20000,20.0,100,5.0,8391,63,4,59,2013,23.98998927422238,148,3029,1053.5,1.6087359818424571,16.197506075470585
0,0.0,4006976,5,15,20000,20.0,100,6.0,8391,63,4,59,2013,23.98998927422238,148,3029,1053.5,1.6087359818424571,16.197506075470585
0,0.0,4006976,5,15,20000,20.0,200,4.0,8391,63,3,60,2013,23.98998927422238,460,3029,1355.3333333333333,1.8539348887198628,19.654726504608718
0,0.0,4006976,5,15,20000,20.0,200,5.0,8391,63,3,60,2013,23.98998927422238,460,3029,1355.3333333333333,1.8539348887198628,19.654726504608718
0,0.0,4006976,5,15,20000,20.0,200,6.0,8391,63,3,60,2013,23.98998927422238,460,3029,1355.3333333333333,1.8539348887198628,19.654726504608718
0,0.0,4006976,5,15,20000,20.0,300,4.0,8391,63,3,60,2013,23.98998927422238,460,3029,1355.3333333333333,1.8539348887198628,19.654726504608718
0,0.0,4006976,5,15,20000,20.0,300,5.0,8391,63,3,60,2013,23.98998927422238,460,3029,1355.3333333333333,1.8539348887198628,19.654726504608718
0,0.0,4006976,5,15,20000,20.0,300,6.0,8391,63,3,60,2013,23.98998927422238,460,3029,1355.3333333333333,1.8539348887198628,19.654726504608718
1,4.444,4011420,2,5,5000,5.0,100,4.0,2322,22,4,18,1162,50.04306632213609,119,373,251.75,1.752441865674083,8.78217557347662
1,4.444,4011420,2,5,5000,5.0,100,5.0,2322,22,4,18,1162,50.04306632213609,119,373,251.75,1.752441865674083,8.78217557347662
1,4.444,4011420,2,5,5000,5.0,100,6.0,2322,22,4,18,1162,50.04306632213609,119,373,251.75,1.752441865674083,8.78217557347662
1,4.444,4011420,2,5,5000,5.0,200,4.0,2322,22,2,20,1162,50.04306632213609,355,373,364.0,2.3116503070818353,8.341584045755486
1,4.444,4011420,2,5,5000,5.0,200,5.0,2322,22,2,20,1162,50.04306632213609,355,373,364.0,2.3116503070818353,8.341584045755486
1,4.444,4011420,2,5,5000,5.0,200,6.0,2322,22,2,20,1162,50.04306632213609,355,373,364.0,2.3116503070818353,8.341584045755486
1,4.444,4011420,2,5,5000,5.0,300,4.0,2322,22,2,20,1162,50.04306632213609,355,373,364.0,2.3116503070818353,8.341584045755486
1,4.444,4011420,2,5,5000,5.0,300,5.0,2322,22,2,20,1162,50.04306632213609,355,373,364.0,2.3116503070818353,8.341584045755486
1,4.444,4011420,2,5,5000,5.0,300,6.0,2322,22,2,20,1162,50.04306632213609,355,373,364.0,2.3116503070818353,8.341584045755486
1,4.444,4011420,2,5,10000,10.0,100,4.0,4559,96,4,92,1775,38.933976749287126,214,757,499.75,1.7588713445798672,8.489551356539405
1,4.444,4011420,2,5,10000,10.0,100,5.0,4559,96,4,92,1775,38.933976749287126,214,757,499.75,1.7588713445798672,8.489551356539405
1,4.444,4011420,2,5,10000,10.0,100,6.0,4559,96,4,92,1775,38.933976749287126,214,757,499.75,1.7588713445798672,8.489551356539405
1,4.444,4011420,2,5,10000,10.0,200,4.0,4559,96,4,92,1775,38.933976749287126,214,757,499.75,1.7588713445798672,8.489551356539405
1,4.444,4011420,2,5,10000,10.0,200,5.0,4559,96,4,92,1775,38.933976749287126,214,757,499.75,1.7588713445798672,8.489551356539405
1,4.444,4011420,2,5,10000,10.0,200,6.0,4559,96,4,92,1775,38.933976749287126,214,757,499.75,1.7588713445798672,8.489551356539405
1,4.444,4011420,2,5,10000,10.0,300,4.0,4559,96,2,94,1775,38.933976749287126,731,757,744.0,2.358761052892009,8.555576226591135
1,4.444,4011420,2,5,10000,10.0,300,5.0,4559,96,2,94,1775,38.933976749287126,731,757,744.0,2.358761052892009,8.555576226591135
1,4.444,4011420,2,5,10000,10.0,300,6.0,4559,96,2,94,1775,38.933976749287126,731,757,744.0,2.358761052892009,8.555576226591135
1,4.444,4011420,2,5,15000,15.0,100,4.0,6441,177,5,172,1933,30.01086787765875,110,1153,616.4,1.6650557055038129,8.16968475321057
1,4.444,4011420,2,5,15000,15.0,100,5.0,6441,177,5,172,1933,30.01086787765875,110,1153,616.4,1.6650557055038129,8.16968475321057
1,4.444,4011420,2,5,15000,15.0,100,6.0,6441,177,5,172,1933,30.01086787765875,110,1153,616.4,1.6650557055038129,8.16968475321057
1,4.444,4011420,2,5,15000,15.0,200,4.0,6441,177,4,173,1933,30.01086787765875,309,1153,743.0,1.8672002552740592,9.12307109320649
1,4.444,4011420,2,5,15000,15.0,200,5.0,6441,177,4,173,1933,30.01086787765875,309,1153,743.0,1.8672002552740592,9.12307109320649
1,4.444,4011420,2,5,15000,15.0,200,6.0,6441,177,4,173,1933,30.01086787765875,309,1153,743.0,1.8672002552740592,9.12307109320649
1,4.444,4011420,2,5,15000,15.0,300,4.0,6441,177,4,173,1933,30.01086787765875,309,1153,743.0,1.8672002552740592,9.12307109320649
1,4.444,4011420,2,5,15000,15.0,300,5.0,6441,177,4,173,1933,30.01086787765875,309,1153,743.0,1.8672002552740592,9.12307109320649
1,4.444,4011420,2,5,15000,15.0,300,6.0,6441,177,4,173,1933,30.01086787765875,309,1153,743.0,1.8672002552740592,9.12307109320649
1,4.444,4011420,2,5,20000,20.0,100,4.0,8195,221,5,216,2051,25.027455765710798,142,1519,818.8,1.6350492110646084,8.436940240497654
1,4.444,4011420,2,5,20000,20.0,100,5.0,8195,221,5,216,2051,25.027455765710798,142,1519,818.8,1.6350492110646084,8.436940240497654
1,4.444,4011420,2,5,20000,20.0,100,6.0,8195,221,5,216,2051,25.027455765710798,142,1519,818.8,1.6350492110646084,8.436940240497654
1,4.444,4011420,2,5,20000,20.0,200,4.0,8195,221,4,217,2051,25.027455765710798,424,1519,988.0,1.823487716028975,9.14860176469072
1,4.444,4011420,2,5,20000,20.0,200,5.0,8195,221,4,217,2051,25.027455765710798,424,1519,988.0,1.823487716028975,9.14860176469072
1,4.444,4011420,2,5,20000,20.0,200,6.0,8195,221,4,217,2051,25.027455765710798,424,1519,988.0,1.823487716028975,9.14860176469072
1,4.444,4011420,2,5,20000,20.0,300,4.0,8195,221,4,217,2051,25.027455765710798,424,1519,988.0,1.823487716028975,9.14860176469072
1,4.444,4011420,2,5,20000,20.0,300,5.0,8195,221,4,217,2051,25.027455765710798,424,1519,988.0,1.823487716028975,9.14860176469072
1,4.444,4011420,2,5,20000,20.0,300,6.0,8195,221,4,217,2051,25.027455765710798,424,1519,988.0,1.823487716028975,9.14860176469072
1,4.444,4011420,2,10,5000,5.0,100,4.0,2322,10,3,7,1335,57.49354005167959,138,345,269.3333333333333,1.8715792825300275,7.142249893293434
1,4.444,4011420,2,10,5000,5.0,100,5.0,2322,10,3,7,1335,57.49354005167959,138,345,269.3333333333333,1.8715792825300275,7.142249893293434
1,4.444,4011420,2,10,5000,5.0,100,6.0,2322,10,3,7,1335,57.49354005167959,138,345,269.3333333333333,1.8715792825300275,7.142249893293434
1,4.444,4011420,2,10,5000,5.0,200,4.0,2322,10,2,8,1335,57.49354005167959,325,345,335.0,2.1900112156528633,7.416199733261712
1,4.444,4011420,2,10,5000,5.0,200,5.0,2322,10,2,8,1335,57.49354005167959,325,345,335.0,2.1900112156528633,7.416199733261712
1,4.444,4011420,2,10,5000,5.0,200,6.0,2322,10,2,8,1335,57.49354005167959,325,345,335.0,2.1900112156528633,7.416199733261712
1,4.444,4011420,2,10,5000,5.0,300,4.0,2322,10,2,8,1335,57.49354005167959,325,345,335.0,2.1900112156528633,7.416199733261712
1,4.444,4011420,2,10,5000,5.0,300,5.0,2322,10,2,8,1335,57.49354005167959,325,345,335.0,2.1900112156528633,7.416199733261712
1,4.444,4011420,2,10,5000,5.0,300,6.0,2322,10,2,8,1335,57.49354005167959,325,345,335.0,2.1900112156528633,7.416199733261712
1,4.444,4011420,2,10,10000,10.0,100,4.0,4559,6,4,2,2505,54.94626014476859,213,744,493.25,1.7068175465353574,8.314517601183049
1,4.444,4011420,2,10,10000,10.0,100,5.0,4559,6,4,2,2505,54.94626014476859,213,744,493.25,1.7068175465353574,8.314517601183049
1,4.444,4011420,2,10,10000,10.0,100,6.0,4559,6,4,2,2505,54.94626014476859,213,744,493.25,1.7068175465353574,8.314517601183049
1,4.444,4011420,2,10,10000,10.0,200,4.0,4559,6,4,2,2505,54.94626014476859,213,744,493.25,1.7068175465353574,8.314517601183049
1,4.444,4011420,2,10,10000,10.0,200,5.0,4559,6,4,2,2505,54.94626014476859,213,744,493.25,1.7068175465353574,8.314517601183049
1,4.444,4011420,2,10,10000,10.0,200,6.0,4559,6,4,2,2505,54.94626014476859,213,744,493.25,1.7068175465353574,8.314517601183049
1,4.444,4011420,2,10,10000,10.0,300,4.0,4559,6,2,4,2505,54.94626014476859,724,744,734.0,2.28479449387445,8.364149220750928
1,4.444,4011420,2,10,10000,10.0,300,5.0,4559,6,2,4,2505,54.94626014476859,724,744,734.0,2.28479449387445,8.364149220750928
1,4.444,4011420,2,10,10000,10.0,300,6.0,4559,6,2,4,2505,54.94626014476859,724,744,734.0,2.28479449387445,8.364149220750928
1,4.444,4011420,2,10,15000,15.0,100,4.0,6441,16,5,11,3281,50.93929514050613,109,1121,601.6,1.5492372384405642,7.790670885516171
1,4.444,4011420,2,10,15000,15.0,100,5.0,6441,16,5,11,3281,50.93929514050613,109,1121,601.6,1.5492372384405642,7.790670885516171
1,4.444,4011420,2,10,15000,15.0,100,6.0,6441,16,5,11,3281,50.93929514050613,109,1121,601.6,1.5492372384405642,7.790670885516171
1,4.444,4011420,2,10,15000,15.0,200,4.0,6441,16,4,12,3281,50.93929514050613,302,1121,724.75,1.7275161372238346,8.66826710188278
1,4.444,4011420,2,10,15000,15.0,200,5.0,6441,16,4,12,3281,50.93929514050613,302,1121,724.75,1.7275161372238346,8.66826710188278
1,4.444,4011420,2,10,15000,15.0,200,6.0,6441,16,4,12,3281,50.93929514050613,302,1121,724.75,1.7275161372238346,8.66826710188278
1,4.444,4011420,2,10,15000,15.0,300,4.0,6441,16,4,12,3281,50.93929514050613,302,1121,724.75,1.7275161372238346,8.66826710188278
1,4.444,4011420,2,10,15000,15.0,300,5.0,6441,16,4,12,3281,50.93929514050613,302,1121,724.75,1.7275161372238346,8.66826710188278
1,4.444,4011420,2,10,15000,15.0,300,6.0,6441,16,4,12,3281,50.93929514050613,302,1121,724.75,1.7275161372238346,8.66826710188278
1,4.444,4011420,2,10,20000,20.0,100,4.0,8195,31,5,26,3773,46.04026845637584,141,1487,803.6,1.5402282740669713,8.127671713960414
1,4.444,4011420,2,10,20000,20.0,100,5.0,8195,31,5,26,3773,46.04026845637584,141,1487,803.6,1.5402282740669713,8.127671713960414
1,4.444,4011420,2,10,20000,20.0,100,6.0,8195,31,5,26,3773,46.04026845637584,141,1487,803.6,1.5402282740669713,8.127671713960414
1,4.444,4011420,2,10,20000,20.0,200,4.0,8195,31,4,27,3773,46.04026845637584,417,1487,969.25,1.7094679801056583,8.778696962212006
1,4.444,4011420,2,10,20000,20.0,200,5.0,8195,31,4,27,3773,46.04026845637584,417,1487,969.25,1.7094679801056583,8.778696962212006
1,4.444,4011420,2,10,20000,20.0,200,6.0,8195,31,4,27,3773,46.04026845637584,417,1487,969.25,1.7094679801056583,8.778696962212006
1,4.444,4011420,2,10,20000,20.0,300,4.0,8195,31,4,27,3773,46.04026845637584,417,1487,969.25,1.7094679801056583,8.778696962212006
1,4.444,4011420,2,10,20000,20.0,300,5.0,8195,31,4,27,3773,46.04026845637584,417,1487,969.25,1.7094679801056583,8.778696962212006
1,4.444,4011420,2,10,20000,20.0,300,6.0,8195,31,4,27,3773,46.04026845637584,417,1487,969.25,1.7094679801056583,8.778696962212006
1,4.444,4011420,2,15,5000,5.0,100,4.0,2322,7,3,4,1459,62.833763996554694,115,325,248.0,1.8592926754549175,6.033326631816606
1,4.444,4011420,2,15,5000,5.0,100,5.0,2322,7,3,4,1459,62.833763996554694,115,325,248.0,1.8592926754549175,6.033326631816606
1,4.444,4011420,2,15,5000,5.0,100,6.0,2322,7,3,4,1459,62.833763996554694,115,325,248.0,1.8592926754549175,6.033326631816606
1,4.444,4011420,2,15,5000,5.0,200,4.0,2322,7,2,5,1459,62.833763996554694,304,325,314.5,2.1600202963652118,6.522350673133404
1,4.444,4011420,2,15,5000,5.0,200,5.0,2322,7,2,5,1459,62.833763996554694,304,325,314.5,2.1600202963652118,6.522350673133404
1,4.444,4011420,2,15,5000,5.0,200,6.0,2322,7,2,5,1459,62.833763996554694,304,325,314.5,2.1600202963652118,6.522350673133404
1,4.444,4011420,2,15,5000,5.0,300,4.0,2322,7,2,5,1459,62.833763996554694,304,325,314.5,2.1600202963652118,6.522350673133404
1,4.444,4011420,2,15,5000,5.0,300,5.0,2322,7,2,5,1459,62.833763996554694,304,325,314.5,2.1600202963652118,6.522350673133404
1,4.444,4011420,2,15,5000,5.0,300,6.0,2322,7,2,5,1459,62.833763996554694,304,325,314.5,2.1600202963652118,6.522350673133404
1,4.444,4011420,2,15,10000,10.0,100,4.0,4559,7,4,3,2558,56.10879578855012,139,737,463.25,1.6477773463356564,7.078826432926719
1,4.444,4011420,2,15,10000,10.0,100,5.0,4559,7,4,3,2558,56.10879578855012,139,737,463.25,1.6477773463356564,7.078826432926719
1,4.444,4011420,2,15,10000,10.0,100,6.0,4559,7,4,3,2558,56.10879578855012,139,737,463.25,1.6477773463356564,7.078826432926719
1,4.444,4011420,2,15,10000,10.0,200,4.0,4559,7,3,4,2558,56.10879578855012,267,737,571.3333333333334,1.8765178153232516,7.562853377690016
1,4.444,4011420,2,15,10000,10.0,200,5.0,4559,7,3,4,2558,56.10879578855012,267,737,571.3333333333334,1.8765178153232516,7.562853377690016
1,4.444,4011420,2,15,10000,10.0,200,6.0,4559,7,3,4,2558,56.10879578855012,267,737,571.3333333333334,1.8765178153232516,7.562853377690016
1,4.444,4011420,2,15,10000,10.0,300,4.0,4559,7,2,5,2558,56.10879578855012,710,737,723.5,2.255299618370069,8.139710962868214
1,4.444,4011420,2,15,10000,10.0,300,5.0,4559,7,2,5,2558,56.10879578855012,710,737,723.5,2.255299618370069,8.139710962868214
1,4.444,4011420,2,15,10000,10.0,300,6.0,4559,7,2,5,2558,56.10879578855012,710,737,723.5,2.255299618370069,8.139710962868214
1,4.444,4011420,2,15,15000,15.0,100,4.0,6441,6,5,1,3434,53.314702685918334,109,1115,598.0,1.5333940749072659,7.716365642693431
1,4.444,4011420,2,15,15000,15.0,100,5.0,6441,6,5,1,3434,53.314702685918334,109,1115,598.0,1.5333940749072659,7.716365642693431
1,4.444,4011420,2,15,15000,15.0,100,6.0,6441,6,5,1,3434,53.314702685918334,109,1115,598.0,1.5333940749072659,7.716365642693431
1,4.444,4011420,2,15,15000,15.0,200,4.0,6441,6,4,2,3434,53.314702685918334,301,1115,720.25,1.7077121828072117,8.575385548354355
1,4.444,4011420,2,15,15000,15.0,200,5.0,6441,6,4,2,3434,53.314702685918334,301,1115,720.25,1.7077121828072117,8.575385548354355
1,4.444,4011420,2,15,15000,15.0,200,6.0,6441,6,4,2,3434,53.314702685918334,301,1115,720.25,1.7077121828072117,8.575385548354355
1,4.444,4011420,2,15,15000,15.0,300,4.0,6441,6,4,2,3434,53.314702685918334,301,1115,720.25,1.7077121828072117,8.575385548354355
1,4.444,4011420,2,15,15000,15.0,300,5.0,6441,6,4,2,3434,53.314702685918334,301,1115,720.25,1.7077121828072117,8.575385548354355
1,4.444,4011420,2,15,15000,15.0,300,6.0,6441,6,4,2,3434,53.314702685918334,301,1115,720.25,1.7077121828072117,8.575385548354355
1,4.444,4011420,2,15,20000,20.0,100,4.0,8195,8,5,3,4138,50.494203782794386,141,1484,802.0,1.5306424877488793,8.11797406737248
1,4.444,4011420,2,15,20000,20.0,100,5.0,8195,8,5,3,4138,50.494203782794386,141,1484,802.0,1.5306424877488793,8.11797406737248
1,4.444,4011420,2,15,20000,20.0,100,6.0,8195,8,5,3,4138,50.494203782794386,141,1484,802.0,1.5306424877488793,8.11797406737248
1,4.444,4011420,2,15,20000,20.0,200,4.0,8195,8,4,4,4138,50.494203782794386,416,1484,967.25,1.6974857472080433,8.766574903977087
1,4.444,4011420,2,15,20000,20.0,200,5.0,8195,8,4,4,4138,50.494203782794386,416,1484,967.25,1.6974857472080433,8.766574903977087
1,4.444,4011420,2,15,20000,20.0,200,6.0,8195,8,4,4,4138,50.494203782794386,416,1484,967.25,1.6974857472080433,8.766574903977087
1,4.444,4011420,2,15,20000,20.0,300,4.0,8195,8,4,4,4138,50.494203782794386,416,1484,967.25,1.6974857472080433,8.766574903977087
1,4.444,4011420,2,15,20000,20.0,300,5.0,8195,8,4,4,4138,50.494203782794386,416,1484,967.25,1.6974857472080433,8.766574903977087
1,4.444,4011420,2,15,20000,20.0,300,6.0,8195,8,4,4,4138,50.494203782794386,416,1484,967.25,1.6974857472080433,8.766574903977087
1,4.444,4011420,3,5,5000,5.0,100,4.0,2322,44,4,40,978,42.11886304909561,119,383,255.0,1.7914823655513972,8.929938585130563
1,4.444,4011420,3,5,5000,5.0,100,5.0,2322,44,4,40,978,42.11886304909561,119,383,255.0,1.7914823655513972,8.929938585130563
1,4.444,4011420,3,5,5000,5.0,100,6.0,2322,44,4,40,978,42.11886304909561,119,383,255.0,1.7914823655513972,8.929938585130563
1,4.444,4011420,3,5,5000,5.0,200,4.0,2322,44,2,42,978,42.11886304909561,357,383,370.0,2.3786613436613795,8.61509660960002
1,4.444,4011420,3,5,5000,5.0,200,5.0,2322,44,2,42,978,42.11886304909561,357,383,370.0,2.3786613436613795,8.61509660960002
1,4.444,4011420,3,5,5000,5.0,200,6.0,2322,44,2,42,978,42.11886304909561,357,383,370.0,2.3786613436613795,8.61509660960002
1,4.444,4011420,3,5,5000,5.0,300,4.0,2322,44,2,42,978,42.11886304909561,357,383,370.0,2.3786613436613795,8.61509660960002
1,4.444,4011420,3,5,5000,5.0,300,5.0,2322,44,2,42,978,42.11886304909561,357,383,370.0,2.3786613436613795,8.61509660960002
1,4.444,4011420,3,5,5000,5.0,300,6.0,2322,44,2,42,978,42.11886304909561,357,383,370.0,2.3786613436613795,8.61509660960002
1,4.444,4011420,3,5,10000,10.0,100,4.0,4559,129,4,125,1253,27.48409738977846,230,789,518.0,1.8996306928318354,9.525602154303657
1,4.444,4011420,3,5,10000,10.0,100,5.0,4559,129,4,125,1253,27.48409738977846,230,789,518.0,1.8996306928318354,9.525602154303657
1,4.444,4011420,3,5,10000,10.0,100,6.0,4559,129,4,125,1253,27.48409738977846,230,789,518.0,1.8996306928318354,9.525602154303657
1,4.444,4011420,3,5,10000,10.0,200,4.0,4559,129,4,125,1253,27.48409738977846,230,789,518.0,1.8996306928318354,9.525602154303657
1,4.444,4011420,3,5,10000,10.0,200,5.0,4559,129,4,125,1253,27.48409738977846,230,789,518.0,1.8996306928318354,9.525602154303657
1,4.444,4011420,3,5,10000,10.0,200,6.0,4559,129,4,125,1253,27.48409738977846,230,789,518.0,1.8996306928318354,9.525602154303657
1,4.444,4011420,3,5,10000,10.0,300,4.0,4559,129,3,126,1253,27.48409738977846,300,789,614.0,2.118135394118287,9.469984499980086
1,4.444,4011420,3,5,10000,10.0,300,5.0,4559,129,3,126,1253,27.48409738977846,300,789,614.0,2.118135394118287,9.469984499980086
1,4.444,4011420,3,5,10000,10.0,300,6.0,4559,129,3,126,1253,27.48409738977846,300,789,614.0,2.118135394118287,9.469984499980086
1,4.444,4011420,3,5,15000,15.0,100,4.0,6441,202,4,198,1136,17.637012886197795,110,2275,780.5,1.6456130668687483,15.726826870725732
1,4.444,4011420,3,5,15000,15.0,100,5.0,6441,202,4,198,1136,17.637012886197795,110,2275,780.5,1.6456130668687483,15.726826870725732
1,4.444,4011420,3,5,15000,15.0,100,6.0,6441,202,4,198,1136,17.637012886197795,110,2275,780.5,1.6456130668687483,15.726826870725732
1,4.444,4011420,3,5,15000,15.0,200,4.0,6441,202,3,199,1136,17.637012886197795,326,2275,1004.0,1.9086582536840553,19.517056029892014
1,4.444,4011420,3,5,15000,15.0,200,5.0,6441,202,3,199,1136,17.637012886197795,326,2275,1004.0,1.9086582536840553,19.517056029892014
1,4.444,4011420,3,5,15000,15.0,200,6.0,6441,202,3,199,1136,17.637012886197795,326,2275,1004.0,1.9086582536840553,19.517056029892014
1,4.444,4011420,3,5,15000,15.0,300,4.0,6441,202,3,199,1136,17.637012886197795,326,2275,1004.0,1.9086582536840553,19.517056029892014
1,4.444,4011420,3,5,15000,15.0,300,5.0,6441,202,3,199,1136,17.637012886197795,326,2275,1004.0,1.9086582536840553,19.517056029892014
1,4.444,4011420,3,5,15000,15.0,300,6.0,6441,202,3,199,1136,17.637012886197795,326,2275,1004.0,1.9086582536840553,19.517056029892014
1,4.444,4011420,3,5,20000,20.0,100,4.0,8195,219,4,215,1084,13.22757779133618,142,2996,1034.0,1.624185353244697,16.109457222198756
1,4.444,4011420,3,5,20000,20.0,100,5.0,8195,219,4,215,1084,13.22757779133618,142,2996,1034.0,1.624185353244697,16.109457222198756
1,4.444,4011420,3,5,20000,20.0,100,6.0,8195,219,4,215,1084,13.22757779133618,142,2996,1034.0,1.624185353244697,16.109457222198756
1,4.444,4011420,3,5,20000,20.0,200,4.0,8195,219,3,216,1084,13.22757779133618,441,2996,1331.3333333333333,1.8718154072572155,19.615844915023214
1,4.444,4011420,3,5,20000,20.0,200,5.0,8195,219,3,216,1084,13.22757779133618,441,2996,1331.3333333333333,1.8718154072572155,19.615844915023214
1,4.444,4011420,3,5,20000,20.0,200,6.0,8195,219,3,216,1084,13.22757779133618,441,2996,1331.3333333333333,1.8718154072572155,19.615844915023214
1,4.444,4011420,3,5,20000,20.0,300,4.0,8195,219,3,216,1084,13.22757779133618,441,2996,1331.3333333333333,1.8718154072572155,19.615844915023214
1,4.444,4011420,3,5,20000,20.0,300,5.0,8195,219,3,216,1084,13.22757779133618,441,2996,1331.3333333333333,1.8718154072572155,19.615844915023214
1,4.444,4011420,3,5,20000,20.0,300,6.0,8195,219,3,216,1084,13.22757779133618,441,2996,1331.3333333333333,1.8718154072572155,19.615844915023214
1,4.444,4011420,3,10,5000,5.0,100,4.0,2322,6,4,2,1266,54.52196382428941,119,375,252.5,1.7655449098283948,8.77779824018832
1,4.444,4011420,3,10,5000,5.0,100,5.0,2322,6,4,2,1266,54.52196382428941,119,375,252.5,1.7655449098283948,8.77779824018832
1,4.444,4011420,3,10,5000,5.0,100,6.0,2322,6,4,2,1266,54.52196382428941,119,375,252.5,1.7655449098283948,8.77779824018832
1,4.444,4011420,3,10,5000,5.0,200,4.0,2322,6,2,4,1266,54.52196382428941,356,375,365.5,2.32578612359521,8.387397260251005
1,4.444,4011420,3,10,5000,5.0,200,5.0,2322,6,2,4,1266,54.52196382428941,356,375,365.5,2.32578612359521,8.387397260251005
1,4.444,4011420,3,10,5000,5.0,200,6.0,2322,6,2,4,1266,54.52196382428941,356,375,365.5,2.32578612359521,8.387397260251005
1,4.444,4011420,3,10,5000,5.0,300,4.0,2322,6,2,4,1266,54.52196382428941,356,375,365.5,2.32578612359521,8.387397260251005
1,4.444,4011420,3,10,5000,5.0,300,5.0,2322,6,2,4,1266,54.52196382428941,356,375,365.5,2.32578612359521,8.387397260251005
1,4.444,4011420,3,10,5000,5.0,300,6.0,2322,6,2,4,1266,54.52196382428941,356,375,365.5,2.32578612359521,8.387397260251005
1,4.444,4011420,3,10,10000,10.0,100,4.0,4559,26,4,22,2197,48.19039262996271,218,757,501.25,1.7731780782879152,8.532345787724612
1,4.444,4011420,3,10,10000,10.0,100,5.0,4559,26,4,22,2197,48.19039262996271,218,757,501.25,1.7731780782879152,8.532345787724612
1,4.444,4011420,3,10,10000,10.0,100,6.0,4559,26,4,22,2197,48.19039262996271,218,757,501.25,1.7731780782879152,8.532345787724612
1,4.444,4011420,3,10,10000,10.0,200,4.0,4559,26,4,22,2197,48.19039262996271,218,757,501.25,1.7731780782879152,8.532345787724612
1,4.444,4011420,3,10,10000,10.0,200,5.0,4559,26,4,22,2197,48.19039262996271,218,757,501.25,1.7731780782879152,8.532345787724612
1,4.444,4011420,3,10,10000,10.0,200,6.0,4559,26,4,22,2197,48.19039262996271,218,757,501.25,1.7731780782879152,8.532345787724612
1,4.444,4011420,3,10,10000,10.0,300,4.0,4559,26,2,24,2197,48.19039262996271,731,757,744.0,2.358761052892009,8.555576226591135
1,4.444,4011420,3,10,10000,10.0,300,5.0,4559,26,2,24,2197,48.19039262996271,731,757,744.0,2.358761052892009,8.555576226591135
1,4.444,4011420,3,10,10000,10.0,300,6.0,4559,26,2,24,2197,48.19039262996271,731,757,744.0,2.358761052892009,8.555576226591135
1,4.444,4011420,3,10,15000,15.0,100,4.0,6441,54,5,49,2646,41.08057755006986,110,1155,617.6,1.675235949739702,8.214698084891813
1,4.444,4011420,3,10,15000,15.0,100,5.0,6441,54,5,49,2646,41.08057755006986,110,1155,617.6,1.675235949739702,8.214698084891813
1,4.444,4011420,3,10,15000,15.0,100,6.0,6441,54,5,49,2646,41.08057755006986,110,1155,617.6,1.675235949739702,8.214698084891813
1,4.444,4011420,3,10,15000,15.0,200,4.0,6441,54,4,50,2646,41.08057755006986,311,1155,744.5,1.8799255605689207,9.179337757808044
1,4.444,4011420,3,10,15000,15.0,200,5.0,6441,54,4,50,2646,41.08057755006986,311,1155,744.5,1.8799255605689207,9.179337757808044
1,4.444,4011420,3,10,15000,15.0,200,6.0,6441,54,4,50,2646,41.08057755006986,311,1155,744.5,1.8799255605689207,9.179337757808044
1,4.444,4011420,3,10,15000,15.0,300,4.0,6441,54,4,50,2646,41.08057755006986,311,1155,744.5,1.8799255605689207,9.179337757808044
1,4.444,4011420,3,10,15000,15.0,300,5.0,6441,54,4,50,2646,41.08057755006986,311,1155,744.5,1.8799255605689207,9.179337757808044
1,4.444,4011420,3,10,15000,15.0,300,6.0,6441,54,4,50,2646,41.08057755006986,311,1155,744.5,1.8799255605689207,9.179337757808044
1,4.444,4011420,3,10,20000,20.0,100,4.0,8195,84,5,79,2770,33.80109823062843,142,1538,824.2,1.6481442251347591,8.644391240607217
1,4.444,4011420,3,10,20000,20.0,100,5.0,8195,84,5,79,2770,33.80109823062843,142,1538,824.2,1.6481442251347591,8.644391240607217
1,4.444,4011420,3,10,20000,20.0,100,6.0,8195,84,5,79,2770,33.80109823062843,142,1538,824.2,1.6481442251347591,8.644391240607217
1,4.444,4011420,3,10,20000,20.0,200,4.0,8195,84,4,80,2770,33.80109823062843,427,1538,994.75,1.8398564836166633,9.407915514827673
1,4.444,4011420,3,10,20000,20.0,200,5.0,8195,84,4,80,2770,33.80109823062843,427,1538,994.75,1.8398564836166633,9.407915514827673
1,4.444,4011420,3,10,20000,20.0,200,6.0,8195,84,4,80,2770,33.80109823062843,427,1538,994.75,1.8398564836166633,9.407915514827673
1,4.444,4011420,3,10,20000,20.0,300,4.0,8195,84,4,80,2770,33.80109823062843,427,1538,994.75,1.8398564836166633,9.407915514827673
1,4.444,4011420,3,10,20000,20.0,300,5.0,8195,84,4,80,2770,33.80109823062843,427,1538,994.75,1.8398564836166633,9.407915514827673
1,4.444,4011420,3,10,20000,20.0,300,6.0,8195,84,4,80,2770,33.80109823062843,427,1538,994.75,1.8398564836166633,9.407915514827673
1,4.444,4011420,3,15,5000,5.0,100,4.0,2322,8,3,5,1287,55.42635658914729,143,363,286.6666666666667,1.9453268263003496,7.78823617301325
1,4.444,4011420,3,15,5000,5.0,100,5.0,2322,8,3,5,1287,55.42635658914729,143,363,286.6666666666667,1.9453268263003496,7.78823617301325
1,4.444,4011420,3,15,5000,5.0,100,6.0,2322,8,3,5,1287,55.42635658914729,143,363,286.6666666666667,1.9453268263003496,7.78823617301325
1,4.444,4011420,3,15,5000,5.0,200,4.0,2322,8,2,6,1287,55.42635658914729,354,363,358.5,2.284129025821173,8.19463802868603
1,4.444,4011420,3,15,5000,5.0,200,5.0,2322,8,2,6,1287,55.42635658914729,354,363,358.5,2.284129025821173,8.19463802868603
1,4.444,4011420,3,15,5000,5.0,200,6.0,2322,8,2,6,1287,55.42635658914729,354,363,358.5,2.284129025821173,8.19463802868603
1,4.444,4011420,3,15,5000,5.0,300,4.0,2322,8,2,6,1287,55.42635658914729,354,363,358.5,2.284129025821173,8.19463802868603
1,4.444,4011420,3,15,5000,5.0,300,5.0,2322,8,2,6,1287,55.42635658914729,354,363,358.5,2.284129025821173,8.19463802868603
1,4.444,4011420,3,15,5000,5.0,300,6.0,2322,8,2,6,1287,55.42635658914729,354,363,358.5,2.284129025821173,8.19463802868603
1,4.444,4011420,3,15,10000,10.0,100,4.0,4559,5,4,1,2498,54.792717701250275,217,750,497.5,1.7473652301452511,8.38790527990893
1,4.444,4011420,3,15,10000,10.0,100,5.0,4559,5,4,1,2498,54.792717701250275,217,750,497.5,1.7473652301452511,8.38790527990893
1,4.444,4011420,3,15,10000,10.0,100,6.0,4559,5,4,1,2498,54.792717701250275,217,750,497.5,1.7473652301452511,8.38790527990893
1,4.444,4011420,3,15,10000,10.0,200,4.0,4559,5,4,1,2498,54.792717701250275,217,750,497.5,1.7473652301452511,8.38790527990893
1,4.444,4011420,3,15,10000,10.0,200,5.0,4559,5,4,1,2498,54.792717701250275,217,750,497.5,1.7473652301452511,8.38790527990893
1,4.444,4011420,3,15,10000,10.0,200,6.0,4559,5,4,1,2498,54.792717701250275,217,750,497.5,1.7473652301452511,8.38790527990893
1,4.444,4011420,3,15,10000,10.0,300,4.0,4559,5,2,3,2498,54.792717701250275,727,750,738.5,2.3129582168080036,8.434095871548926
1,4.444,4011420,3,15,10000,10.0,300,5.0,4559,5,2,3,2498,54.792717701250275,727,750,738.5,2.3129582168080036,8.434095871548926
1,4.444,4011420,3,15,10000,10.0,300,6.0,4559,5,2,3,2498,54.792717701250275,727,750,738.5,2.3129582168080036,8.434095871548926
1,4.444,4011420,3,15,15000,15.0,100,4.0,6441,12,5,7,3265,50.690886508306164,110,1125,605.6,1.5899663193911344,7.842231657897019
1,4.444,4011420,3,15,15000,15.0,100,5.0,6441,12,5,7,3265,50.690886508306164,110,1125,605.6,1.5899663193911344,7.842231657897019
1,4.444,4011420,3,15,15000,15.0,100,6.0,6441,12,5,7,3265,50.690886508306164,110,1125,605.6,1.5899663193911344,7.842231657897019
1,4.444,4011420,3,15,15000,15.0,200,4.0,6441,12,4,8,3265,50.690886508306164,309,1125,729.5,1.7733385226332112,8.71375472406455
1,4.444,4011420,3,15,15000,15.0,200,5.0,6441,12,4,8,3265,50.690886508306164,309,1125,729.5,1.7733385226332112,8.71375472406455
1,4.444,4011420,3,15,15000,15.0,200,6.0,6441,12,4,8,3265,50.690886508306164,309,1125,729.5,1.7733385226332112,8.71375472406455
1,4.444,4011420,3,15,15000,15.0,300,4.0,6441,12,4,8,3265,50.690886508306164,309,1125,729.5,1.7733385226332112,8.71375472406455
1,4.444,4011420,3,15,15000,15.0,300,5.0,6441,12,4,8,3265,50.690886508306164,309,1125,729.5,1.7733385226332112,8.71375472406455
1,4.444,4011420,3,15,15000,15.0,300,6.0,6441,12,4,8,3265,50.690886508306164,309,1125,729.5,1.7733385226332112,8.71375472406455
1,4.444,4011420,3,15,20000,20.0,100,4.0,8195,21,5,16,3791,46.25991458206223,142,1492,808.6,1.5744039592210086,8.188395955214954
1,4.444,4011420,3,15,20000,20.0,100,5.0,8195,21,5,16,3791,46.25991458206223,142,1492,808.6,1.5744039592210086,8.188395955214954
1,4.444,4011420,3,15,20000,20.0,100,6.0,8195,21,5,16,3791,46.25991458206223,142,1492,808.6,1.5744039592210086,8.188395955214954
1,4.444,4011420,3,15,20000,20.0,200,4.0,8195,21,4,17,3791,46.25991458206223,426,1492,975.25,1.7476811512244754,8.837921408087347
1,4.444,4011420,3,15,20000,20.0,200,5.0,8195,21,4,17,3791,46.25991458206223,426,1492,975.25,1.7476811512244754,8.837921408087347
1,4.444,4011420,3,15,20000,20.0,200,6.0,8195,21,4,17,3791,46.25991458206223,426,1492,975.25,1.7476811512244754,8.837921408087347
1,4.444,4011420,3,15,20000,20.0,300,4.0,8195,21,4,17,3791,46.25991458206223,426,1492,975.25,1.7476811512244754,8.837921408087347
1,4.444,4011420,3,15,20000,20.0,300,5.0,8195,21,4,17,3791,46.25991458206223,426,1492,975.25,1.7476811512244754,8.837921408087347
1,4.444,4011420,3,15,20000,20.0,300,6.0,8195,21,4,17,3791,46.25991458206223,426,1492,975.25,1.7476811512244754,8.837921408087347
1,4.444,4011420,4,5,5000,5.0,100,4.0,2322,62,4,58,810,34.883720930232556,126,384,257.0,1.8024565771004144,9.193687697084888
1,4.444,4011420,4,5,5000,5.0,100,5.0,2322,62,4,58,810,34.883720930232556,126,384,257.0,1.8024565771004144,9.193687697084888
1,4.444,4011420,4,5,5000,5.0,100,6.0,2322,62,4,58,810,34.883720930232556,126,384,257.0,1.8024565771004144,9.193687697084888
1,4.444,4011420,4,5,5000,5.0,200,4.0,2322,62,2,60,810,34.883720930232556,357,384,370.5,2.3819916555416474,8.661721644525244
1,4.444,4011420,4,5,5000,5.0,200,5.0,2322,62,2,60,810,34.883720930232556,357,384,370.5,2.3819916555416474,8.661721644525244
1,4.444,4011420,4,5,5000,5.0,200,6.0,2322,62,2,60,810,34.883720930232556,357,384,370.5,2.3819916555416474,8.661721644525244
1,4.444,4011420,4,5,5000,5.0,300,4.0,2322,62,2,60,810,34.883720930232556,357,384,370.5,2.3819916555416474,8.661721644525244
1,4.444,4011420,4,5,5000,5.0,300,5.0,2322,62,2,60,810,34.883720930232556,357,384,370.5,2.3819916555416474,8.661721644525244
1,4.444,4011420,4,5,5000,5.0,300,6.0,2322,62,2,60,810,34.883720930232556,357,384,370.5,2.3819916555416474,8.661721644525244
1,4.444,4011420,4,5,10000,10.0,100,4.0,4559,141,3,138,784,17.196753674051326,232,1543,691.6666666666666,1.8956893497699,19.196545181195397
1,4.444,4011420,4,5,10000,10.0,100,5.0,4559,141,3,138,784,17.196753674051326,232,1543,691.6666666666666,1.8956893497699,19.196545181195397
1,4.444,4011420,4,5,10000,10.0,100,6.0,4559,141,3,138,784,17.196753674051326,232,1543,691.6666666666666,1.8956893497699,19.196545181195397
1,4.444,4011420,4,5,10000,10.0,200,4.0,4559,141,3,138,784,17.196753674051326,232,1543,691.6666666666666,1.8956893497699,19.196545181195397
1,4.444,4011420,4,5,10000,10.0,200,5.0,4559,141,3,138,784,17.196753674051326,232,1543,691.6666666666666,1.8956893497699,19.196545181195397
1,4.444,4011420,4,5,10000,10.0,200,6.0,4559,141,3,138,784,17.196753674051326,232,1543,691.6666666666666,1.8956893497699,19.196545181195397
1,4.444,4011420,4,5,10000,10.0,300,4.0,4559,141,2,139,784,17.196753674051326,300,1543,921.5,2.22416281959671,23.831525421226406
1,4.444,4011420,4,5,10000,10.0,300,5.0,4559,141,2,139,784,17.196753674051326,300,1543,921.5,2.22416281959671,23.831525421226406
1,4.444,4011420,4,5,10000,10.0,300,6.0,4559,141,2,139,784,17.196753674051326,300,1543,921.5,2.22416281959671,23.831525421226406
1,4.444,4011420,4,5,15000,15.0,100,4.0,6441,167,4,163,617,9.579257879211303,110,2278,781.25,1.6466497665199236,15.722377656308497
1,4.444,4011420,4,5,15000,15.0,100,5.0,6441,167,4,163,617,9.579257879211303,110,2278,781.25,1.6466497665199236,15.722377656308497
1,4.444,4011420,4,5,15000,15.0,100,6.0,6441,167,4,163,617,9.579257879211303,110,2278,781.25,1.6466497665199236,15.722377656308497
1,4.444,4011420,4,5,15000,15.0,200,4.0,6441,167,3,164,617,9.579257879211303,326,2278,1005.0,1.9100405198856223,19.511123744002365
1,4.444,4011420,4,5,15000,15.0,200,5.0,6441,167,3,164,617,9.579257879211303,326,2278,1005.0,1.9100405198856223,19.511123744002365
1,4.444,4011420,4,5,15000,15.0,200,6.0,6441,167,3,164,617,9.579257879211303,326,2278,1005.0,1.9100405198856223,19.511123744002365
1,4.444,4011420,4,5,15000,15.0,300,4.0,6441,167,3,164,617,9.579257879211303,326,2278,1005.0,1.9100405198856223,19.511123744002365
1,4.444,4011420,4,5,15000,15.0,300,5.0,6441,167,3,164,617,9.579257879211303,326,2278,1005.0,1.9100405198856223,19.511123744002365
1,4.444,4011420,4,5,15000,15.0,300,6.0,6441,167,3,164,617,9.579257879211303,326,2278,1005.0,1.9100405198856223,19.511123744002365
1,4.444,4011420,4,5,20000,20.0,100,4.0,8195,174,4,170,499,6.089078706528371,142,2999,1034.75,1.6250032605101594,16.10605528319889
1,4.444,4011420,4,5,20000,20.0,100,5.0,8195,174,4,170,499,6.089078706528371,142,2999,1034.75,1.6250032605101594,16.10605528319889
1,4.444,4011420,4,5,20000,20.0,100,6.0,8195,174,5,169,499,6.089078706528371,104,2999,848.6,2.302217241906179,14.74018993351178
1,4.444,4011420,4,5,20000,20.0,200,4.0,8195,174,3,171,499,6.089078706528371,441,2999,1332.3333333333333,1.872905950277832,19.61130899635673
1,4.444,4011420,4,5,20000,20.0,200,5.0,8195,174,3,171,499,6.089078706528371,441,2999,1332.3333333333333,1.872905950277832,19.61130899635673
1,4.444,4011420,4,5,20000,20.0,200,6.0,8195,174,3,171,499,6.089078706528371,441,2999,1332.3333333333333,1.872905950277832,19.61130899635673
1,4.444,4011420,4,5,20000,20.0,300,4.0,8195,174,3,171,499,6.089078706528371,441,2999,1332.3333333333333,1.872905950277832,19.61130899635673
1,4.444,4011420,4,5,20000,20.0,300,5.0,8195,174,3,171,499,6.089078706528371,441,2999,1332.3333333333333,1.872905950277832,19.61130899635673
1,4.444,4011420,4,5,20000,20.0,300,6.0,8195,174,3,171,499,6.089078706528371,441,2999,1332.3333333333333,1.872905950277832,19.61130899635673
1,4.444,4011420,4,10,5000,5.0,100,4.0,2322,8,4,4,1227,52.84237726098191,120,380,254.5,1.78567938584364,8.899560152134013
1,4.444,4011420,4,10,5000,5.0,100,5.0,2322,8,4,4,1227,52.84237726098191,120,380,254.5,1.78567938584364,8.899560152134013
1,4.444,4011420,4,10,5000,5.0,100,6.0,2322,8,4,4,1227,52.84237726098191,120,380,254.5,1.78567938584364,8.899560152134013
1,4.444,4011420,4,10,5000,5.0,200,4.0,2322,8,2,6,1227,52.84237726098191,357,380,368.5,2.362592417770018,8.518218019119626
1,4.444,4011420,4,10,5000,5.0,200,5.0,2322,8,2,6,1227,52.84237726098191,357,380,368.5,2.362592417770018,8.518218019119626
1,4.444,4011420,4,10,5000,5.0,200,6.0,2322,8,2,6,1227,52.84237726098191,357,380,368.5,2.362592417770018,8.518218019119626
1,4.444,4011420,4,10,5000,5.0,300,4.0,2322,8,2,6,1227,52.84237726098191,357,380,368.5,2.362592417770018,8.518218019119626
1,4.444,4011420,4,10,5000,5.0,300,5.0,2322,8,2,6,1227,52.84237726098191,357,380,368.5,2.362592417770018,8.518218019119626
1,4.444,4011420,4,10,5000,5.0,300,6.0,2322,8,2,6,1227,52.84237726098191,357,380,368.5,2.362592417770018,8.518218019119626
1,4.444,4011420,4,10,10000,10.0,100,4.0,4559,46,4,42,1842,40.40359728010529,228,792,517.75,1.8976892014617959,9.478829438831406
1,4.444,4011420,4,10,10000,10.0,100,5.0,4559,46,4,42,1842,40.40359728010529,228,792,517.75,1.8976892014617959,9.478829438831406
1,4.444,4011420,4,10,10000,10.0,100,6.0,4559,46,4,42,1842,40.40359728010529,228,792,517.75,1.8976892014617959,9.478829438831406
1,4.444,4011420,4,10,10000,10.0,200,4.0,4559,46,4,42,1842,40.40359728010529,228,792,517.75,1.8976892014617959,9.478829438831406
1,4.444,4011420,4,10,10000,10.0,200,5.0,4559,46,4,42,1842,40.40359728010529,228,792,517.75,1.8976892014617959,9.478829438831406
1,4.444,4011420,4,10,10000,10.0,200,6.0,4559,46,4,42,1842,40.40359728010529,228,792,517.75,1.8976892014617959,9.478829438831406
1,4.444,4011420,4,10,10000,10.0,300,4.0,4559,46,3,43,1842,40.40359728010529,300,792,614.3333333333334,2.116088760596926,9.485031132941337
1,4.444,4011420,4,10,10000,10.0,300,5.0,4559,46,3,43,1842,40.40359728010529,300,792,614.3333333333334,2.116088760596926,9.485031132941337
1,4.444,4011420,4,10,10000,10.0,300,6.0,4559,46,3,43,1842,40.40359728010529,300,792,614.3333333333334,2.116088760596926,9.485031132941337
1,4.444,4011420,4,10,15000,15.0,100,4.0,6441,81,4,77,1960,30.430057444496196,110,2277,780.75,1.6472940556428939,15.704509046002007
1,4.444,4011420,4,10,15000,15.0,100,5.0,6441,81,4,77,1960,30.430057444496196,110,2277,780.75,1.6472940556428939,15.704509046002007
1,4.444,4011420,4,10,15000,15.0,100,6.0,6441,81,4,77,1960,30.430057444496196,110,2277,780.75,1.6472940556428939,15.704509046002007
1,4.444,4011420,4,10,15000,15.0,200,4.0,6441,81,3,78,1960,30.430057444496196,325,2277,1004.3333333333334,1.9108995720495827,19.48729893026038
1,4.444,4011420,4,10,15000,15.0,200,5.0,6441,81,3,78,1960,30.430057444496196,325,2277,1004.3333333333334,1.9108995720495827,19.48729893026038
1,4.444,4011420,4,10,15000,15.0,200,6.0,6441,81,3,78,1960,30.430057444496196,325,2277,1004.3333333333334,1.9108995720495827,19.48729893026038
1,4.444,4011420,4,10,15000,15.0,300,4.0,6441,81,3,78,1960,30.430057444496196,325,2277,1004.3333333333334,1.9108995720495827,19.48729893026038
1,4.444,4011420,4,10,15000,15.0,300,5.0,6441,81,3,78,1960,30.430057444496196,325,2277,1004.3333333333334,1.9108995720495827,19.48729893026038
1,4.444,4011420,4,10,15000,15.0,300,6.0,6441,81,3,78,1960,30.430057444496196,325,2277,1004.3333333333334,1.9108995720495827,19.48729893026038
1,4.444,4011420,4,10,20000,20.0,100,4.0,8195,100,4,96,1884,22.989627821842586,142,2998,1034.25,1.625480671246135,16.09261322203708
1,4.444,4011420,4,10,20000,20.0,100,5.0,8195,100,4,96,1884,22.989627821842586,142,2998,1034.25,1.625480671246135,16.09261322203708
1,4.444,4011420,4,10,20000,20.0,100,6.0,8195,100,4,96,1884,22.989627821842586,142,2998,1034.25,1.625480671246135,16.09261322203708
1,4.444,4011420,4,10,20000,20.0,200,4.0,8195,100,3,97,1884,22.989627821842586,440,2998,1331.6666666666667,1.8735424979257995,19.593386248140977
1,4.444,4011420,4,10,20000,20.0,200,5.0,8195,100,3,97,1884,22.989627821842586,440,2998,1331.6666666666667,1.8735424979257995,19.593386248140977
1,4.444,4011420,4,10,20000,20.0,200,6.0,8195,100,3,97,1884,22.989627821842586,440,2998,1331.6666666666667,1.8735424979257995,19.593386248140977
1,4.444,4011420,4,10,20000,20.0,300,4.0,8195,100,3,97,1884,22.989627821842586,440,2998,1331.6666666666667,1.8735424979257995,19.593386248140977
1,4.444,4011420,4,10,20000,20.0,300,5.0,8195,100,3,97,1884,22.989627821842586,440,2998,1331.6666666666667,1.8735424979257995,19.593386248140977
1,4.444,4011420,4,10,20000,20.0,300,6.0,8195,100,3,97,1884,22.989627821842586,440,2998,1331.6666666666667,1.8735424979257995,19.593386248140977
1,4.444,4011420,4,15,5000,5.0,100,4.0,2322,5,4,1,1274,54.86649440137812,120,376,253.0,1.769813723155471,8.81243397549875
1,4.444,4011420,4,15,5000,5.0,100,5.0,2322,5,4,1,1274,54.86649440137812,120,376,253.0,1.769813723155471,8.81243397549875
1,4.444,4011420,4,15,5000,5.0,100,6.0,2322,5,4,1,1274,54.86649440137812,120,376,253.0,1.769813723155471,8.81243397549875
1,4.444,4011420,4,15,5000,5.0,200,4.0,2322,5,2,3,1274,54.86649440137812,356,376,366.0,2.329860783773516,8.42054700638457
1,4.444,4011420,4,15,5000,5.0,200,5.0,2322,5,2,3,1274,54.86649440137812,356,376,366.0,2.329860783773516,8.42054700638457
1,4.444,4011420,4,15,5000,5.0,200,6.0,2322,5,2,3,1274,54.86649440137812,356,376,366.0,2.329860783773516,8.42054700638457
1,4.444,4011420,4,15,5000,5.0,300,4.0,2322,5,2,3,1274,54.86649440137812,356,376,366.0,2.329860783773516,8.42054700638457
1,4.444,4011420,4,15,5000,5.0,300,5.0,2322,5,2,3,1274,54.86649440137812,356,376,366.0,2.329860783773516,8.42054700638457
1,4.444,4011420,4,15,5000,5.0,300,6.0,2322,5,2,3,1274,54.86649440137812,356,376,366.0,2.329860783773516,8.42054700638457
1,4.444,4011420,4,15,10000,10.0,100,4.0,4559,10,4,6,2374,52.07282298749726,221,759,503.25,1.7897685163924146,8.602121174784461
1,4.444,4011420,4,15,10000,10.0,100,5.0,4559,10,4,6,2374,52.07282298749726,221,759,503.25,1.7897685163924146,8.602121174784461
1,4.444,4011420,4,15,10000,10.0,100,6.0,4559,10,4,6,2374,52.07282298749726,221,759,503.25,1.7897685163924146,8.602121174784461
1,4.444,4011420,4,15,10000,10.0,200,4.0,4559,10,4,6,2374,52.07282298749726,221,759,503.25,1.7897685163924146,8.602121174784461
1,4.444,4011420,4,15,10000,10.0,200,5.0,4559,10,4,6,2374,52.07282298749726,221,759,503.25,1.7897685163924146,8.602121174784461
1,4.444,4011420,4,15,10000,10.0,200,6.0,4559,10,4,6,2374,52.07282298749726,221,759,503.25,1.7897685163924146,8.602121174784461
1,4.444,4011420,4,15,10000,10.0,300,4.0,4559,10,3,7,2374,52.07282298749726,300,759,597.3333333333334,1.9840132724665132,8.490490759101013
1,4.444,4011420,4,15,10000,10.0,300,5.0,4559,10,3,7,2374,52.07282298749726,300,759,597.3333333333334,1.9840132724665132,8.490490759101013
1,4.444,4011420,4,15,10000,10.0,300,6.0,4559,10,3,7,2374,52.07282298749726,300,759,597.3333333333334,1.9840132724665132,8.490490759101013
1,4.444,4011420,4,15,15000,15.0,100,4.0,6441,20,5,15,3001,46.59214407700668,110,1155,618.4,1.6682787945137019,8.236471665684622
1,4.444,4011420,4,15,15000,15.0,100,5.0,6441,20,5,15,3001,46.59214407700668,110,1155,618.4,1.6682787945137019,8.236471665684622
1,4.444,4011420,4,15,15000,15.0,100,6.0,6441,20,5,15,3001,46.59214407700668,110,1155,618.4,1.6682787945137019,8.236471665684622
1,4.444,4011420,4,15,15000,15.0,200,4.0,6441,20,4,16,3001,46.59214407700668,322,1155,745.5,1.8712291165364205,9.206554733799056
1,4.444,4011420,4,15,15000,15.0,200,5.0,6441,20,4,16,3001,46.59214407700668,322,1155,745.5,1.8712291165364205,9.206554733799056
1,4.444,4011420,4,15,15000,15.0,200,6.0,6441,20,4,16,3001,46.59214407700668,322,1155,745.5,1.8712291165364205,9.206554733799056
1,4.444,4011420,4,15,15000,15.0,300,4.0,6441,20,4,16,3001,46.59214407700668,322,1155,745.5,1.8712291165364205,9.206554733799056
1,4.444,4011420,4,15,15000,15.0,300,5.0,6441,20,4,16,3001,46.59214407700668,322,1155,745.5,1.8712291165364205,9.206554733799056
1,4.444,4011420,4,15,15000,15.0,300,6.0,6441,20,4,16,3001,46.59214407700668,322,1155,745.5,1.8712291165364205,9.206554733799056
1,4.444,4011420,4,15,20000,20.0,100,4.0,8195,44,5,39,3125,38.13300793166565,142,1522,822.4,1.64858960546334,8.527690600194799
1,4.444,4011420,4,15,20000,20.0,100,5.0,8195,44,5,39,3125,38.13300793166565,142,1522,822.4,1.64858960546334,8.527690600194799
1,4.444,4011420,4,15,20000,20.0,100,6.0,8195,44,5,39,3125,38.13300793166565,142,1522,822.4,1.64858960546334,8.527690600194799
1,4.444,4011420,4,15,20000,20.0,200,4.0,8195,44,4,40,3125,38.13300793166565,437,1522,992.5,1.8404132090273895,9.262039714312152
1,4.444,4011420,4,15,20000,20.0,200,5.0,8195,44,4,40,3125,38.13300793166565,437,1522,992.5,1.8404132090273895,9.262039714312152
1,4.444,4011420,4,15,20000,20.0,200,6.0,8195,44,4,40,3125,38.13300793166565,437,1522,992.5,1.8404132090273895,9.262039714312152
1,4.444,4011420,4,15,20000,20.0,300,4.0,8195,44,4,40,3125,38.13300793166565,437,1522,992.5,1.8404132090273895,9.262039714312152
1,4.444,4011420,4,15,20000,20.0,300,5.0,8195,44,4,40,3125,38.13300793166565,437,1522,992.5,1.8404132090273895,9.262039714312152
1,4.444,4011420,4,15,20000,20.0,300,6.0,8195,44,4,40,3125,38.13300793166565,437,1522,992.5,1.8404132090273895,9.262039714312152
1,4.444,4011420,5,5,5000,5.0,100,4.0,2322,72,4,68,551,23.729543496985357,127,386,264.25,1.9661829686666579,10.083092308683034
1,4.444,4011420,5,5,5000,5.0,100,5.0,2322,72,4,68,551,23.729543496985357,127,386,264.25,1.9661829686666579,10.083092308683034
1,4.444,4011420,5,5,5000,5.0,100,6.0,2322,72,4,68,551,23.729543496985357,127,386,264.25,1.9661829686666579,10.083092308683034
1,4.444,4011420,5,5,5000,5.0,200,4.0,2322,72,2,70,551,23.729543496985357,383,386,384.5,2.7118513583819768,10.337183118155727
1,4.444,4011420,5,5,5000,5.0,200,5.0,2322,72,2,70,551,23.729543496985357,383,386,384.5,2.7118513583819768,10.337183118155727
1,4.444,4011420,5,5,5000,5.0,200,6.0,2322,72,2,70,551,23.729543496985357,383,386,384.5,2.7118513583819768,10.337183118155727
1,4.444,4011420,5,5,5000,5.0,300,4.0,2322,72,2,70,551,23.729543496985357,383,386,384.5,2.7118513583819768,10.337183118155727
1,4.444,4011420,5,5,5000,5.0,300,5.0,2322,72,2,70,551,23.729543496985357,383,386,384.5,2.7118513583819768,10.337183118155727
1,4.444,4011420,5,5,5000,5.0,300,6.0,2322,72,2,70,551,23.729543496985357,383,386,384.5,2.7118513583819768,10.337183118155727
1,4.444,4011420,5,5,10000,10.0,100,4.0,4559,117,3,114,311,6.821671419170871,232,1543,691.6666666666666,1.8956893497699,19.196545181195397
1,4.444,4011420,5,5,10000,10.0,100,5.0,4559,117,3,114,311,6.821671419170871,232,1543,691.6666666666666,1.8956893497699,19.196545181195397
1,4.444,4011420,5,5,10000,10.0,100,6.0,4559,117,3,114,311,6.821671419170871,232,1543,691.6666666666666,1.8956893497699,19.196545181195397
1,4.444,4011420,5,5,10000,10.0,200,4.0,4559,117,3,114,311,6.821671419170871,232,1543,691.6666666666666,1.8956893497699,19.196545181195397
1,4.444,4011420,5,5,10000,10.0,200,5.0,4559,117,3,114,311,6.821671419170871,232,1543,691.6666666666666,1.8956893497699,19.196545181195397
1,4.444,4011420,5,5,10000,10.0,200,6.0,4559,117,3,114,311,6.821671419170871,232,1543,691.6666666666666,1.8956893497699,19.196545181195397
1,4.444,4011420,5,5,10000,10.0,300,4.0,4559,117,2,115,311,6.821671419170871,300,1543,921.5,2.22416281959671,23.831525421226406
1,4.444,4011420,5,5,10000,10.0,300,5.0,4559,117,2,115,311,6.821671419170871,300,1543,921.5,2.22416281959671,23.831525421226406
1,4.444,4011420,5,5,10000,10.0,300,6.0,4559,117,2,115,311,6.821671419170871,300,1543,921.5,2.22416281959671,23.831525421226406
1,4.444,4011420,5,5,15000,15.0,100,4.0,6441,83,4,79,208,3.2293122185995964,110,2278,781.25,1.6466497665199236,15.722377656308497
1,4.444,4011420,5,5,15000,15.0,100,5.0,6441,83,4,79,208,3.2293122185995964,110,2278,781.25,1.6466497665199236,15.722377656308497
1,4.444,4011420,5,5,15000,15.0,100,6.0,6441,83,4,79,208,3.2293122185995964,110,2278,781.25,1.6466497665199236,15.722377656308497
1,4.444,4011420,5,5,15000,15.0,200,4.0,6441,83,3,80,208,3.2293122185995964,326,2278,1005.0,1.9100405198856223,19.511123744002365
1,4.444,4011420,5,5,15000,15.0,200,5.0,6441,83,3,80,208,3.2293122185995964,326,2278,1005.0,1.9100405198856223,19.511123744002365
1,4.444,4011420,5,5,15000,15.0,200,6.0,6441,83,3,80,208,3.2293122185995964,326,2278,1005.0,1.9100405198856223,19.511123744002365
1,4.444,4011420,5,5,15000,15.0,300,4.0,6441,83,3,80,208,3.2293122185995964,326,2278,1005.0,1.9100405198856223,19.511123744002365
1,4.444,4011420,5,5,15000,15.0,300,5.0,6441,83,3,80,208,3.2293122185995964,326,2278,1005.0,1.9100405198856223,19.511123744002365
1,4.444,4011420,5,5,15000,15.0,300,6.0,6441,83,3,80,208,3.2293122185995964,326,2278,1005.0,1.9100405198856223,19.511123744002365
1,4.444,4011420,5,5,20000,20.0,100,4.0,8195,61,4,57,149,1.8181818181818181,142,2999,1034.75,1.6250032605101594,16.10605528319889
1,4.444,4011420,5,5,20000,20.0,100,5.0,8195,61,4,57,149,1.8181818181818181,142,2999,1034.75,1.6250032605101594,16.10605528319889
1,4.444,4011420,5,5,20000,20.0,100,6.0,8195,61,4,57,149,1.8181818181818181,142,2999,1034.75,1.6250032605101594,16.10605528319889
1,4.444,4011420,5,5,20000,20.0,200,4.0,8195,61,3,58,149,1.8181818181818181,441,2999,1332.3333333333333,1.872905950277832,19.61130899635673
1,4.444,4011420,5,5,20000,20.0,200,5.0,8195,61,3,58,149,1.8181818181818181,441,2999,1332.3333333333333,1.872905950277832,19.61130899635673
1,4.444,4011420,5,5,20000,20.0,200,6.0,8195,61,3,58,149,1.8181818181818181,441,2999,1332.3333333333333,1.872905950277832,19.61130899635673
1,4.444,4011420,5,5,20000,20.0,300,4.0,8195,61,3,58,149,1.8181818181818181,441,2999,1332.3333333333333,1.872905950277832,19.61130899635673
1,4.444,4011420,5,5,20000,20.0,300,5.0,8195,61,3,58,149,1.8181818181818181,441,2999,1332.3333333333333,1.872905950277832,19.61130899635673
1,4.444,4011420,5,5,20000,20.0,300,6.0,8195,61,3,58,149,1.8181818181818181,441,2999,1332.3333333333333,1.872905950277832,19.61130899635673
1,4.444,4011420,5,10,5000,5.0,100,4.0,2322,15,4,11,1105,47.58828596037898,123,384,259.75,1.9035389399956548,9.332510801718419
1,4.444,4011420,5,10,5000,5.0,100,5.0,2322,15,4,11,1105,47.58828596037898,123,384,259.75,1.9035389399956548,9.332510801718419
1,4.444,4011420,5,10,5000,5.0,100,6.0,2322,15,4,11,1105,47.58828596037898,123,384,259.75,1.9035389399956548,9.332510801718419
1,4.444,4011420,5,10,5000,5.0,200,4.0,2322,15,2,13,1105,47.58828596037898,371,384,377.5,2.5781483405814685,9.21457194245761
1,4.444,4011420,5,10,5000,5.0,200,5.0,2322,15,2,13,1105,47.58828596037898,371,384,377.5,2.5781483405814685,9.21457194245761
1,4.444,4011420,5,10,5000,5.0,200,6.0,2322,15,2,13,1105,47.58828596037898,371,384,377.5,2.5781483405814685,9.21457194245761
1,4.444,4011420,5,10,5000,5.0,300,4.0,2322,15,2,13,1105,47.58828596037898,371,384,377.5,2.5781483405814685,9.21457194245761
1,4.444,4011420,5,10,5000,5.0,300,5.0,2322,15,2,13,1105,47.58828596037898,371,384,377.5,2.5781483405814685,9.21457194245761
1,4.444,4011420,5,10,5000,5.0,300,6.0,2322,15,2,13,1105,47.58828596037898,371,384,377.5,2.5781483405814685,9.21457194245761
1,4.444,4011420,5,10,10000,10.0,100,4.0,4559,56,3,53,1337,29.326606711998245,232,1543,691.6666666666666,1.8956893497699,19.196545181195397
1,4.444,4011420,5,10,10000,10.0,100,5.0,4559,56,3,53,1337,29.326606711998245,232,1543,691.6666666666666,1.8956893497699,19.196545181195397
1,4.444,4011420,5,10,10000,10.0,100,6.0,4559,56,3,53,1337,29.326606711998245,232,1543,691.6666666666666,1.8956893497699,19.196545181195397
1,4.444,4011420,5,10,10000,10.0,200,4.0,4559,56,3,53,1337,29.326606711998245,232,1543,691.6666666666666,1.8956893497699,19.196545181195397
1,4.444,4011420,5,10,10000,10.0,200,5.0,4559,56,3,53,1337,29.326606711998245,232,1543,691.6666666666666,1.8956893497699,19.196545181195397
1,4.444,4011420,5,10,10000,10.0,200,6.0,4559,56,3,53,1337,29.326606711998245,232,1543,691.6666666666666,1.8956893497699,19.196545181195397
1,4.444,4011420,5,10,10000,10.0,300,4.0,4559,56,2,54,1337,29.326606711998245,300,1543,921.5,2.22416281959671,23.831525421226406
1,4.444,4011420,5,10,10000,10.0,300,5.0,4559,56,2,54,1337,29.326606711998245,300,1543,921.5,2.22416281959671,23.831525421226406
1,4.444,4011420,5,10,10000,10.0,300,6.0,4559,56,2,54,1337,29.326606711998245,300,1543,921.5,2.22416281959671,23.831525421226406
1,4.444,4011420,5,10,15000,15.0,100,4.0,6441,80,4,76,1139,17.683589504735288,110,2278,781.25,1.6466497665199236,15.722377656308497
1,4.444,4011420,5,10,15000,15.0,100,5.0,6441,80,4,76,1139,17.683589504735288,110,2278,781.25,1.6466497665199236,15.722377656308497
1,4.444,4011420,5,10,15000,15.0,100,6.0,6441,80,4,76,1139,17.683589504735288,110,2278,781.25,1.6466497665199236,15.722377656308497
1,4.444,4011420,5,10,15000,15.0,200,4.0,6441,80,3,77,1139,17.683589504735288,326,2278,1005.0,1.9100405198856223,19.511123744002365
1,4.444,4011420,5,10,15000,15.0,200,5.0,6441,80,3,77,1139,17.683589504735288,326,2278,1005.0,1.9100405198856223,19.511123744002365
1,4.444,4011420,5,10,15000,15.0,200,6.0,6441,80,3,77,1139,17.683589504735288,326,2278,1005.0,1.9100405198856223,19.511123744002365
1,4.444,4011420,5,10,15000,15.0,300,4.0,6441,80,3,77,1139,17.683589504735288,326,2278,1005.0,1.9100405198856223,19.511123744002365
1,4.444,4011420,5,10,15000,15.0,300,5.0,6441,80,3,77,1139,17.683589504735288,326,2278,1005.0,1.9100405198856223,19.511123744002365
1,4.444,4011420,5,10,15000,15.0,300,6.0,6441,80,3,77,1139,17.683589504735288,326,2278,1005.0,1.9100405198856223,19.511123744002365
1,4.444,4011420,5,10,20000,20.0,100,4.0,8195,84,4,80,916,11.177547284929835,142,2999,1034.75,1.6250032605101594,16.10605528319889
1,4.444,4011420,5,10,20000,20.0,100,5.0,8195,84,4,80,916,11.177547284929835,142,2999,1034.75,1.6250032605101594,16.10605528319889
1,4.444,4011420,5,10,20000,20.0,100,6.0,8195,84,5,79,916,11.177547284929835,112,2999,850.2,2.3691907421367633,14.81084035764006
1,4.444,4011420,5,10,20000,20.0,200,4.0,8195,84,3,81,916,11.177547284929835,441,2999,1332.3333333333333,1.872905950277832,19.61130899635673
1,4.444,4011420,5,10,20000,20.0,200,5.0,8195,84,3,81,916,11.177547284929835,441,2999,1332.3333333333333,1.872905950277832,19.61130899635673
1,4.444,4011420,5,10,20000,20.0,200,6.0,8195,84,3,81,916,11.177547284929835,441,2999,1332.3333333333333,1.872905950277832,19.61130899635673
1,4.444,4011420,5,10,20000,20.0,300,4.0,8195,84,3,81,916,11.177547284929835,441,2999,1332.3333333333333,1.872905950277832,19.61130899635673
1,4.444,4011420,5,10,20000,20.0,300,5.0,8195,84,3,81,916,11.177547284929835,441,2999,1332.3333333333333,1.872905950277832,19.61130899635673
1,4.444,4011420,5,10,20000,20.0,300,6.0,8195,84,3,81,916,11.177547284929835,441,2999,1332.3333333333333,1.872905950277832,19.61130899635673
1,4.444,4011420,5,15,5000,5.0,100,4.0,2322,5,4,1,1262,54.34969853574505,121,382,256.0,1.815459827371932,8.992296815349341
1,4.444,4011420,5,15,5000,5.0,100,5.0,2322,5,4,1,1262,54.34969853574505,121,382,256.0,1.815459827371932,8.992296815349341
1,4.444,4011420,5,15,5000,5.0,100,6.0,2322,5,4,1,1262,54.34969853574505,121,382,256.0,1.815459827371932,8.992296815349341
1,4.444,4011420,5,15,5000,5.0,200,4.0,2322,5,2,3,1262,54.34969853574505,360,382,371.0,2.4179086764335618,8.654978587520453
1,4.444,4011420,5,15,5000,5.0,200,5.0,2322,5,2,3,1262,54.34969853574505,360,382,371.0,2.4179086764335618,8.654978587520453
1,4.444,4011420,5,15,5000,5.0,200,6.0,2322,5,2,3,1262,54.34969853574505,360,382,371.0,2.4179086764335618,8.654978587520453
1,4.444,4011420,5,15,5000,5.0,300,4.0,2322,5,2,3,1262,54.34969853574505,360,382,371.0,2.4179086764335618,8.654978587520453
1,4.444,4011420,5,15,5000,5.0,300,5.0,2322,5,2,3,1262,54.34969853574505,360,382,371.0,2.4179086764335618,8.654978587520453
1,4.444,4011420,5,15,5000,5.0,300,6.0,2322,5,2,3,1262,54.34969853574505,360,382,371.0,2.4179086764335618,8.654978587520453
1,4.444,4011420,5,15,10000,10.0,100,4.0,4559,20,4,16,2108,46.238210133801275,229,792,515.5,1.8608386624701625,9.364662069615845
1,4.444,4011420,5,15,10000,10.0,100,5.0,4559,20,4,16,2108,46.238210133801275,229,792,515.5,1.8608386624701625,9.364662069615845
1,4.444,4011420,5,15,10000,10.0,100,6.0,4559,20,4,16,2108,46.238210133801275,229,792,515.5,1.8608386624701625,9.364662069615845
1,4.444,4011420,5,15,10000,10.0,200,4.0,4559,20,4,16,2108,46.238210133801275,229,792,515.5,1.8608386624701625,9.364662069615845
1,4.444,4011420,5,15,10000,10.0,200,5.0,4559,20,4,16,2108,46.238210133801275,229,792,515.5,1.8608386624701625,9.364662069615845
1,4.444,4011420,5,15,10000,10.0,200,6.0,4559,20,4,16,2108,46.238210133801275,229,792,515.5,1.8608386624701625,9.364662069615845
1,4.444,4011420,5,15,10000,10.0,300,4.0,4559,20,3,17,2108,46.238210133801275,300,792,611.0,2.065508202733192,9.290680092663179
1,4.444,4011420,5,15,10000,10.0,300,5.0,4559,20,3,17,2108,46.238210133801275,300,792,611.0,2.065508202733192,9.290680092663179
1,4.444,4011420,5,15,10000,10.0,300,6.0,4559,20,3,17,2108,46.238210133801275,300,792,611.0,2.065508202733192,9.290680092663179
1,4.444,4011420,5,15,15000,15.0,100,4.0,6441,48,5,43,2138,33.19360347772085,110,1174,624.2,1.688409835721799,8.547317765309124
1,4.444,4011420,5,15,15000,15.0,100,5.0,6441,48,5,43,2138,33.19360347772085,110,1174,624.2,1.688409835721799,8.547317765309124
1,4.444,4011420,5,15,15000,15.0,100,6.0,6441,48,5,43,2138,33.19360347772085,110,1174,624.2,1.688409835721799,8.547317765309124
1,4.444,4011420,5,15,15000,15.0,200,4.0,6441,48,4,44,2138,33.19360347772085,323,1174,752.75,1.896392918046542,9.595112358329683
1,4.444,4011420,5,15,15000,15.0,200,5.0,6441,48,4,44,2138,33.19360347772085,323,1174,752.75,1.896392918046542,9.595112358329683
1,4.444,4011420,5,15,15000,15.0,200,6.0,6441,48,4,44,2138,33.19360347772085,323,1174,752.75,1.896392918046542,9.595112358329683
1,4.444,4011420,5,15,15000,15.0,300,4.0,6441,48,4,44,2138,33.19360347772085,323,1174,752.75,1.896392918046542,9.595112358329683
1,4.444,4011420,5,15,15000,15.0,300,5.0,6441,48,4,44,2138,33.19360347772085,323,1174,752.75,1.896392918046542,9.595112358329683
1,4.444,4011420,5,15,15000,15.0,300,6.0,6441,48,4,44,2138,33.19360347772085,323,1174,752.75,1.896392918046542,9.595112358329683
1,4.444,4011420,5,15,20000,20.0,100,4.0,8195,61,4,57,2088,25.47895057962172,142,2998,1033.75,1.6262414034831256,16.066142197563977
1,4.444,4011420,5,15,20000,20.0,100,5.0,8195,61,4,57,2088,25.47895057962172,142,2998,1033.75,1.6262414034831256,16.066142197563977
1,4.444,4011420,5,15,20000,20.0,100,6.0,8195,61,4,57,2088,25.47895057962172,142,2998,1033.75,1.6262414034831256,16.066142197563977
1,4.444,4011420,5,15,20000,20.0,200,4.0,8195,61,3,58,2088,25.47895057962172,438,2998,1331.0,1.8745568075751204,19.558091548843503
1,4.444,4011420,5,15,20000,20.0,200,5.0,8195,61,3,58,2088,25.47895057962172,438,2998,1331.0,1.8745568075751204,19.558091548843503
1,4.444,4011420,5,15,20000,20.0,200,6.0,8195,61,3,58,2088,25.47895057962172,438,2998,1331.0,1.8745568075751204,19.558091548843503
1,4.444,4011420,5,15,20000,20.0,300,4.0,8195,61,3,58,2088,25.47895057962172,438,2998,1331.0,1.8745568075751204,19.558091548843503
1,4.444,4011420,5,15,20000,20.0,300,5.0,8195,61,3,58,2088,25.47895057962172,438,2998,1331.0,1.8745568075751204,19.558091548843503
1,4.444,4011420,5,15,20000,20.0,300,6.0,8195,61,3,58,2088,25.47895057962172,438,2998,1331.0,1.8745568075751204,19.558091548843503
2,8.888,4015864,2,5,5000,5.0,100,4.0,2219,26,3,23,1121,50.5182514646237,113,375,286.0,1.8025768179153954,7.520467322658885
2,8.888,4015864,2,5,5000,5.0,100,5.0,2219,26,3,23,1121,50.5182514646237,113,375,286.0,1.8025768179153954,7.520467322658885
2,8.888,4015864,2,5,5000,5.0,100,6.0,2219,26,3,23,1121,50.5182514646237,113,375,286.0,1.8025768179153954,7.520467322658885
2,8.888,4015864,2,5,5000,5.0,200,4.0,2219,26,2,24,1121,50.5182514646237,370,375,372.5,2.254624867705056,8.350842489715923
2,8.888,4015864,2,5,5000,5.0,200,5.0,2219,26,2,24,1121,50.5182514646237,370,375,372.5,2.254624867705056,8.350842489715923
2,8.888,4015864,2,5,5000,5.0,200,6.0,2219,26,2,24,1121,50.5182514646237,370,375,372.5,2.254624867705056,8.350842489715923
2,8.888,4015864,2,5,5000,5.0,300,4.0,2219,26,2,24,1121,50.5182514646237,370,375,372.5,2.254624867705056,8.350842489715923
2,8.888,4015864,2,5,5000,5.0,300,5.0,2219,26,2,24,1121,50.5182514646237,370,375,372.5,2.254624867705056,8.350842489715923
2,8.888,4015864,2,5,5000,5.0,300,6.0,2219,26,2,24,1121,50.5182514646237,370,375,372.5,2.254624867705056,8.350842489715923
2,8.888,4015864,2,5,10000,10.0,100,4.0,4208,84,4,80,1672,39.73384030418251,204,749,481.75,1.7361049441127228,8.957370180323789
2,8.888,4015864,2,5,10000,10.0,100,5.0,4208,84,4,80,1672,39.73384030418251,204,749,481.75,1.7361049441127228,8.957370180323789
2,8.888,4015864,2,5,10000,10.0,100,6.0,4208,84,4,80,1672,39.73384030418251,204,749,481.75,1.7361049441127228,8.957370180323789
2,8.888,4015864,2,5,10000,10.0,200,4.0,4208,84,4,80,1672,39.73384030418251,204,749,481.75,1.7361049441127228,8.957370180323789
2,8.888,4015864,2,5,10000,10.0,200,5.0,4208,84,4,80,1672,39.73384030418251,204,749,481.75,1.7361049441127228,8.957370180323789
2,8.888,4015864,2,5,10000,10.0,200,6.0,4208,84,4,80,1672,39.73384030418251,204,749,481.75,1.7361049441127228,8.957370180323789
2,8.888,4015864,2,5,10000,10.0,300,4.0,4208,84,2,82,1672,39.73384030418251,730,749,739.5,2.3248971855891942,8.435549870863976
2,8.888,4015864,2,5,10000,10.0,300,5.0,4208,84,2,82,1672,39.73384030418251,730,749,739.5,2.3248971855891942,8.435549870863976
2,8.888,4015864,2,5,10000,10.0,300,6.0,4208,84,2,82,1672,39.73384030418251,730,749,739.5,2.3248971855891942,8.435549870863976
2,8.888,4015864,2,5,15000,15.0,100,4.0,5941,131,5,126,1908,32.11580541996297,105,1116,602.2,1.5186366904811568,8.028529583146554
2,8.888,4015864,2,5,15000,15.0,100,5.0,5941,131,5,126,1908,32.11580541996297,105,1116,602.2,1.5186366904811568,8.028529583146554
2,8.888,4015864,2,5,15000,15.0,100,6.0,5941,131,5,126,1908,32.11580541996297,105,1116,602.2,1.5186366904811568,8.028529583146554
2,8.888,4015864,2,5,15000,15.0,200,4.0,5941,131,4,127,1908,32.11580541996297,316,1116,726.5,1.6940884188881928,8.990307283191456
2,8.888,4015864,2,5,15000,15.0,200,5.0,5941,131,4,127,1908,32.11580541996297,316,1116,726.5,1.6940884188881928,8.990307283191456
2,8.888,4015864,2,5,15000,15.0,200,6.0,5941,131,4,127,1908,32.11580541996297,316,1116,726.5,1.6940884188881928,8.990307283191456
2,8.888,4015864,2,5,15000,15.0,300,4.0,5941,131,4,127,1908,32.11580541996297,316,1116,726.5,1.6940884188881928,8.990307283191456
2,8.888,4015864,2,5,15000,15.0,300,5.0,5941,131,4,127,1908,32.11580541996297,316,1116,726.5,1.6940884188881928,8.990307283191456
2,8.888,4015864,2,5,15000,15.0,300,6.0,5941,131,4,127,1908,32.11580541996297,316,1116,726.5,1.6940884188881928,8.990307283191456
2,8.888,4015864,2,5,20000,20.0,100,4.0,7673,196,5,191,1990,25.9350970937052,142,1476,802.2,1.5316910203349676,8.290039610949089
2,8.888,4015864,2,5,20000,20.0,100,5.0,7673,196,5,191,1990,25.9350970937052,142,1476,802.2,1.5316910203349676,8.290039610949089
2,8.888,4015864,2,5,20000,20.0,100,6.0,7673,196,5,191,1990,25.9350970937052,142,1476,802.2,1.5316910203349676,8.290039610949089
2,8.888,4015864,2,5,20000,20.0,200,4.0,7673,196,4,192,1990,25.9350970937052,430,1476,967.25,1.698702370957359,8.951103534896715
2,8.888,4015864,2,5,20000,20.0,200,5.0,7673,196,4,192,1990,25.9350970937052,430,1476,967.25,1.698702370957359,8.951103534896715
2,8.888,4015864,2,5,20000,20.0,200,6.0,7673,196,4,192,1990,25.9350970937052,430,1476,967.25,1.698702370957359,8.951103534896715
2,8.888,4015864,2,5,20000,20.0,300,4.0,7673,196,4,192,1990,25.9350970937052,430,1476,967.25,1.698702370957359,8.951103534896715
2,8.888,4015864,2,5,20000,20.0,300,5.0,7673,196,4,192,1990,25.9350970937052,430,1476,967.25,1.698702370957359,8.951103534896715
2,8.888,4015864,2,5,20000,20.0,300,6.0,7673,196,4,192,1990,25.9350970937052,430,1476,967.25,1.698702370957359,8.951103534896715
2,8.888,4015864,2,10,5000,5.0,100,4.0,2219,6,3,3,1315,59.26092834610185,110,358,269.6666666666667,1.7534628748112813,6.908758368105363
2,8.888,4015864,2,10,5000,5.0,100,5.0,2219,6,3,3,1315,59.26092834610185,110,358,269.6666666666667,1.7534628748112813,6.908758368105363
2,8.888,4015864,2,10,5000,5.0,100,6.0,2219,6,3,3,1315,59.26092834610185,110,358,269.6666666666667,1.7534628748112813,6.908758368105363
2,8.888,4015864,2,10,5000,5.0,200,4.0,2219,6,2,4,1315,59.26092834610185,341,358,349.5,2.1757397758551043,7.589531134155758
2,8.888,4015864,2,10,5000,5.0,200,5.0,2219,6,2,4,1315,59.26092834610185,341,358,349.5,2.1757397758551043,7.589531134155758
2,8.888,4015864,2,10,5000,5.0,200,6.0,2219,6,2,4,1315,59.26092834610185,341,358,349.5,2.1757397758551043,7.589531134155758
2,8.888,4015864,2,10,5000,5.0,300,4.0,2219,6,2,4,1315,59.26092834610185,341,358,349.5,2.1757397758551043,7.589531134155758
2,8.888,4015864,2,10,5000,5.0,300,5.0,2219,6,2,4,1315,59.26092834610185,341,358,349.5,2.1757397758551043,7.589531134155758
2,8.888,4015864,2,10,5000,5.0,300,6.0,2219,6,2,4,1315,59.26092834610185,341,358,349.5,2.1757397758551043,7.589531134155758
2,8.888,4015864,2,10,10000,10.0,100,4.0,4208,8,4,4,2204,52.37642585551331,119,744,456.5,1.6485127924344276,8.304311599737442
2,8.888,4015864,2,10,10000,10.0,100,5.0,4208,8,4,4,2204,52.37642585551331,119,744,456.5,1.6485127924344276,8.304311599737442
2,8.888,4015864,2,10,10000,10.0,100,6.0,4208,8,4,4,2204,52.37642585551331,119,744,456.5,1.6485127924344276,8.304311599737442
2,8.888,4015864,2,10,10000,10.0,200,4.0,4208,8,3,5,2204,52.37642585551331,242,744,569.0,1.8050207561356384,8.49665765139447
2,8.888,4015864,2,10,10000,10.0,200,5.0,4208,8,3,5,2204,52.37642585551331,242,744,569.0,1.8050207561356384,8.49665765139447
2,8.888,4015864,2,10,10000,10.0,200,6.0,4208,8,3,5,2204,52.37642585551331,242,744,569.0,1.8050207561356384,8.49665765139447
2,8.888,4015864,2,10,10000,10.0,300,4.0,4208,8,2,6,2204,52.37642585551331,721,744,732.5,2.2529856796580026,8.322326942900553
2,8.888,4015864,2,10,10000,10.0,300,5.0,4208,8,2,6,2204,52.37642585551331,721,744,732.5,2.2529856796580026,8.322326942900553
2,8.888,4015864,2,10,10000,10.0,300,6.0,4208,8,2,6,2204,52.37642585551331,721,744,732.5,2.2529856796580026,8.322326942900553
2,8.888,4015864,2,10,15000,15.0,100,4.0,5941,19,5,14,2778,46.75980474667564,105,1112,598.4,1.4888938231031947,7.996422284148805
2,8.888,4015864,2,10,15000,15.0,100,5.0,5941,19,5,14,2778,46.75980474667564,105,1112,598.4,1.4888938231031947,7.996422284148805
2,8.888,4015864,2,10,15000,15.0,100,6.0,5941,19,5,14,2778,46.75980474667564,105,1112,598.4,1.4888938231031947,7.996422284148805
2,8.888,4015864,2,10,15000,15.0,200,4.0,5941,19,4,15,2778,46.75980474667564,310,1112,721.75,1.6569098346657403,8.95017315944427
2,8.888,4015864,2,10,15000,15.0,200,5.0,5941,19,4,15,2778,46.75980474667564,310,1112,721.75,1.6569098346657403,8.95017315944427
2,8.888,4015864,2,10,15000,15.0,200,6.0,5941,19,4,15,2778,46.75980474667564,310,1112,721.75,1.6569098346657403,8.95017315944427
2,8.888,4015864,2,10,15000,15.0,300,4.0,5941,19,4,15,2778,46.75980474667564,310,1112,721.75,1.6569098346657403,8.95017315944427
2,8.888,4015864,2,10,15000,15.0,300,5.0,5941,19,4,15,2778,46.75980474667564,310,1112,721.75,1.6569098346657403,8.95017315944427
2,8.888,4015864,2,10,15000,15.0,300,6.0,5941,19,4,15,2778,46.75980474667564,310,1112,721.75,1.6569098346657403,8.95017315944427
2,8.888,4015864,2,10,20000,20.0,100,4.0,7673,28,5,23,3354,43.71171640818454,142,1472,797.8,1.4983518217309117,8.255102971777662
2,8.888,4015864,2,10,20000,20.0,100,5.0,7673,28,5,23,3354,43.71171640818454,142,1472,797.8,1.4983518217309117,8.255102971777662
2,8.888,4015864,2,10,20000,20.0,100,6.0,7673,28,5,23,3354,43.71171640818454,142,1472,797.8,1.4983518217309117,8.255102971777662
2,8.888,4015864,2,10,20000,20.0,200,4.0,7673,28,4,24,3354,43.71171640818454,425,1472,961.75,1.657028372702289,8.907432735932431
2,8.888,4015864,2,10,20000,20.0,200,5.0,7673,28,4,24,3354,43.71171640818454,425,1472,961.75,1.657028372702289,8.907432735932431
2,8.888,4015864,2,10,20000,20.0,200,6.0,7673,28,4,24,3354,43.71171640818454,425,1472,961.75,1.657028372702289,8.907432735932431
2,8.888,4015864,2,10,20000,20.0,300,4.0,7673,28,4,24,3354,43.71171640818454,425,1472,961.75,1.657028372702289,8.907432735932431
2,8.888,4015864,2,10,20000,20.0,300,5.0,7673,28,4,24,3354,43.71171640818454,425,1472,961.75,1.657028372702289,8.907432735932431
2,8.888,4015864,2,10,20000,20.0,300,6.0,7673,28,4,24,3354,43.71171640818454,425,1472,961.75,1.657028372702289,8.907432735932431
2,8.888,4015864,2,15,5000,5.0,100,4.0,2219,5,2,3,1425,64.21811626858945,316,322,319.0,2.1196360447119433,6.393964692575517
2,8.888,4015864,2,15,5000,5.0,100,5.0,2219,5,2,3,1425,64.21811626858945,316,322,319.0,2.1196360447119433,6.393964692575517
2,8.888,4015864,2,15,5000,5.0,100,6.0,2219,5,2,3,1425,64.21811626858945,316,322,319.0,2.1196360447119433,6.393964692575517
2,8.888,4015864,2,15,5000,5.0,200,4.0,2219,5,2,3,1425,64.21811626858945,316,322,319.0,2.1196360447119433,6.393964692575517
2,8.888,4015864,2,15,5000,5.0,200,5.0,2219,5,2,3,1425,64.21811626858945,316,322,319.0,2.1196360447119433,6.393964692575517
2,8.888,4015864,2,15,5000,5.0,200,6.0,2219,5,2,3,1425,64.21811626858945,316,322,319.0,2.1196360447119433,6.393964692575517
2,8.888,4015864,2,15,5000,5.0,300,4.0,2219,5,2,3,1425,64.21811626858945,316,322,319.0,2.1196360447119433,6.393964692575517
2,8.888,4015864,2,15,5000,5.0,300,5.0,2219,5,2,3,1425,64.21811626858945,316,322,319.0,2.1196360447119433,6.393964692575517
2,8.888,4015864,2,15,5000,5.0,300,6.0,2219,5,2,3,1425,64.21811626858945,316,322,319.0,2.1196360447119433,6.393964692575517
2,8.888,4015864,2,15,10000,10.0,100,4.0,4208,8,3,5,2296,54.56273764258555,208,734,549.6666666666666,1.7843834979351312,7.4563416846837915
2,8.888,4015864,2,15,10000,10.0,100,5.0,4208,8,3,5,2296,54.56273764258555,208,734,549.6666666666666,1.7843834979351312,7.4563416846837915
2,8.888,4015864,2,15,10000,10.0,100,6.0,4208,8,3,5,2296,54.56273764258555,208,734,549.6666666666666,1.7843834979351312,7.4563416846837915
2,8.888,4015864,2,15,10000,10.0,200,4.0,4208,8,3,5,2296,54.56273764258555,208,734,549.6666666666666,1.7843834979351312,7.4563416846837915
2,8.888,4015864,2,15,10000,10.0,200,5.0,4208,8,3,5,2296,54.56273764258555,208,734,549.6666666666666,1.7843834979351312,7.4563416846837915
2,8.888,4015864,2,15,10000,10.0,200,6.0,4208,8,3,5,2296,54.56273764258555,208,734,549.6666666666666,1.7843834979351312,7.4563416846837915
2,8.888,4015864,2,15,10000,10.0,300,4.0,4208,8,2,6,2296,54.56273764258555,707,734,720.5,2.2123963514674823,8.070702123767191
2,8.888,4015864,2,15,10000,10.0,300,5.0,4208,8,2,6,2296,54.56273764258555,707,734,720.5,2.2123963514674823,8.070702123767191
2,8.888,4015864,2,15,10000,10.0,300,6.0,4208,8,2,6,2296,54.56273764258555,707,734,720.5,2.2123963514674823,8.070702123767191
2,8.888,4015864,2,15,15000,15.0,100,4.0,5941,7,6,1,2940,49.48661841440835,104,1110,497.3333333333333,1.3718368356361104,6.708222273570832
2,8.888,4015864,2,15,15000,15.0,100,5.0,5941,7,6,1,2940,49.48661841440835,104,1110,497.3333333333333,1.3718368356361104,6.708222273570832
2,8.888,4015864,2,15,15000,15.0,100,6.0,5941,7,6,1,2940,49.48661841440835,104,1110,497.3333333333333,1.3718368356361104,6.708222273570832
2,8.888,4015864,2,15,15000,15.0,200,4.0,5941,7,3,4,2940,49.48661841440835,389,1110,857.0,1.764527545405439,8.556950200562905
2,8.888,4015864,2,15,15000,15.0,200,5.0,5941,7,3,4,2940,49.48661841440835,389,1110,857.0,1.764527545405439,8.556950200562905
2,8.888,4015864,2,15,15000,15.0,200,6.0,5941,7,3,4,2940,49.48661841440835,389,1110,857.0,1.764527545405439,8.556950200562905
2,8.888,4015864,2,15,15000,15.0,300,4.0,5941,7,3,4,2940,49.48661841440835,389,1110,857.0,1.764527545405439,8.556950200562905
2,8.888,4015864,2,15,15000,15.0,300,5.0,5941,7,3,4,2940,49.48661841440835,389,1110,857.0,1.764527545405439,8.556950200562905
2,8.888,4015864,2,15,15000,15.0,300,6.0,5941,7,3,4,2940,49.48661841440835,389,1110,857.0,1.764527545405439,8.556950200562905
2,8.888,4015864,2,15,20000,20.0,100,4.0,7673,6,5,1,3672,47.85611885833442,141,1470,796.6,1.493987733929215,8.237958689948455
2,8.888,4015864,2,15,20000,20.0,100,5.0,7673,6,5,1,3672,47.85611885833442,141,1470,796.6,1.493987733929215,8.237958689948455
2,8.888,4015864,2,15,20000,20.0,100,6.0,7673,6,5,1,3672,47.85611885833442,141,1470,796.6,1.493987733929215,8.237958689948455
2,8.888,4015864,2,15,20000,20.0,200,4.0,7673,6,4,2,3672,47.85611885833442,424,1470,960.5,1.6509692415608272,8.900978433233426
2,8.888,4015864,2,15,20000,20.0,200,5.0,7673,6,4,2,3672,47.85611885833442,424,1470,960.5,1.6509692415608272,8.900978433233426
2,8.888,4015864,2,15,20000,20.0,200,6.0,7673,6,4,2,3672,47.85611885833442,424,1470,960.5,1.6509692415608272,8.900978433233426
2,8.888,4015864,2,15,20000,20.0,300,4.0,7673,6,4,2,3672,47.85611885833442,424,1470,960.5,1.6509692415608272,8.900978433233426
2,8.888,4015864,2,15,20000,20.0,300,5.0,7673,6,4,2,3672,47.85611885833442,424,1470,960.5,1.6509692415608272,8.900978433233426
2,8.888,4015864,2,15,20000,20.0,300,6.0,7673,6,4,2,3672,47.85611885833442,424,1470,960.5,1.6509692415608272,8.900978433233426
2,8.888,4015864,3,5,5000,5.0,100,4.0,2219,46,3,43,963,43.39792699414151,114,380,288.6666666666667,1.8835703985599235,7.572600769165156
2,8.888,4015864,3,5,5000,5.0,100,5.0,2219,46,3,43,963,43.39792699414151,114,380,288.6666666666667,1.8835703985599235,7.572600769165156
2,8.888,4015864,3,5,5000,5.0,100,6.0,2219,46,3,43,963,43.39792699414151,114,380,288.6666666666667,1.8835703985599235,7.572600769165156
2,8.888,4015864,3,5,5000,5.0,200,4.0,2219,46,2,44,963,43.39792699414151,372,380,376.0,2.3280366857336134,8.440431192809935
2,8.888,4015864,3,5,5000,5.0,200,5.0,2219,46,2,44,963,43.39792699414151,372,380,376.0,2.3280366857336134,8.440431192809935
2,8.888,4015864,3,5,5000,5.0,200,6.0,2219,46,2,44,963,43.39792699414151,372,380,376.0,2.3280366857336134,8.440431192809935
2,8.888,4015864,3,5,5000,5.0,300,4.0,2219,46,2,44,963,43.39792699414151,372,380,376.0,2.3280366857336134,8.440431192809935
2,8.888,4015864,3,5,5000,5.0,300,5.0,2219,46,2,44,963,43.39792699414151,372,380,376.0,2.3280366857336134,8.440431192809935
2,8.888,4015864,3,5,5000,5.0,300,6.0,2219,46,2,44,963,43.39792699414151,372,380,376.0,2.3280366857336134,8.440431192809935
2,8.888,4015864,3,5,10000,10.0,100,4.0,4208,120,4,116,1226,29.134980988593156,215,749,486.75,1.8047373010905639,9.17712000692794
2,8.888,4015864,3,5,10000,10.0,100,5.0,4208,120,4,116,1226,29.134980988593156,215,749,486.75,1.8047373010905639,9.17712000692794
2,8.888,4015864,3,5,10000,10.0,100,6.0,4208,120,4,116,1226,29.134980988593156,215,749,486.75,1.8047373010905639,9.17712000692794
2,8.888,4015864,3,5,10000,10.0,200,4.0,4208,120,4,116,1226,29.134980988593156,215,749,486.75,1.8047373010905639,9.17712000692794
2,8.888,4015864,3,5,10000,10.0,200,5.0,4208,120,4,116,1226,29.134980988593156,215,749,486.75,1.8047373010905639,9.17712000692794
2,8.888,4015864,3,5,10000,10.0,200,6.0,4208,120,4,116,1226,29.134980988593156,215,749,486.75,1.8047373010905639,9.17712000692794
2,8.888,4015864,3,5,10000,10.0,300,4.0,4208,120,2,118,1226,29.134980988593156,735,749,742.0,2.3703575609201577,8.519426190472469
2,8.888,4015864,3,5,10000,10.0,300,5.0,4208,120,2,118,1226,29.134980988593156,735,749,742.0,2.3703575609201577,8.519426190472469
2,8.888,4015864,3,5,10000,10.0,300,6.0,4208,120,2,118,1226,29.134980988593156,735,749,742.0,2.3703575609201577,8.519426190472469
2,8.888,4015864,3,5,15000,15.0,100,4.0,5941,167,5,162,1224,20.60259215620266,105,1116,606.4,1.557996384397681,8.142931609780353
2,8.888,4015864,3,5,15000,15.0,100,5.0,5941,167,5,162,1224,20.60259215620266,105,1116,606.4,1.557996384397681,8.142931609780353
2,8.888,4015864,3,5,15000,15.0,100,6.0,5941,167,5,162,1224,20.60259215620266,105,1116,606.4,1.557996384397681,8.142931609780353
2,8.888,4015864,3,5,15000,15.0,200,4.0,5941,167,4,163,1224,20.60259215620266,328,1116,731.75,1.743288036283848,9.133309816483706
2,8.888,4015864,3,5,15000,15.0,200,5.0,5941,167,4,163,1224,20.60259215620266,328,1116,731.75,1.743288036283848,9.133309816483706
2,8.888,4015864,3,5,15000,15.0,200,6.0,5941,167,4,163,1224,20.60259215620266,328,1116,731.75,1.743288036283848,9.133309816483706
2,8.888,4015864,3,5,15000,15.0,300,4.0,5941,167,4,163,1224,20.60259215620266,328,1116,731.75,1.743288036283848,9.133309816483706
2,8.888,4015864,3,5,15000,15.0,300,5.0,5941,167,4,163,1224,20.60259215620266,328,1116,731.75,1.743288036283848,9.133309816483706
2,8.888,4015864,3,5,15000,15.0,300,6.0,5941,167,4,163,1224,20.60259215620266,328,1116,731.75,1.743288036283848,9.133309816483706
2,8.888,4015864,3,5,20000,20.0,100,4.0,7673,216,5,211,1130,14.72696468135019,142,1512,814.6,1.5877001779262367,8.683381183764705
2,8.888,4015864,3,5,20000,20.0,100,5.0,7673,216,5,211,1130,14.72696468135019,142,1512,814.6,1.5877001779262367,8.683381183764705
2,8.888,4015864,3,5,20000,20.0,100,6.0,7673,216,5,211,1130,14.72696468135019,142,1512,814.6,1.5877001779262367,8.683381183764705
2,8.888,4015864,3,5,20000,20.0,200,4.0,7673,216,4,212,1130,14.72696468135019,442,1512,982.75,1.7687138179464454,9.442780500916236
2,8.888,4015864,3,5,20000,20.0,200,5.0,7673,216,4,212,1130,14.72696468135019,442,1512,982.75,1.7687138179464454,9.442780500916236
2,8.888,4015864,3,5,20000,20.0,200,6.0,7673,216,4,212,1130,14.72696468135019,442,1512,982.75,1.7687138179464454,9.442780500916236
2,8.888,4015864,3,5,20000,20.0,300,4.0,7673,216,4,212,1130,14.72696468135019,442,1512,982.75,1.7687138179464454,9.442780500916236
2,8.888,4015864,3,5,20000,20.0,300,5.0,7673,216,4,212,1130,14.72696468135019,442,1512,982.75,1.7687138179464454,9.442780500916236
2,8.888,4015864,3,5,20000,20.0,300,6.0,7673,216,4,212,1130,14.72696468135019,442,1512,982.75,1.7687138179464454,9.442780500916236
2,8.888,4015864,3,10,5000,5.0,100,4.0,2219,5,3,2,1247,56.19648490310951,114,375,287.0,1.8451584960835061,7.522757362295508
2,8.888,4015864,3,10,5000,5.0,100,5.0,2219,5,3,2,1247,56.19648490310951,114,375,287.0,1.8451584960835061,7.522757362295508
2,8.888,4015864,3,10,5000,5.0,100,6.0,2219,5,3,2,1247,56.19648490310951,114,375,287.0,1.8451584960835061,7.522757362295508
2,8.888,4015864,3,10,5000,5.0,200,4.0,2219,5,2,3,1247,56.19648490310951,372,375,373.5,2.2704188320189873,8.365666082505463
2,8.888,4015864,3,10,5000,5.0,200,5.0,2219,5,2,3,1247,56.19648490310951,372,375,373.5,2.2704188320189873,8.365666082505463
2,8.888,4015864,3,10,5000,5.0,200,6.0,2219,5,2,3,1247,56.19648490310951,372,375,373.5,2.2704188320189873,8.365666082505463
2,8.888,4015864,3,10,5000,5.0,300,4.0,2219,5,2,3,1247,56.19648490310951,372,375,373.5,2.2704188320189873,8.365666082505463
2,8.888,4015864,3,10,5000,5.0,300,5.0,2219,5,2,3,1247,56.19648490310951,372,375,373.5,2.2704188320189873,8.365666082505463
2,8.888,4015864,3,10,5000,5.0,300,6.0,2219,5,2,3,1247,56.19648490310951,372,375,373.5,2.2704188320189873,8.365666082505463
2,8.888,4015864,3,10,10000,10.0,100,4.0,4208,18,4,14,2048,48.669201520912544,206,749,482.25,1.7615984311826285,8.983225610737874
2,8.888,4015864,3,10,10000,10.0,100,5.0,4208,18,4,14,2048,48.669201520912544,206,749,482.25,1.7615984311826285,8.983225610737874
2,8.888,4015864,3,10,10000,10.0,100,6.0,4208,18,4,14,2048,48.669201520912544,206,749,482.25,1.7615984311826285,8.983225610737874
2,8.888,4015864,3,10,10000,10.0,200,4.0,4208,18,4,14,2048,48.669201520912544,206,749,482.25,1.7615984311826285,8.983225610737874
2,8.888,4015864,3,10,10000,10.0,200,5.0,4208,18,4,14,2048,48.669201520912544,206,749,482.25,1.7615984311826285,8.983225610737874
2,8.888,4015864,3,10,10000,10.0,200,6.0,4208,18,4,14,2048,48.669201520912544,206,749,482.25,1.7615984311826285,8.983225610737874
2,8.888,4015864,3,10,10000,10.0,300,4.0,4208,18,2,16,2048,48.669201520912544,726,749,737.5,2.297553795694771,8.399035389062739
2,8.888,4015864,3,10,10000,10.0,300,5.0,4208,18,2,16,2048,48.669201520912544,726,749,737.5,2.297553795694771,8.399035389062739
2,8.888,4015864,3,10,10000,10.0,300,6.0,4208,18,2,16,2048,48.669201520912544,726,749,737.5,2.297553795694771,8.399035389062739
2,8.888,4015864,3,10,15000,15.0,100,4.0,5941,35,5,30,2477,41.69331762329574,105,1116,602.8,1.5334314991462468,8.03704313229775
2,8.888,4015864,3,10,15000,15.0,100,5.0,5941,35,5,30,2477,41.69331762329574,105,1116,602.8,1.5334314991462468,8.03704313229775
2,8.888,4015864,3,10,15000,15.0,100,6.0,5941,35,5,30,2477,41.69331762329574,105,1116,602.8,1.5334314991462468,8.03704313229775
2,8.888,4015864,3,10,15000,15.0,200,4.0,5941,35,4,31,2477,41.69331762329574,319,1116,727.25,1.7125819297195553,9.000949219630453
2,8.888,4015864,3,10,15000,15.0,200,5.0,5941,35,4,31,2477,41.69331762329574,319,1116,727.25,1.7125819297195553,9.000949219630453
2,8.888,4015864,3,10,15000,15.0,200,6.0,5941,35,4,31,2477,41.69331762329574,319,1116,727.25,1.7125819297195553,9.000949219630453
2,8.888,4015864,3,10,15000,15.0,300,4.0,5941,35,4,31,2477,41.69331762329574,319,1116,727.25,1.7125819297195553,9.000949219630453
2,8.888,4015864,3,10,15000,15.0,300,5.0,5941,35,4,31,2477,41.69331762329574,319,1116,727.25,1.7125819297195553,9.000949219630453
2,8.888,4015864,3,10,15000,15.0,300,6.0,5941,35,4,31,2477,41.69331762329574,319,1116,727.25,1.7125819297195553,9.000949219630453
2,8.888,4015864,3,10,20000,20.0,100,4.0,7673,73,5,68,2614,34.06750944871628,142,1477,803.6,1.543908037719624,8.309045392037474
2,8.888,4015864,3,10,20000,20.0,100,5.0,7673,73,5,68,2614,34.06750944871628,142,1477,803.6,1.543908037719624,8.309045392037474
2,8.888,4015864,3,10,20000,20.0,100,6.0,7673,73,5,68,2614,34.06750944871628,142,1477,803.6,1.543908037719624,8.309045392037474
2,8.888,4015864,3,10,20000,20.0,200,4.0,7673,73,4,69,2614,34.06750944871628,433,1477,969.0,1.7139736426881793,8.974860761257197
2,8.888,4015864,3,10,20000,20.0,200,5.0,7673,73,4,69,2614,34.06750944871628,433,1477,969.0,1.7139736426881793,8.974860761257197
2,8.888,4015864,3,10,20000,20.0,200,6.0,7673,73,4,69,2614,34.06750944871628,433,1477,969.0,1.7139736426881793,8.974860761257197
2,8.888,4015864,3,10,20000,20.0,300,4.0,7673,73,4,69,2614,34.06750944871628,433,1477,969.0,1.7139736426881793,8.974860761257197
2,8.888,4015864,3,10,20000,20.0,300,5.0,7673,73,4,69,2614,34.06750944871628,433,1477,969.0,1.7139736426881793,8.974860761257197
2,8.888,4015864,3,10,20000,20.0,300,6.0,7673,73,4,69,2614,34.06750944871628,433,1477,969.0,1.7139736426881793,8.974860761257197
2,8.888,4015864,3,15,5000,5.0,100,4.0,2219,6,3,3,1259,56.73726904010816,114,371,284.6666666666667,1.8426025304301523,7.400553620018054
2,8.888,4015864,3,15,5000,5.0,100,5.0,2219,6,3,3,1259,56.73726904010816,114,371,284.6666666666667,1.8426025304301523,7.400553620018054
2,8.888,4015864,3,15,5000,5.0,100,6.0,2219,6,3,3,1259,56.73726904010816,114,371,284.6666666666667,1.8426025304301523,7.400553620018054
2,8.888,4015864,3,15,5000,5.0,200,4.0,2219,6,2,4,1259,56.73726904010816,369,371,370.0,2.2665848835389566,8.182360469089282
2,8.888,4015864,3,15,5000,5.0,200,5.0,2219,6,2,4,1259,56.73726904010816,369,371,370.0,2.2665848835389566,8.182360469089282
2,8.888,4015864,3,15,5000,5.0,200,6.0,2219,6,2,4,1259,56.73726904010816,369,371,370.0,2.2665848835389566,8.182360469089282
2,8.888,4015864,3,15,5000,5.0,300,4.0,2219,6,2,4,1259,56.73726904010816,369,371,370.0,2.2665848835389566,8.182360469089282
2,8.888,4015864,3,15,5000,5.0,300,5.0,2219,6,2,4,1259,56.73726904010816,369,371,370.0,2.2665848835389566,8.182360469089282
2,8.888,4015864,3,15,5000,5.0,300,6.0,2219,6,2,4,1259,56.73726904010816,369,371,370.0,2.2665848835389566,8.182360469089282
2,8.888,4015864,3,15,10000,10.0,100,4.0,4208,6,4,2,2194,52.138783269961976,205,749,481.0,1.738936047316944,8.932706948163517
2,8.888,4015864,3,15,10000,10.0,100,5.0,4208,6,4,2,2194,52.138783269961976,205,749,481.0,1.738936047316944,8.932706948163517
2,8.888,4015864,3,15,10000,10.0,100,6.0,4208,6,4,2,2194,52.138783269961976,205,749,481.0,1.738936047316944,8.932706948163517
2,8.888,4015864,3,15,10000,10.0,200,4.0,4208,6,4,2,2194,52.138783269961976,205,749,481.0,1.738936047316944,8.932706948163517
2,8.888,4015864,3,15,10000,10.0,200,5.0,4208,6,4,2,2194,52.138783269961976,205,749,481.0,1.738936047316944,8.932706948163517
2,8.888,4015864,3,15,10000,10.0,200,6.0,4208,6,4,2,2194,52.138783269961976,205,749,481.0,1.738936047316944,8.932706948163517
2,8.888,4015864,3,15,10000,10.0,300,4.0,4208,6,2,4,2194,52.138783269961976,723,749,736.0,2.2755573204771586,8.380858931721685
2,8.888,4015864,3,15,10000,10.0,300,5.0,4208,6,2,4,2194,52.138783269961976,723,749,736.0,2.2755573204771586,8.380858931721685
2,8.888,4015864,3,15,10000,10.0,300,6.0,4208,6,2,4,2194,52.138783269961976,723,749,736.0,2.2755573204771586,8.380858931721685
2,8.888,4015864,3,15,15000,15.0,100,4.0,5941,10,5,5,2822,47.500420804578354,105,1116,602.2,1.5273011367519262,8.032051269343267
2,8.888,4015864,3,15,15000,15.0,100,5.0,5941,10,5,5,2822,47.500420804578354,105,1116,602.2,1.5273011367519262,8.032051269343267
2,8.888,4015864,3,15,15000,15.0,100,6.0,5941,10,5,5,2822,47.500420804578354,105,1116,602.2,1.5273011367519262,8.032051269343267
2,8.888,4015864,3,15,15000,15.0,200,4.0,5941,10,4,6,2822,47.500420804578354,319,1116,726.5,1.7049189767266548,8.994709390937349
2,8.888,4015864,3,15,15000,15.0,200,5.0,5941,10,4,6,2822,47.500420804578354,319,1116,726.5,1.7049189767266548,8.994709390937349
2,8.888,4015864,3,15,15000,15.0,200,6.0,5941,10,4,6,2822,47.500420804578354,319,1116,726.5,1.7049189767266548,8.994709390937349
2,8.888,4015864,3,15,15000,15.0,300,4.0,5941,10,4,6,2822,47.500420804578354,319,1116,726.5,1.7049189767266548,8.994709390937349
2,8.888,4015864,3,15,15000,15.0,300,5.0,5941,10,4,6,2822,47.500420804578354,319,1116,726.5,1.7049189767266548,8.994709390937349
2,8.888,4015864,3,15,15000,15.0,300,6.0,5941,10,4,6,2822,47.500420804578354,319,1116,726.5,1.7049189767266548,8.994709390937349
2,8.888,4015864,3,15,20000,20.0,100,4.0,7673,17,5,12,3397,44.27212302880229,142,1477,802.6,1.5347568562911402,8.295560702793663
2,8.888,4015864,3,15,20000,20.0,100,5.0,7673,17,5,12,3397,44.27212302880229,142,1477,802.6,1.5347568562911402,8.295560702793663
2,8.888,4015864,3,15,20000,20.0,100,6.0,7673,17,5,12,3397,44.27212302880229,142,1477,802.6,1.5347568562911402,8.295560702793663
2,8.888,4015864,3,15,20000,20.0,200,4.0,7673,17,4,13,3397,44.27212302880229,433,1477,967.75,1.7025346659025746,8.958004899702434
2,8.888,4015864,3,15,20000,20.0,200,5.0,7673,17,4,13,3397,44.27212302880229,433,1477,967.75,1.7025346659025746,8.958004899702434
2,8.888,4015864,3,15,20000,20.0,200,6.0,7673,17,4,13,3397,44.27212302880229,433,1477,967.75,1.7025346659025746,8.958004899702434
2,8.888,4015864,3,15,20000,20.0,300,4.0,7673,17,4,13,3397,44.27212302880229,433,1477,967.75,1.7025346659025746,8.958004899702434
2,8.888,4015864,3,15,20000,20.0,300,5.0,7673,17,4,13,3397,44.27212302880229,433,1477,967.75,1.7025346659025746,8.958004899702434
2,8.888,4015864,3,15,20000,20.0,300,6.0,7673,17,4,13,3397,44.27212302880229,433,1477,967.75,1.7025346659025746,8.958004899702434
2,8.888,4015864,4,5,5000,5.0,100,4.0,2219,58,3,55,818,36.863452005407844,124,381,292.6666666666667,1.8906132089284424,8.213817489875082
2,8.888,4015864,4,5,5000,5.0,100,5.0,2219,58,3,55,818,36.863452005407844,124,381,292.6666666666667,1.8906132089284424,8.213817489875082
2,8.888,4015864,4,5,5000,5.0,100,6.0,2219,58,3,55,818,36.863452005407844,124,381,292.6666666666667,1.8906132089284424,8.213817489875082
2,8.888,4015864,4,5,5000,5.0,200,4.0,2219,58,2,56,818,36.863452005407844,373,381,377.0,2.3530747989082155,8.46277811986236
2,8.888,4015864,4,5,5000,5.0,200,5.0,2219,58,2,56,818,36.863452005407844,373,381,377.0,2.3530747989082155,8.46277811986236
2,8.888,4015864,4,5,5000,5.0,200,6.0,2219,58,2,56,818,36.863452005407844,373,381,377.0,2.3530747989082155,8.46277811986236
2,8.888,4015864,4,5,5000,5.0,300,4.0,2219,58,2,56,818,36.863452005407844,373,381,377.0,2.3530747989082155,8.46277811986236
2,8.888,4015864,4,5,5000,5.0,300,5.0,2219,58,2,56,818,36.863452005407844,373,381,377.0,2.3530747989082155,8.46277811986236
2,8.888,4015864,4,5,5000,5.0,300,6.0,2219,58,2,56,818,36.863452005407844,373,381,377.0,2.3530747989082155,8.46277811986236
2,8.888,4015864,4,5,10000,10.0,100,4.0,4208,138,3,135,783,18.6074144486692,215,1523,662.3333333333334,1.9140306693450064,19.77712392302792
2,8.888,4015864,4,5,10000,10.0,100,5.0,4208,138,3,135,783,18.6074144486692,215,1523,662.3333333333334,1.9140306693450064,19.77712392302792
2,8.888,4015864,4,5,10000,10.0,100,6.0,4208,138,3,135,783,18.6074144486692,215,1523,662.3333333333334,1.9140306693450064,19.77712392302792
2,8.888,4015864,4,5,10000,10.0,200,4.0,4208,138,3,135,783,18.6074144486692,215,1523,662.3333333333334,1.9140306693450064,19.77712392302792
2,8.888,4015864,4,5,10000,10.0,200,5.0,4208,138,3,135,783,18.6074144486692,215,1523,662.3333333333334,1.9140306693450064,19.77712392302792
2,8.888,4015864,4,5,10000,10.0,200,6.0,4208,138,3,135,783,18.6074144486692,215,1523,662.3333333333334,1.9140306693450064,19.77712392302792
2,8.888,4015864,4,5,10000,10.0,300,4.0,4208,138,1,137,783,18.6074144486692,1523,1523,1523.0,3.2398515236073595,39.61593953889991
2,8.888,4015864,4,5,10000,10.0,300,5.0,4208,138,1,137,783,18.6074144486692,1523,1523,1523.0,3.2398515236073595,39.61593953889991
2,8.888,4015864,4,5,10000,10.0,300,6.0,4208,138,1,137,783,18.6074144486692,1523,1523,1523.0,3.2398515236073595,39.61593953889991
2,8.888,4015864,4,5,15000,15.0,100,4.0,5941,160,4,156,709,11.934017842114121,105,2247,768.75,1.590634468137738,15.927773170436417
2,8.888,4015864,4,5,15000,15.0,100,5.0,5941,160,4,156,709,11.934017842114121,105,2247,768.75,1.590634468137738,15.927773170436417
2,8.888,4015864,4,5,15000,15.0,100,6.0,5941,160,4,156,709,11.934017842114121,105,2247,768.75,1.590634468137738,15.927773170436417
2,8.888,4015864,4,5,15000,15.0,200,4.0,5941,160,3,157,709,11.934017842114121,328,2247,990.0,1.8485693652326465,19.84322463292624
2,8.888,4015864,4,5,15000,15.0,200,5.0,5941,160,3,157,709,11.934017842114121,328,2247,990.0,1.8485693652326465,19.84322463292624
2,8.888,4015864,4,5,15000,15.0,200,6.0,5941,160,3,157,709,11.934017842114121,328,2247,990.0,1.8485693652326465,19.84322463292624
2,8.888,4015864,4,5,15000,15.0,300,4.0,5941,160,3,157,709,11.934017842114121,328,2247,990.0,1.8485693652326465,19.84322463292624
2,8.888,4015864,4,5,15000,15.0,300,5.0,5941,160,3,157,709,11.934017842114121,328,2247,990.0,1.8485693652326465,19.84322463292624
2,8.888,4015864,4,5,15000,15.0,300,6.0,5941,160,3,157,709,11.934017842114121,328,2247,990.0,1.8485693652326465,19.84322463292624
2,8.888,4015864,4,5,20000,20.0,100,4.0,7673,176,4,172,559,7.285286068030757,142,2951,1019.0,1.57984397812302,16.26642097609823
2,8.888,4015864,4,5,20000,20.0,100,5.0,7673,176,4,172,559,7.285286068030757,142,2951,1019.0,1.57984397812302,16.26642097609823
2,8.888,4015864,4,5,20000,20.0,100,6.0,7673,176,5,171,559,7.285286068030757,102,2951,835.6,2.4248201236899773,14.763080482944412
2,8.888,4015864,4,5,20000,20.0,200,4.0,7673,176,3,173,559,7.285286068030757,442,2951,1311.3333333333333,1.818576764882226,19.80663332974478
2,8.888,4015864,4,5,20000,20.0,200,5.0,7673,176,3,173,559,7.285286068030757,442,2951,1311.3333333333333,1.818576764882226,19.80663332974478
2,8.888,4015864,4,5,20000,20.0,200,6.0,7673,176,3,173,559,7.285286068030757,442,2951,1311.3333333333333,1.818576764882226,19.80663332974478
2,8.888,4015864,4,5,20000,20.0,300,4.0,7673,176,3,173,559,7.285286068030757,442,2951,1311.3333333333333,1.818576764882226,19.80663332974478
2,8.888,4015864,4,5,20000,20.0,300,5.0,7673,176,3,173,559,7.285286068030757,442,2951,1311.3333333333333,1.818576764882226,19.80663332974478
2,8.888,4015864,4,5,20000,20.0,300,6.0,7673,176,3,173,559,7.285286068030757,442,2951,1311.3333333333333,1.818576764882226,19.80663332974478
2,8.888,4015864,4,10,5000,5.0,100,4.0,2219,7,3,4,1217,54.84452456061289,115,380,289.3333333333333,1.8920947229124716,7.615868900031697
2,8.888,4015864,4,10,5000,5.0,100,5.0,2219,7,3,4,1217,54.84452456061289,115,380,289.3333333333333,1.8920947229124716,7.615868900031697
2,8.888,4015864,4,10,5000,5.0,100,6.0,2219,7,3,4,1217,54.84452456061289,115,380,289.3333333333333,1.8920947229124716,7.615868900031697
2,8.888,4015864,4,10,5000,5.0,200,4.0,2219,7,2,5,1217,54.84452456061289,373,380,376.5,2.3421467797991893,8.435970430077631
2,8.888,4015864,4,10,5000,5.0,200,5.0,2219,7,2,5,1217,54.84452456061289,373,380,376.5,2.3421467797991893,8.435970430077631
2,8.888,4015864,4,10,5000,5.0,200,6.0,2219,7,2,5,1217,54.84452456061289,373,380,376.5,2.3421467797991893,8.435970430077631
2,8.888,4015864,4,10,5000,5.0,300,4.0,2219,7,2,5,1217,54.84452456061289,373,380,376.5,2.3421467797991893,8.435970430077631
2,8.888,4015864,4,10,5000,5.0,300,5.0,2219,7,2,5,1217,54.84452456061289,373,380,376.5,2.3421467797991893,8.435970430077631
2,8.888,4015864,4,10,5000,5.0,300,6.0,2219,7,2,5,1217,54.84452456061289,373,380,376.5,2.3421467797991893,8.435970430077631
2,8.888,4015864,4,10,10000,10.0,100,4.0,4208,26,4,22,1865,44.32034220532319,214,773,492.25,1.8410644872596869,9.433944884035027
2,8.888,4015864,4,10,10000,10.0,100,5.0,4208,26,4,22,1865,44.32034220532319,214,773,492.25,1.8410644872596869,9.433944884035027
2,8.888,4015864,4,10,10000,10.0,100,6.0,4208,26,4,22,1865,44.32034220532319,214,773,492.25,1.8410644872596869,9.433944884035027
2,8.888,4015864,4,10,10000,10.0,200,4.0,4208,26,4,22,1865,44.32034220532319,214,773,492.25,1.8410644872596869,9.433944884035027
2,8.888,4015864,4,10,10000,10.0,200,5.0,4208,26,4,22,1865,44.32034220532319,214,773,492.25,1.8410644872596869,9.433944884035027
2,8.888,4015864,4,10,10000,10.0,200,6.0,4208,26,4,22,1865,44.32034220532319,214,773,492.25,1.8410644872596869,9.433944884035027
2,8.888,4015864,4,10,10000,10.0,300,4.0,4208,26,2,24,1865,44.32034220532319,733,773,753.0,2.4302703520670184,9.05623117931018
2,8.888,4015864,4,10,10000,10.0,300,5.0,4208,26,2,24,1865,44.32034220532319,733,773,753.0,2.4302703520670184,9.05623117931018
2,8.888,4015864,4,10,10000,10.0,300,6.0,4208,26,2,24,1865,44.32034220532319,733,773,753.0,2.4302703520670184,9.05623117931018
2,8.888,4015864,4,10,15000,15.0,100,4.0,5941,60,5,55,1942,32.68809964652415,105,1140,611.0,1.5812129536751887,8.292724782390042
2,8.888,4015864,4,10,15000,15.0,100,5.0,5941,60,5,55,1942,32.68809964652415,105,1140,611.0,1.5812129536751887,8.292724782390042
2,8.888,4015864,4,10,15000,15.0,100,6.0,5941,60,5,55,1942,32.68809964652415,105,1140,611.0,1.5812129536751887,8.292724782390042
2,8.888,4015864,4,10,15000,15.0,200,4.0,5941,60,4,56,1942,32.68809964652415,327,1140,737.5,1.7723087478807327,9.320551282245816
2,8.888,4015864,4,10,15000,15.0,200,5.0,5941,60,4,56,1942,32.68809964652415,327,1140,737.5,1.7723087478807327,9.320551282245816
2,8.888,4015864,4,10,15000,15.0,200,6.0,5941,60,4,56,1942,32.68809964652415,327,1140,737.5,1.7723087478807327,9.320551282245816
2,8.888,4015864,4,10,15000,15.0,300,4.0,5941,60,4,56,1942,32.68809964652415,327,1140,737.5,1.7723087478807327,9.320551282245816
2,8.888,4015864,4,10,15000,15.0,300,5.0,5941,60,4,56,1942,32.68809964652415,327,1140,737.5,1.7723087478807327,9.320551282245816
2,8.888,4015864,4,10,15000,15.0,300,6.0,5941,60,4,56,1942,32.68809964652415,327,1140,737.5,1.7723087478807327,9.320551282245816
2,8.888,4015864,4,10,20000,20.0,100,4.0,7673,89,5,84,1926,25.101003518832268,142,1512,812.6,1.5711458220980583,8.6054110028631
2,8.888,4015864,4,10,20000,20.0,100,5.0,7673,89,5,84,1926,25.101003518832268,142,1512,812.6,1.5711458220980583,8.6054110028631
2,8.888,4015864,4,10,20000,20.0,100,6.0,7673,89,5,84,1926,25.101003518832268,142,1512,812.6,1.5711458220980583,8.6054110028631
2,8.888,4015864,4,10,20000,20.0,200,4.0,7673,89,4,85,1926,25.101003518832268,441,1512,980.25,1.7480208731612223,9.34531777478923
2,8.888,4015864,4,10,20000,20.0,200,5.0,7673,89,4,85,1926,25.101003518832268,441,1512,980.25,1.7480208731612223,9.34531777478923
2,8.888,4015864,4,10,20000,20.0,200,6.0,7673,89,4,85,1926,25.101003518832268,441,1512,980.25,1.7480208731612223,9.34531777478923
2,8.888,4015864,4,10,20000,20.0,300,4.0,7673,89,4,85,1926,25.101003518832268,441,1512,980.25,1.7480208731612223,9.34531777478923
2,8.888,4015864,4,10,20000,20.0,300,5.0,7673,89,4,85,1926,25.101003518832268,441,1512,980.25,1.7480208731612223,9.34531777478923
2,8.888,4015864,4,10,20000,20.0,300,6.0,7673,89,4,85,1926,25.101003518832268,441,1512,980.25,1.7480208731612223,9.34531777478923
2,8.888,4015864,4,15,5000,5.0,100,4.0,2219,5,3,2,1241,55.92609283461019,115,378,288.6666666666667,1.8742079253747426,7.5997582389526315
2,8.888,4015864,4,15,5000,5.0,100,5.0,2219,5,3,2,1241,55.92609283461019,115,378,288.6666666666667,1.8742079253747426,7.5997582389526315
2,8.888,4015864,4,15,5000,5.0,100,6.0,2219,5,3,2,1241,55.92609283461019,115,378,288.6666666666667,1.8742079253747426,7.5997582389526315
2,8.888,4015864,4,15,5000,5.0,200,4.0,2219,5,2,3,1241,55.92609283461019,373,378,375.5,2.3153165834925953,8.411804438459031
2,8.888,4015864,4,15,5000,5.0,200,5.0,2219,5,2,3,1241,55.92609283461019,373,378,375.5,2.3153165834925953,8.411804438459031
2,8.888,4015864,4,15,5000,5.0,200,6.0,2219,5,2,3,1241,55.92609283461019,373,378,375.5,2.3153165834925953,8.411804438459031
2,8.888,4015864,4,15,5000,5.0,300,4.0,2219,5,2,3,1241,55.92609283461019,373,378,375.5,2.3153165834925953,8.411804438459031
2,8.888,4015864,4,15,5000,5.0,300,5.0,2219,5,2,3,1241,55.92609283461019,373,378,375.5,2.3153165834925953,8.411804438459031
2,8.888,4015864,4,15,5000,5.0,300,6.0,2219,5,2,3,1241,55.92609283461019,373,378,375.5,2.3153165834925953,8.411804438459031
2,8.888,4015864,4,15,10000,10.0,100,4.0,4208,7,4,3,2159,51.30703422053232,208,752,485.0,1.7900496856288997,9.0325161417972
2,8.888,4015864,4,15,10000,10.0,100,5.0,4208,7,4,3,2159,51.30703422053232,208,752,485.0,1.7900496856288997,9.0325161417972
2,8.888,4015864,4,15,10000,10.0,100,6.0,4208,7,4,3,2159,51.30703422053232,208,752,485.0,1.7900496856288997,9.0325161417972
2,8.888,4015864,4,15,10000,10.0,200,4.0,4208,7,4,3,2159,51.30703422053232,208,752,485.0,1.7900496856288997,9.0325161417972
2,8.888,4015864,4,15,10000,10.0,200,5.0,4208,7,4,3,2159,51.30703422053232,208,752,485.0,1.7900496856288997,9.0325161417972
2,8.888,4015864,4,15,10000,10.0,200,6.0,4208,7,4,3,2159,51.30703422053232,208,752,485.0,1.7900496856288997,9.0325161417972
2,8.888,4015864,4,15,10000,10.0,300,4.0,4208,7,2,5,2159,51.30703422053232,731,752,741.5,2.343613048659282,8.474739837557959
2,8.888,4015864,4,15,10000,10.0,300,5.0,4208,7,2,5,2159,51.30703422053232,731,752,741.5,2.343613048659282,8.474739837557959
2,8.888,4015864,4,15,10000,10.0,300,6.0,4208,7,2,5,2159,51.30703422053232,731,752,741.5,2.343613048659282,8.474739837557959
2,8.888,4015864,4,15,15000,15.0,100,4.0,5941,17,5,12,2645,44.52112438983336,105,1120,606.2,1.5521323172908468,8.12003012080665
2,8.888,4015864,4,15,15000,15.0,100,5.0,5941,17,5,12,2645,44.52112438983336,105,1120,606.2,1.5521323172908468,8.12003012080665
2,8.888,4015864,4,15,15000,15.0,100,6.0,5941,17,5,12,2645,44.52112438983336,105,1120,606.2,1.5521323172908468,8.12003012080665
2,8.888,4015864,4,15,15000,15.0,200,4.0,5941,17,4,13,2645,44.52112438983336,326,1120,731.5,1.7359579524003055,9.104682955266576
2,8.888,4015864,4,15,15000,15.0,200,5.0,5941,17,4,13,2645,44.52112438983336,326,1120,731.5,1.7359579524003055,9.104682955266576
2,8.888,4015864,4,15,15000,15.0,200,6.0,5941,17,4,13,2645,44.52112438983336,326,1120,731.5,1.7359579524003055,9.104682955266576
2,8.888,4015864,4,15,15000,15.0,300,4.0,5941,17,4,13,2645,44.52112438983336,326,1120,731.5,1.7359579524003055,9.104682955266576
2,8.888,4015864,4,15,15000,15.0,300,5.0,5941,17,4,13,2645,44.52112438983336,326,1120,731.5,1.7359579524003055,9.104682955266576
2,8.888,4015864,4,15,15000,15.0,300,6.0,5941,17,4,13,2645,44.52112438983336,326,1120,731.5,1.7359579524003055,9.104682955266576
2,8.888,4015864,4,15,20000,20.0,100,4.0,7673,33,5,28,2967,38.66805682262479,142,1480,806.0,1.5519670240923278,8.366842354901014
2,8.888,4015864,4,15,20000,20.0,100,5.0,7673,33,5,28,2967,38.66805682262479,142,1480,806.0,1.5519670240923278,8.366842354901014
2,8.888,4015864,4,15,20000,20.0,100,6.0,7673,33,5,28,2967,38.66805682262479,142,1480,806.0,1.5519670240923278,8.366842354901014
2,8.888,4015864,4,15,20000,20.0,200,4.0,7673,33,4,29,2967,38.66805682262479,440,1480,972.0,1.724047375654059,9.047106964836622
2,8.888,4015864,4,15,20000,20.0,200,5.0,7673,33,4,29,2967,38.66805682262479,440,1480,972.0,1.724047375654059,9.047106964836622
2,8.888,4015864,4,15,20000,20.0,200,6.0,7673,33,4,29,2967,38.66805682262479,440,1480,972.0,1.724047375654059,9.047106964836622
2,8.888,4015864,4,15,20000,20.0,300,4.0,7673,33,4,29,2967,38.66805682262479,440,1480,972.0,1.724047375654059,9.047106964836622
2,8.888,4015864,4,15,20000,20.0,300,5.0,7673,33,4,29,2967,38.66805682262479,440,1480,972.0,1.724047375654059,9.047106964836622
2,8.888,4015864,4,15,20000,20.0,300,6.0,7673,33,4,29,2967,38.66805682262479,440,1480,972.0,1.724047375654059,9.047106964836622
2,8.888,4015864,5,5,5000,5.0,100,4.0,2219,72,3,69,601,27.08427219468229,124,391,299.0,1.9573633058071112,9.049389082785028
2,8.888,4015864,5,5,5000,5.0,100,5.0,2219,72,3,69,601,27.08427219468229,124,391,299.0,1.9573633058071112,9.049389082785028
2,8.888,4015864,5,5,5000,5.0,100,6.0,2219,72,3,69,601,27.08427219468229,124,391,299.0,1.9573633058071112,9.049389082785028
2,8.888,4015864,5,5,5000,5.0,200,4.0,2219,72,2,70,601,27.08427219468229,382,391,386.5,2.4531999442262187,9.716135509227279
2,8.888,4015864,5,5,5000,5.0,200,5.0,2219,72,2,70,601,27.08427219468229,382,391,386.5,2.4531999442262187,9.716135509227279
2,8.888,4015864,5,5,5000,5.0,200,6.0,2219,72,2,70,601,27.08427219468229,382,391,386.5,2.4531999442262187,9.716135509227279
2,8.888,4015864,5,5,5000,5.0,300,4.0,2219,72,2,70,601,27.08427219468229,382,391,386.5,2.4531999442262187,9.716135509227279
2,8.888,4015864,5,5,5000,5.0,300,5.0,2219,72,2,70,601,27.08427219468229,382,391,386.5,2.4531999442262187,9.716135509227279
2,8.888,4015864,5,5,5000,5.0,300,6.0,2219,72,2,70,601,27.08427219468229,382,391,386.5,2.4531999442262187,9.716135509227279
2,8.888,4015864,5,5,10000,10.0,100,4.0,4208,109,3,106,387,9.196768060836503,216,1524,663.0,1.9126444235109636,19.80985765682391
2,8.888,4015864,5,5,10000,10.0,100,5.0,4208,109,3,106,387,9.196768060836503,216,1524,663.0,1.9126444235109636,19.80985765682391
2,8.888,4015864,5,5,10000,10.0,100,6.0,4208,109,3,106,387,9.196768060836503,216,1524,663.0,1.9126444235109636,19.80985765682391
2,8.888,4015864,5,5,10000,10.0,200,4.0,4208,109,3,106,387,9.196768060836503,216,1524,663.0,1.9126444235109636,19.80985765682391
2,8.888,4015864,5,5,10000,10.0,200,5.0,4208,109,3,106,387,9.196768060836503,216,1524,663.0,1.9126444235109636,19.80985765682391
2,8.888,4015864,5,5,10000,10.0,200,6.0,4208,109,3,106,387,9.196768060836503,216,1524,663.0,1.9126444235109636,19.80985765682391
2,8.888,4015864,5,5,10000,10.0,300,4.0,4208,109,1,108,387,9.196768060836503,1524,1524,1524.0,3.2390362330209506,39.604070396422436
2,8.888,4015864,5,5,10000,10.0,300,5.0,4208,109,1,108,387,9.196768060836503,1524,1524,1524.0,3.2390362330209506,39.604070396422436
2,8.888,4015864,5,5,10000,10.0,300,6.0,4208,109,1,108,387,9.196768060836503,1524,1524,1524.0,3.2390362330209506,39.604070396422436
2,8.888,4015864,5,5,15000,15.0,100,4.0,5941,101,4,97,268,4.51102507995287,105,2247,769.0,1.5901050908736236,15.946862585813424
2,8.888,4015864,5,5,15000,15.0,100,5.0,5941,101,4,97,268,4.51102507995287,105,2247,769.0,1.5901050908736236,15.946862585813424
2,8.888,4015864,5,5,15000,15.0,100,6.0,5941,101,4,97,268,4.51102507995287,105,2247,769.0,1.5901050908736236,15.946862585813424
2,8.888,4015864,5,5,15000,15.0,200,4.0,5941,101,3,98,268,4.51102507995287,329,2247,990.3333333333334,1.847863528880494,19.868677186762252
2,8.888,4015864,5,5,15000,15.0,200,5.0,5941,101,3,98,268,4.51102507995287,329,2247,990.3333333333334,1.847863528880494,19.868677186762252
2,8.888,4015864,5,5,15000,15.0,200,6.0,5941,101,3,98,268,4.51102507995287,329,2247,990.3333333333334,1.847863528880494,19.868677186762252
2,8.888,4015864,5,5,15000,15.0,300,4.0,5941,101,3,98,268,4.51102507995287,329,2247,990.3333333333334,1.847863528880494,19.868677186762252
2,8.888,4015864,5,5,15000,15.0,300,5.0,5941,101,3,98,268,4.51102507995287,329,2247,990.3333333333334,1.847863528880494,19.868677186762252
2,8.888,4015864,5,5,15000,15.0,300,6.0,5941,101,3,98,268,4.51102507995287,329,2247,990.3333333333334,1.847863528880494,19.868677186762252
2,8.888,4015864,5,5,20000,20.0,100,4.0,7673,89,4,85,171,2.2285937703636125,142,2951,1019.25,1.5794698905608369,16.281464504010962
2,8.888,4015864,5,5,20000,20.0,100,5.0,7673,89,4,85,171,2.2285937703636125,142,2951,1019.25,1.5794698905608369,16.281464504010962
2,8.888,4015864,5,5,20000,20.0,100,6.0,7673,89,4,85,171,2.2285937703636125,142,2951,1019.25,1.5794698905608369,16.281464504010962
2,8.888,4015864,5,5,20000,20.0,200,4.0,7673,89,3,86,171,2.2285937703636125,443,2951,1311.6666666666667,1.8180779814659818,19.826691366961754
2,8.888,4015864,5,5,20000,20.0,200,5.0,7673,89,3,86,171,2.2285937703636125,443,2951,1311.6666666666667,1.8180779814659818,19.826691366961754
2,8.888,4015864,5,5,20000,20.0,200,6.0,7673,89,3,86,171,2.2285937703636125,443,2951,1311.6666666666667,1.8180779814659818,19.826691366961754
2,8.888,4015864,5,5,20000,20.0,300,4.0,7673,89,3,86,171,2.2285937703636125,443,2951,1311.6666666666667,1.8180779814659818,19.826691366961754
2,8.888,4015864,5,5,20000,20.0,300,5.0,7673,89,3,86,171,2.2285937703636125,443,2951,1311.6666666666667,1.8180779814659818,19.826691366961754
2,8.888,4015864,5,5,20000,20.0,300,6.0,7673,89,3,86,171,2.2285937703636125,443,2951,1311.6666666666667,1.8180779814659818,19.826691366961754
2,8.888,4015864,5,10,5000,5.0,100,4.0,2219,13,3,10,1124,50.65344749887337,124,381,293.0,1.8950922460386865,8.230841702246925
2,8.888,4015864,5,10,5000,5.0,100,5.0,2219,13,3,10,1124,50.65344749887337,124,381,293.0,1.8950922460386865,8.230841702246925
2,8.888,4015864,5,10,5000,5.0,100,6.0,2219,13,3,10,1124,50.65344749887337,124,381,293.0,1.8950922460386865,8.230841702246925
2,8.888,4015864,5,10,5000,5.0,200,4.0,2219,13,2,11,1124,50.65344749887337,374,381,377.5,2.359793354573582,8.488314438420126
2,8.888,4015864,5,10,5000,5.0,200,5.0,2219,13,2,11,1124,50.65344749887337,374,381,377.5,2.359793354573582,8.488314438420126
2,8.888,4015864,5,10,5000,5.0,200,6.0,2219,13,2,11,1124,50.65344749887337,374,381,377.5,2.359793354573582,8.488314438420126
2,8.888,4015864,5,10,5000,5.0,300,4.0,2219,13,2,11,1124,50.65344749887337,374,381,377.5,2.359793354573582,8.488314438420126
2,8.888,4015864,5,10,5000,5.0,300,5.0,2219,13,2,11,1124,50.65344749887337,374,381,377.5,2.359793354573582,8.488314438420126
2,8.888,4015864,5,10,5000,5.0,300,6.0,2219,13,2,11,1124,50.65344749887337,374,381,377.5,2.359793354573582,8.488314438420126
2,8.888,4015864,5,10,10000,10.0,100,4.0,4208,49,4,45,1403,33.34125475285171,215,782,495.0,1.8465788864726482,9.670451230476868
2,8.888,4015864,5,10,10000,10.0,100,5.0,4208,49,4,45,1403,33.34125475285171,215,782,495.0,1.8465788864726482,9.670451230476868
2,8.888,4015864,5,10,10000,10.0,100,6.0,4208,49,4,45,1403,33.34125475285171,215,782,495.0,1.8465788864726482,9.670451230476868
2,8.888,4015864,5,10,10000,10.0,200,4.0,4208,49,4,45,1403,33.34125475285171,215,782,495.0,1.8465788864726482,9.670451230476868
2,8.888,4015864,5,10,10000,10.0,200,5.0,4208,49,4,45,1403,33.34125475285171,215,782,495.0,1.8465788864726482,9.670451230476868
2,8.888,4015864,5,10,10000,10.0,200,6.0,4208,49,4,45,1403,33.34125475285171,215,782,495.0,1.8465788864726482,9.670451230476868
2,8.888,4015864,5,10,10000,10.0,300,4.0,4208,49,2,47,1403,33.34125475285171,734,782,758.0,2.4420375307314663,9.48318634586181
2,8.888,4015864,5,10,10000,10.0,300,5.0,4208,49,2,47,1403,33.34125475285171,734,782,758.0,2.4420375307314663,9.48318634586181
2,8.888,4015864,5,10,10000,10.0,300,6.0,4208,49,2,47,1403,33.34125475285171,734,782,758.0,2.4420375307314663,9.48318634586181
2,8.888,4015864,5,10,15000,15.0,100,4.0,5941,77,5,72,1237,20.82141053694664,105,1151,613.4,1.583574617237756,8.442626764034266
2,8.888,4015864,5,10,15000,15.0,100,5.0,5941,77,5,72,1237,20.82141053694664,105,1151,613.4,1.583574617237756,8.442626764034266
2,8.888,4015864,5,10,15000,15.0,100,6.0,5941,77,5,72,1237,20.82141053694664,105,1151,613.4,1.583574617237756,8.442626764034266
2,8.888,4015864,5,10,15000,15.0,200,4.0,5941,77,4,73,1237,20.82141053694664,328,1151,740.5,1.7752608273339419,9.507928759301096
2,8.888,4015864,5,10,15000,15.0,200,5.0,5941,77,4,73,1237,20.82141053694664,328,1151,740.5,1.7752608273339419,9.507928759301096
2,8.888,4015864,5,10,15000,15.0,200,6.0,5941,77,4,73,1237,20.82141053694664,328,1151,740.5,1.7752608273339419,9.507928759301096
2,8.888,4015864,5,10,15000,15.0,300,4.0,5941,77,4,73,1237,20.82141053694664,328,1151,740.5,1.7752608273339419,9.507928759301096
2,8.888,4015864,5,10,15000,15.0,300,5.0,5941,77,4,73,1237,20.82141053694664,328,1151,740.5,1.7752608273339419,9.507928759301096
2,8.888,4015864,5,10,15000,15.0,300,6.0,5941,77,4,73,1237,20.82141053694664,328,1151,740.5,1.7752608273339419,9.507928759301096
2,8.888,4015864,5,10,20000,20.0,100,4.0,7673,81,4,77,1123,14.635735696598463,142,2951,1019.0,1.57984397812302,16.26642097609823
2,8.888,4015864,5,10,20000,20.0,100,5.0,7673,81,4,77,1123,14.635735696598463,142,2951,1019.0,1.57984397812302,16.26642097609823
2,8.888,4015864,5,10,20000,20.0,100,6.0,7673,81,4,77,1123,14.635735696598463,142,2951,1019.0,1.57984397812302,16.26642097609823
2,8.888,4015864,5,10,20000,20.0,200,4.0,7673,81,3,78,1123,14.635735696598463,442,2951,1311.3333333333333,1.818576764882226,19.80663332974478
2,8.888,4015864,5,10,20000,20.0,200,5.0,7673,81,3,78,1123,14.635735696598463,442,2951,1311.3333333333333,1.818576764882226,19.80663332974478
2,8.888,4015864,5,10,20000,20.0,200,6.0,7673,81,3,78,1123,14.635735696598463,442,2951,1311.3333333333333,1.818576764882226,19.80663332974478
2,8.888,4015864,5,10,20000,20.0,300,4.0,7673,81,3,78,1123,14.635735696598463,442,2951,1311.3333333333333,1.818576764882226,19.80663332974478
2,8.888,4015864,5,10,20000,20.0,300,5.0,7673,81,3,78,1123,14.635735696598463,442,2951,1311.3333333333333,1.818576764882226,19.80663332974478
2,8.888,4015864,5,10,20000,20.0,300,6.0,7673,81,3,78,1123,14.635735696598463,442,2951,1311.3333333333333,1.818576764882226,19.80663332974478
2,8.888,4015864,5,15,5000,5.0,100,4.0,2219,5,3,2,1233,55.56557007661109,116,381,290.3333333333333,1.9029799870608042,7.701434054413826
2,8.888,4015864,5,15,5000,5.0,100,5.0,2219,5,3,2,1233,55.56557007661109,116,381,290.3333333333333,1.9029799870608042,7.701434054413826
2,8.888,4015864,5,15,5000,5.0,100,6.0,2219,5,3,2,1233,55.56557007661109,116,381,290.3333333333333,1.9029799870608042,7.701434054413826
2,8.888,4015864,5,15,5000,5.0,200,4.0,2219,5,2,3,1233,55.56557007661109,374,381,377.5,2.359793354573582,8.488314438420126
2,8.888,4015864,5,15,5000,5.0,200,5.0,2219,5,2,3,1233,55.56557007661109,374,381,377.5,2.359793354573582,8.488314438420126
2,8.888,4015864,5,15,5000,5.0,200,6.0,2219,5,2,3,1233,55.56557007661109,374,381,377.5,2.359793354573582,8.488314438420126
2,8.888,4015864,5,15,5000,5.0,300,4.0,2219,5,2,3,1233,55.56557007661109,374,381,377.5,2.359793354573582,8.488314438420126
2,8.888,4015864,5,15,5000,5.0,300,5.0,2219,5,2,3,1233,55.56557007661109,374,381,377.5,2.359793354573582,8.488314438420126
2,8.888,4015864,5,15,5000,5.0,300,6.0,2219,5,2,3,1233,55.56557007661109,374,381,377.5,2.359793354573582,8.488314438420126
2,8.888,4015864,5,15,10000,10.0,100,4.0,4208,15,4,11,1982,47.10076045627376,214,760,489.25,1.8238935021360938,9.24286385247301
2,8.888,4015864,5,15,10000,10.0,100,5.0,4208,15,4,11,1982,47.10076045627376,214,760,489.25,1.8238935021360938,9.24286385247301
2,8.888,4015864,5,15,10000,10.0,100,6.0,4208,15,4,11,1982,47.10076045627376,214,760,489.25,1.8238935021360938,9.24286385247301
2,8.888,4015864,5,15,10000,10.0,200,4.0,4208,15,4,11,1982,47.10076045627376,214,760,489.25,1.8238935021360938,9.24286385247301
2,8.888,4015864,5,15,10000,10.0,200,5.0,4208,15,4,11,1982,47.10076045627376,214,760,489.25,1.8238935021360938,9.24286385247301
2,8.888,4015864,5,15,10000,10.0,200,6.0,4208,15,4,11,1982,47.10076045627376,214,760,489.25,1.8238935021360938,9.24286385247301
2,8.888,4015864,5,15,10000,10.0,300,4.0,4208,15,2,13,1982,47.10076045627376,734,760,747.0,2.3959283818198323,8.674069116186145
2,8.888,4015864,5,15,10000,10.0,300,5.0,4208,15,2,13,1982,47.10076045627376,734,760,747.0,2.3959283818198323,8.674069116186145
2,8.888,4015864,5,15,10000,10.0,300,6.0,4208,15,2,13,1982,47.10076045627376,734,760,747.0,2.3959283818198323,8.674069116186145
2,8.888,4015864,5,15,15000,15.0,100,4.0,5941,34,5,29,2169,36.50900521797677,105,1127,608.6,1.568247159140363,8.191332238804701
2,8.888,4015864,5,15,15000,15.0,100,5.0,5941,34,5,29,2169,36.50900521797677,105,1127,608.6,1.568247159140363,8.191332238804701
2,8.888,4015864,5,15,15000,15.0,100,6.0,5941,34,5,29,2169,36.50900521797677,105,1127,608.6,1.568247159140363,8.191332238804701
2,8.888,4015864,5,15,15000,15.0,200,4.0,5941,34,4,30,2169,36.50900521797677,328,1127,734.5,1.7561015047122006,9.19381060276414
2,8.888,4015864,5,15,15000,15.0,200,5.0,5941,34,4,30,2169,36.50900521797677,328,1127,734.5,1.7561015047122006,9.19381060276414
2,8.888,4015864,5,15,15000,15.0,200,6.0,5941,34,4,30,2169,36.50900521797677,328,1127,734.5,1.7561015047122006,9.19381060276414
2,8.888,4015864,5,15,15000,15.0,300,4.0,5941,34,4,30,2169,36.50900521797677,328,1127,734.5,1.7561015047122006,9.19381060276414
2,8.888,4015864,5,15,15000,15.0,300,5.0,5941,34,4,30,2169,36.50900521797677,328,1127,734.5,1.7561015047122006,9.19381060276414
2,8.888,4015864,5,15,15000,15.0,300,6.0,5941,34,4,30,2169,36.50900521797677,328,1127,734.5,1.7561015047122006,9.19381060276414
2,8.888,4015864,5,15,20000,20.0,100,4.0,7673,54,5,49,2129,27.746644076632347,142,1487,808.0,1.5597318330913017,8.416434303246536
2,8.888,4015864,5,15,20000,20.0,100,5.0,7673,54,5,49,2129,27.746644076632347,142,1487,808.0,1.5597318330913017,8.416434303246536
2,8.888,4015864,5,15,20000,20.0,100,6.0,7673,54,5,49,2129,27.746644076632347,142,1487,808.0,1.5597318330913017,8.416434303246536
2,8.888,4015864,5,15,20000,20.0,200,4.0,7673,54,4,50,2129,27.746644076632347,442,1487,974.5,1.7337533869027766,9.109096900268526
2,8.888,4015864,5,15,20000,20.0,200,5.0,7673,54,4,50,2129,27.746644076632347,442,1487,974.5,1.7337533869027766,9.109096900268526
2,8.888,4015864,5,15,20000,20.0,200,6.0,7673,54,4,50,2129,27.746644076632347,442,1487,974.5,1.7337533869027766,9.109096900268526
2,8.888,4015864,5,15,20000,20.0,300,4.0,7673,54,4,50,2129,27.746644076632347,442,1487,974.5,1.7337533869027766,9.109096900268526
2,8.888,4015864,5,15,20000,20.0,300,5.0,7673,54,4,50,2129,27.746644076632347,442,1487,974.5,1.7337533869027766,9.109096900268526
2,8.888,4015864,5,15,20000,20.0,300,6.0,7673,54,4,50,2129,27.746644076632347,442,1487,974.5,1.7337533869027766,9.109096900268526
3,13.333,4020309,2,5,5000,5.0,100,4.0,2078,12,3,9,1008,48.50818094321463,146,374,286.6666666666667,1.7830364856363359,8.532833205525192
3,13.333,4020309,2,5,5000,5.0,100,5.0,2078,12,3,9,1008,48.50818094321463,146,374,286.6666666666667,1.7830364856363359,8.532833205525192
3,13.333,4020309,2,5,5000,5.0,100,6.0,2078,12,3,9,1008,48.50818094321463,146,374,286.6666666666667,1.7830364856363359,8.532833205525192
3,13.333,4020309,2,5,5000,5.0,200,4.0,2078,12,2,10,1008,48.50818094321463,340,374,357.0,2.2267095509001003,7.992728623502101
3,13.333,4020309,2,5,5000,5.0,200,5.0,2078,12,2,10,1008,48.50818094321463,340,374,357.0,2.2267095509001003,7.992728623502101
3,13.333,4020309,2,5,5000,5.0,200,6.0,2078,12,2,10,1008,48.50818094321463,340,374,357.0,2.2267095509001003,7.992728623502101
3,13.333,4020309,2,5,5000,5.0,300,4.0,2078,12,2,10,1008,48.50818094321463,340,374,357.0,2.2267095509001003,7.992728623502101
3,13.333,4020309,2,5,5000,5.0,300,5.0,2078,12,2,10,1008,48.50818094321463,340,374,357.0,2.2267095509001003,7.992728623502101
3,13.333,4020309,2,5,5000,5.0,300,6.0,2078,12,2,10,1008,48.50818094321463,340,374,357.0,2.2267095509001003,7.992728623502101
3,13.333,4020309,2,5,10000,10.0,100,4.0,3786,47,4,43,1432,37.82356048600106,246,740,492.25,1.6417743097433797,9.049267346951465
3,13.333,4020309,2,5,10000,10.0,100,5.0,3786,47,4,43,1432,37.82356048600106,246,740,492.25,1.6417743097433797,9.049267346951465
3,13.333,4020309,2,5,10000,10.0,100,6.0,3786,47,4,43,1432,37.82356048600106,246,740,492.25,1.6417743097433797,9.049267346951465
3,13.333,4020309,2,5,10000,10.0,200,4.0,3786,47,4,43,1432,37.82356048600106,246,740,492.25,1.6417743097433797,9.049267346951465
3,13.333,4020309,2,5,10000,10.0,200,5.0,3786,47,4,43,1432,37.82356048600106,246,740,492.25,1.6417743097433797,9.049267346951465
3,13.333,4020309,2,5,10000,10.0,200,6.0,3786,47,4,43,1432,37.82356048600106,246,740,492.25,1.6417743097433797,9.049267346951465
3,13.333,4020309,2,5,10000,10.0,300,4.0,3786,47,2,45,1432,37.82356048600106,699,740,719.5,2.1967952185553408,8.197980182032776
3,13.333,4020309,2,5,10000,10.0,300,5.0,3786,47,2,45,1432,37.82356048600106,699,740,719.5,2.1967952185553408,8.197980182032776
3,13.333,4020309,2,5,10000,10.0,300,6.0,3786,47,2,45,1432,37.82356048600106,699,740,719.5,2.1967952185553408,8.197980182032776
3,13.333,4020309,2,5,15000,15.0,100,4.0,5568,103,5,98,1731,31.088362068965516,109,1113,610.6,1.4784458047737314,8.036268196476017
3,13.333,4020309,2,5,15000,15.0,100,5.0,5568,103,5,98,1731,31.088362068965516,109,1113,610.6,1.4784458047737314,8.036268196476017
3,13.333,4020309,2,5,15000,15.0,100,6.0,5568,103,5,98,1731,31.088362068965516,109,1113,610.6,1.4784458047737314,8.036268196476017
3,13.333,4020309,2,5,15000,15.0,200,4.0,5568,103,4,99,1731,31.088362068965516,355,1113,736.0,1.6375472760481962,8.944097715677788
3,13.333,4020309,2,5,15000,15.0,200,5.0,5568,103,4,99,1731,31.088362068965516,355,1113,736.0,1.6375472760481962,8.944097715677788
3,13.333,4020309,2,5,15000,15.0,200,6.0,5568,103,4,99,1731,31.088362068965516,355,1113,736.0,1.6375472760481962,8.944097715677788
3,13.333,4020309,2,5,15000,15.0,300,4.0,5568,103,4,99,1731,31.088362068965516,355,1113,736.0,1.6375472760481962,8.944097715677788
3,13.333,4020309,2,5,15000,15.0,300,5.0,5568,103,4,99,1731,31.088362068965516,355,1113,736.0,1.6375472760481962,8.944097715677788
3,13.333,4020309,2,5,15000,15.0,300,6.0,5568,103,4,99,1731,31.088362068965516,355,1113,736.0,1.6375472760481962,8.944097715677788
3,13.333,4020309,2,5,20000,20.0,100,4.0,7188,156,5,151,1833,25.5008347245409,144,1480,802.6,1.4904243307262528,8.13632710651392
3,13.333,4020309,2,5,20000,20.0,100,5.0,7188,156,5,151,1833,25.5008347245409,144,1480,802.6,1.4904243307262528,8.13632710651392
3,13.333,4020309,2,5,20000,20.0,100,6.0,7188,156,5,151,1833,25.5008347245409,144,1480,802.6,1.4904243307262528,8.13632710651392
3,13.333,4020309,2,5,20000,20.0,200,4.0,7188,156,4,152,1833,25.5008347245409,436,1480,967.25,1.633154616629546,8.730647217940525
3,13.333,4020309,2,5,20000,20.0,200,5.0,7188,156,4,152,1833,25.5008347245409,436,1480,967.25,1.633154616629546,8.730647217940525
3,13.333,4020309,2,5,20000,20.0,200,6.0,7188,156,4,152,1833,25.5008347245409,436,1480,967.25,1.633154616629546,8.730647217940525
3,13.333,4020309,2,5,20000,20.0,300,4.0,7188,156,4,152,1833,25.5008347245409,436,1480,967.25,1.633154616629546,8.730647217940525
3,13.333,4020309,2,5,20000,20.0,300,5.0,7188,156,4,152,1833,25.5008347245409,436,1480,967.25,1.633154616629546,8.730647217940525
3,13.333,4020309,2,5,20000,20.0,300,6.0,7188,156,4,152,1833,25.5008347245409,436,1480,967.25,1.633154616629546,8.730647217940525
3,13.333,4020309,2,10,5000,5.0,100,4.0,2078,9,3,6,1113,53.56111645813282,114,340,262.3333333333333,1.7801859210021644,6.6833094942282285
3,13.333,4020309,2,10,5000,5.0,100,5.0,2078,9,3,6,1113,53.56111645813282,114,340,262.3333333333333,1.7801859210021644,6.6833094942282285
3,13.333,4020309,2,10,5000,5.0,100,6.0,2078,9,3,6,1113,53.56111645813282,114,340,262.3333333333333,1.7801859210021644,6.6833094942282285
3,13.333,4020309,2,10,5000,5.0,200,4.0,2078,9,2,7,1113,53.56111645813282,333,340,336.5,2.1833775100513897,7.327456756694296
3,13.333,4020309,2,10,5000,5.0,200,5.0,2078,9,2,7,1113,53.56111645813282,333,340,336.5,2.1833775100513897,7.327456756694296
3,13.333,4020309,2,10,5000,5.0,200,6.0,2078,9,2,7,1113,53.56111645813282,333,340,336.5,2.1833775100513897,7.327456756694296
3,13.333,4020309,2,10,5000,5.0,300,4.0,2078,9,2,7,1113,53.56111645813282,333,340,336.5,2.1833775100513897,7.327456756694296
3,13.333,4020309,2,10,5000,5.0,300,5.0,2078,9,2,7,1113,53.56111645813282,333,340,336.5,2.1833775100513897,7.327456756694296
3,13.333,4020309,2,10,5000,5.0,300,6.0,2078,9,2,7,1113,53.56111645813282,333,340,336.5,2.1833775100513897,7.327456756694296
3,13.333,4020309,2,10,10000,10.0,100,4.0,3786,7,4,3,1738,45.905969360802956,162,739,471.0,1.585292017261874,7.755050435569142
3,13.333,4020309,2,10,10000,10.0,100,5.0,3786,7,4,3,1738,45.905969360802956,162,739,471.0,1.585292017261874,7.755050435569142
3,13.333,4020309,2,10,10000,10.0,100,6.0,3786,7,4,3,1738,45.905969360802956,162,739,471.0,1.585292017261874,7.755050435569142
3,13.333,4020309,2,10,10000,10.0,200,4.0,3786,7,3,4,1738,45.905969360802956,284,739,574.0,1.749159157331057,8.645558152434539
3,13.333,4020309,2,10,10000,10.0,200,5.0,3786,7,3,4,1738,45.905969360802956,284,739,574.0,1.749159157331057,8.645558152434539
3,13.333,4020309,2,10,10000,10.0,200,6.0,3786,7,3,4,1738,45.905969360802956,284,739,574.0,1.749159157331057,8.645558152434539
3,13.333,4020309,2,10,10000,10.0,300,4.0,3786,7,2,5,1738,45.905969360802956,699,739,719.0,2.1971916144084402,8.186008310439693
3,13.333,4020309,2,10,10000,10.0,300,5.0,3786,7,2,5,1738,45.905969360802956,699,739,719.0,2.1971916144084402,8.186008310439693
3,13.333,4020309,2,10,10000,10.0,300,6.0,3786,7,2,5,1738,45.905969360802956,699,739,719.0,2.1971916144084402,8.186008310439693
3,13.333,4020309,2,10,15000,15.0,100,4.0,5568,11,5,6,2452,44.03735632183908,109,1110,608.4,1.4628090239205023,8.020639843048205
3,13.333,4020309,2,10,15000,15.0,100,5.0,5568,11,5,6,2452,44.03735632183908,109,1110,608.4,1.4628090239205023,8.020639843048205
3,13.333,4020309,2,10,15000,15.0,100,6.0,5568,11,5,6,2452,44.03735632183908,109,1110,608.4,1.4628090239205023,8.020639843048205
3,13.333,4020309,2,10,15000,15.0,200,4.0,5568,11,4,7,2452,44.03735632183908,349,1110,733.25,1.6180012999816595,8.924562273893024
3,13.333,4020309,2,10,15000,15.0,200,5.0,5568,11,4,7,2452,44.03735632183908,349,1110,733.25,1.6180012999816595,8.924562273893024
3,13.333,4020309,2,10,15000,15.0,200,6.0,5568,11,4,7,2452,44.03735632183908,349,1110,733.25,1.6180012999816595,8.924562273893024
3,13.333,4020309,2,10,15000,15.0,300,4.0,5568,11,4,7,2452,44.03735632183908,349,1110,733.25,1.6180012999816595,8.924562273893024
3,13.333,4020309,2,10,15000,15.0,300,5.0,5568,11,4,7,2452,44.03735632183908,349,1110,733.25,1.6180012999816595,8.924562273893024
3,13.333,4020309,2,10,15000,15.0,300,6.0,5568,11,4,7,2452,44.03735632183908,349,1110,733.25,1.6180012999816595,8.924562273893024
3,13.333,4020309,2,10,20000,20.0,100,4.0,7188,20,5,15,2965,41.24930439621591,144,1478,800.6,1.4776927382398115,8.12521328600752
3,13.333,4020309,2,10,20000,20.0,100,5.0,7188,20,5,15,2965,41.24930439621591,144,1478,800.6,1.4776927382398115,8.12521328600752
3,13.333,4020309,2,10,20000,20.0,100,6.0,7188,20,5,15,2965,41.24930439621591,144,1478,800.6,1.4776927382398115,8.12521328600752
3,13.333,4020309,2,10,20000,20.0,200,4.0,7188,20,4,16,2965,41.24930439621591,430,1478,964.75,1.6172401260214946,8.716754942307526
3,13.333,4020309,2,10,20000,20.0,200,5.0,7188,20,4,16,2965,41.24930439621591,430,1478,964.75,1.6172401260214946,8.716754942307526
3,13.333,4020309,2,10,20000,20.0,200,6.0,7188,20,4,16,2965,41.24930439621591,430,1478,964.75,1.6172401260214946,8.716754942307526
3,13.333,4020309,2,10,20000,20.0,300,4.0,7188,20,4,16,2965,41.24930439621591,430,1478,964.75,1.6172401260214946,8.716754942307526
3,13.333,4020309,2,10,20000,20.0,300,5.0,7188,20,4,16,2965,41.24930439621591,430,1478,964.75,1.6172401260214946,8.716754942307526
3,13.333,4020309,2,10,20000,20.0,300,6.0,7188,20,4,16,2965,41.24930439621591,430,1478,964.75,1.6172401260214946,8.716754942307526
3,13.333,4020309,2,15,5000,5.0,100,4.0,2078,6,3,3,1224,58.90279114533205,109,318,246.33333333333334,1.7471646578024025,6.01617406466172
3,13.333,4020309,2,15,5000,5.0,100,5.0,2078,6,3,3,1224,58.90279114533205,109,318,246.33333333333334,1.7471646578024025,6.01617406466172
3,13.333,4020309,2,15,5000,5.0,100,6.0,2078,6,3,3,1224,58.90279114533205,109,318,246.33333333333334,1.7471646578024025,6.01617406466172
3,13.333,4020309,2,15,5000,5.0,200,4.0,2078,6,2,4,1224,58.90279114533205,312,318,315.0,2.1340326617604464,6.510014174069435
3,13.333,4020309,2,15,5000,5.0,200,5.0,2078,6,2,4,1224,58.90279114533205,312,318,315.0,2.1340326617604464,6.510014174069435
3,13.333,4020309,2,15,5000,5.0,200,6.0,2078,6,2,4,1224,58.90279114533205,312,318,315.0,2.1340326617604464,6.510014174069435
3,13.333,4020309,2,15,5000,5.0,300,4.0,2078,6,2,4,1224,58.90279114533205,312,318,315.0,2.1340326617604464,6.510014174069435
3,13.333,4020309,2,15,5000,5.0,300,5.0,2078,6,2,4,1224,58.90279114533205,312,318,315.0,2.1340326617604464,6.510014174069435
3,13.333,4020309,2,15,5000,5.0,300,6.0,2078,6,2,4,1224,58.90279114533205,312,318,315.0,2.1340326617604464,6.510014174069435
3,13.333,4020309,2,15,10000,10.0,100,4.0,3786,9,3,6,1801,47.56999471737982,240,707,539.0,1.7541096773567124,7.100127926471991
3,13.333,4020309,2,15,10000,10.0,100,5.0,3786,9,3,6,1801,47.56999471737982,240,707,539.0,1.7541096773567124,7.100127926471991
3,13.333,4020309,2,15,10000,10.0,100,6.0,3786,9,3,6,1801,47.56999471737982,240,707,539.0,1.7541096773567124,7.100127926471991
3,13.333,4020309,2,15,10000,10.0,200,4.0,3786,9,3,6,1801,47.56999471737982,240,707,539.0,1.7541096773567124,7.100127926471991
3,13.333,4020309,2,15,10000,10.0,200,5.0,3786,9,3,6,1801,47.56999471737982,240,707,539.0,1.7541096773567124,7.100127926471991
3,13.333,4020309,2,15,10000,10.0,200,6.0,3786,9,3,6,1801,47.56999471737982,240,707,539.0,1.7541096773567124,7.100127926471991
3,13.333,4020309,2,15,10000,10.0,300,4.0,3786,9,2,7,1801,47.56999471737982,670,707,688.5,2.1828313763201166,7.481530922297795
3,13.333,4020309,2,15,10000,10.0,300,5.0,3786,9,2,7,1801,47.56999471737982,670,707,688.5,2.1828313763201166,7.481530922297795
3,13.333,4020309,2,15,10000,10.0,300,6.0,3786,9,2,7,1801,47.56999471737982,670,707,688.5,2.1828313763201166,7.481530922297795
3,13.333,4020309,2,15,15000,15.0,100,4.0,5568,5,5,0,2528,45.40229885057471,109,1110,608.0,1.461106699207858,8.020329186362044
3,13.333,4020309,2,15,15000,15.0,100,5.0,5568,5,5,0,2528,45.40229885057471,109,1110,608.0,1.461106699207858,8.020329186362044
3,13.333,4020309,2,15,15000,15.0,100,6.0,5568,5,5,0,2528,45.40229885057471,109,1110,608.0,1.461106699207858,8.020329186362044
3,13.333,4020309,2,15,15000,15.0,200,4.0,5568,5,4,1,2528,45.40229885057471,348,1110,732.75,1.6158733940908545,8.924173953035323
3,13.333,4020309,2,15,15000,15.0,200,5.0,5568,5,4,1,2528,45.40229885057471,348,1110,732.75,1.6158733940908545,8.924173953035323
3,13.333,4020309,2,15,15000,15.0,200,6.0,5568,5,4,1,2528,45.40229885057471,348,1110,732.75,1.6158733940908545,8.924173953035323
3,13.333,4020309,2,15,15000,15.0,300,4.0,5568,5,4,1,2528,45.40229885057471,348,1110,732.75,1.6158733940908545,8.924173953035323
3,13.333,4020309,2,15,15000,15.0,300,5.0,5568,5,4,1,2528,45.40229885057471,348,1110,732.75,1.6158733940908545,8.924173953035323
3,13.333,4020309,2,15,15000,15.0,300,6.0,5568,5,4,1,2528,45.40229885057471,348,1110,732.75,1.6158733940908545,8.924173953035323
3,13.333,4020309,2,15,20000,20.0,100,4.0,7188,5,5,0,3185,44.30996104618809,144,1478,800.6,1.4776927382398115,8.12521328600752
3,13.333,4020309,2,15,20000,20.0,100,5.0,7188,5,5,0,3185,44.30996104618809,144,1478,800.6,1.4776927382398115,8.12521328600752
3,13.333,4020309,2,15,20000,20.0,100,6.0,7188,5,5,0,3185,44.30996104618809,144,1478,800.6,1.4776927382398115,8.12521328600752
3,13.333,4020309,2,15,20000,20.0,200,4.0,7188,5,4,1,3185,44.30996104618809,430,1478,964.75,1.6172401260214946,8.716754942307526
3,13.333,4020309,2,15,20000,20.0,200,5.0,7188,5,4,1,3185,44.30996104618809,430,1478,964.75,1.6172401260214946,8.716754942307526
3,13.333,4020309,2,15,20000,20.0,200,6.0,7188,5,4,1,3185,44.30996104618809,430,1478,964.75,1.6172401260214946,8.716754942307526
3,13.333,4020309,2,15,20000,20.0,300,4.0,7188,5,4,1,3185,44.30996104618809,430,1478,964.75,1.6172401260214946,8.716754942307526
3,13.333,4020309,2,15,20000,20.0,300,5.0,7188,5,4,1,3185,44.30996104618809,430,1478,964.75,1.6172401260214946,8.716754942307526
3,13.333,4020309,2,15,20000,20.0,300,6.0,7188,5,4,1,3185,44.30996104618809,430,1478,964.75,1.6172401260214946,8.716754942307526
3,13.333,4020309,3,5,5000,5.0,100,4.0,2078,29,3,26,894,43.02213666987488,149,376,293.3333333333333,1.890440354329093,8.80673716685225
3,13.333,4020309,3,5,5000,5.0,100,5.0,2078,29,3,26,894,43.02213666987488,149,376,293.3333333333333,1.890440354329093,8.80673716685225
3,13.333,4020309,3,5,5000,5.0,100,6.0,2078,29,3,26,894,43.02213666987488,149,376,293.3333333333333,1.890440354329093,8.80673716685225
3,13.333,4020309,3,5,5000,5.0,200,4.0,2078,29,2,27,894,43.02213666987488,355,376,365.5,2.345451911833904,8.378956072729295
3,13.333,4020309,3,5,5000,5.0,200,5.0,2078,29,2,27,894,43.02213666987488,355,376,365.5,2.345451911833904,8.378956072729295
3,13.333,4020309,3,5,5000,5.0,200,6.0,2078,29,2,27,894,43.02213666987488,355,376,365.5,2.345451911833904,8.378956072729295
3,13.333,4020309,3,5,5000,5.0,300,4.0,2078,29,2,27,894,43.02213666987488,355,376,365.5,2.345451911833904,8.378956072729295
3,13.333,4020309,3,5,5000,5.0,300,5.0,2078,29,2,27,894,43.02213666987488,355,376,365.5,2.345451911833904,8.378956072729295
3,13.333,4020309,3,5,5000,5.0,300,6.0,2078,29,2,27,894,43.02213666987488,355,376,365.5,2.345451911833904,8.378956072729295
3,13.333,4020309,3,5,10000,10.0,100,4.0,3786,80,4,76,1153,30.45430533544638,248,741,495.5,1.690961745351552,9.08014056048725
3,13.333,4020309,3,5,10000,10.0,100,5.0,3786,80,4,76,1153,30.45430533544638,248,741,495.5,1.690961745351552,9.08014056048725
3,13.333,4020309,3,5,10000,10.0,100,6.0,3786,80,4,76,1153,30.45430533544638,248,741,495.5,1.690961745351552,9.08014056048725
3,13.333,4020309,3,5,10000,10.0,200,4.0,3786,80,4,76,1153,30.45430533544638,248,741,495.5,1.690961745351552,9.08014056048725
3,13.333,4020309,3,5,10000,10.0,200,5.0,3786,80,4,76,1153,30.45430533544638,248,741,495.5,1.690961745351552,9.08014056048725
3,13.333,4020309,3,5,10000,10.0,200,6.0,3786,80,4,76,1153,30.45430533544638,248,741,495.5,1.690961745351552,9.08014056048725
3,13.333,4020309,3,5,10000,10.0,300,4.0,3786,80,2,78,1153,30.45430533544638,706,741,723.5,2.2556004781642947,8.264317030400125
3,13.333,4020309,3,5,10000,10.0,300,5.0,3786,80,2,78,1153,30.45430533544638,706,741,723.5,2.2556004781642947,8.264317030400125
3,13.333,4020309,3,5,10000,10.0,300,6.0,3786,80,2,78,1153,30.45430533544638,706,741,723.5,2.2556004781642947,8.264317030400125
3,13.333,4020309,3,5,15000,15.0,100,4.0,5568,142,5,137,1244,22.341954022988507,109,1114,613.4,1.5090757460613662,8.070780302137802
3,13.333,4020309,3,5,15000,15.0,100,5.0,5568,142,5,137,1244,22.341954022988507,109,1114,613.4,1.5090757460613662,8.070780302137802
3,13.333,4020309,3,5,15000,15.0,100,6.0,5568,142,5,137,1244,22.341954022988507,109,1114,613.4,1.5090757460613662,8.070780302137802
3,13.333,4020309,3,5,15000,15.0,200,4.0,5568,142,4,138,1244,22.341954022988507,357,1114,739.5,1.6758347026577396,8.987237847755019
3,13.333,4020309,3,5,15000,15.0,200,5.0,5568,142,4,138,1244,22.341954022988507,357,1114,739.5,1.6758347026577396,8.987237847755019
3,13.333,4020309,3,5,15000,15.0,200,6.0,5568,142,4,138,1244,22.341954022988507,357,1114,739.5,1.6758347026577396,8.987237847755019
3,13.333,4020309,3,5,15000,15.0,300,4.0,5568,142,4,138,1244,22.341954022988507,357,1114,739.5,1.6758347026577396,8.987237847755019
3,13.333,4020309,3,5,15000,15.0,300,5.0,5568,142,4,138,1244,22.341954022988507,357,1114,739.5,1.6758347026577396,8.987237847755019
3,13.333,4020309,3,5,15000,15.0,300,6.0,5568,142,4,138,1244,22.341954022988507,357,1114,739.5,1.6758347026577396,8.987237847755019
3,13.333,4020309,3,5,20000,20.0,100,4.0,7188,183,5,178,1172,16.30495269894268,144,1482,805.8,1.5148587032231573,8.17267459113662
3,13.333,4020309,3,5,20000,20.0,100,5.0,7188,183,5,178,1172,16.30495269894268,144,1482,805.8,1.5148587032231573,8.17267459113662
3,13.333,4020309,3,5,20000,20.0,100,6.0,7188,183,5,178,1172,16.30495269894268,144,1482,805.8,1.5148587032231573,8.17267459113662
3,13.333,4020309,3,5,20000,20.0,200,4.0,7188,183,4,179,1172,16.30495269894268,438,1482,971.25,1.6636975822506768,8.7760815737189
3,13.333,4020309,3,5,20000,20.0,200,5.0,7188,183,4,179,1172,16.30495269894268,438,1482,971.25,1.6636975822506768,8.7760815737189
3,13.333,4020309,3,5,20000,20.0,200,6.0,7188,183,4,179,1172,16.30495269894268,438,1482,971.25,1.6636975822506768,8.7760815737189
3,13.333,4020309,3,5,20000,20.0,300,4.0,7188,183,4,179,1172,16.30495269894268,438,1482,971.25,1.6636975822506768,8.7760815737189
3,13.333,4020309,3,5,20000,20.0,300,5.0,7188,183,4,179,1172,16.30495269894268,438,1482,971.25,1.6636975822506768,8.7760815737189
3,13.333,4020309,3,5,20000,20.0,300,6.0,7188,183,4,179,1172,16.30495269894268,438,1482,971.25,1.6636975822506768,8.7760815737189
3,13.333,4020309,3,10,5000,5.0,100,4.0,2078,7,3,4,1026,49.37439846005775,149,376,291.3333333333333,1.8277498200875668,8.739211925856404
3,13.333,4020309,3,10,5000,5.0,100,5.0,2078,7,3,4,1026,49.37439846005775,149,376,291.3333333333333,1.8277498200875668,8.739211925856404
3,13.333,4020309,3,10,5000,5.0,100,6.0,2078,7,3,4,1026,49.37439846005775,149,376,291.3333333333333,1.8277498200875668,8.739211925856404
3,13.333,4020309,3,10,5000,5.0,200,4.0,2078,7,2,5,1026,49.37439846005775,349,376,362.5,2.251416110471615,8.277668211235527
3,13.333,4020309,3,10,5000,5.0,200,5.0,2078,7,2,5,1026,49.37439846005775,349,376,362.5,2.251416110471615,8.277668211235527
3,13.333,4020309,3,10,5000,5.0,200,6.0,2078,7,2,5,1026,49.37439846005775,349,376,362.5,2.251416110471615,8.277668211235527
3,13.333,4020309,3,10,5000,5.0,300,4.0,2078,7,2,5,1026,49.37439846005775,349,376,362.5,2.251416110471615,8.277668211235527
3,13.333,4020309,3,10,5000,5.0,300,5.0,2078,7,2,5,1026,49.37439846005775,349,376,362.5,2.251416110471615,8.277668211235527
3,13.333,4020309,3,10,5000,5.0,300,6.0,2078,7,2,5,1026,49.37439846005775,349,376,362.5,2.251416110471615,8.277668211235527
3,13.333,4020309,3,10,10000,10.0,100,4.0,3786,12,4,8,1641,43.34389857369255,248,741,494.0,1.666545831431054,9.053886110018615
3,13.333,4020309,3,10,10000,10.0,100,5.0,3786,12,4,8,1641,43.34389857369255,248,741,494.0,1.666545831431054,9.053886110018615
3,13.333,4020309,3,10,10000,10.0,100,6.0,3786,12,4,8,1641,43.34389857369255,248,741,494.0,1.666545831431054,9.053886110018615
3,13.333,4020309,3,10,10000,10.0,200,4.0,3786,12,4,8,1641,43.34389857369255,248,741,494.0,1.666545831431054,9.053886110018615
3,13.333,4020309,3,10,10000,10.0,200,5.0,3786,12,4,8,1641,43.34389857369255,248,741,494.0,1.666545831431054,9.053886110018615
3,13.333,4020309,3,10,10000,10.0,200,6.0,3786,12,4,8,1641,43.34389857369255,248,741,494.0,1.666545831431054,9.053886110018615
3,13.333,4020309,3,10,10000,10.0,300,4.0,3786,12,2,10,1641,43.34389857369255,700,741,720.5,2.2067686503232986,8.211808129462854
3,13.333,4020309,3,10,10000,10.0,300,5.0,3786,12,2,10,1641,43.34389857369255,700,741,720.5,2.2067686503232986,8.211808129462854
3,13.333,4020309,3,10,10000,10.0,300,6.0,3786,12,2,10,1641,43.34389857369255,700,741,720.5,2.2067686503232986,8.211808129462854
3,13.333,4020309,3,10,15000,15.0,100,4.0,5568,29,5,24,2156,38.72126436781609,109,1114,612.6,1.4978275991296315,8.055820121859195
3,13.333,4020309,3,10,15000,15.0,100,5.0,5568,29,5,24,2156,38.72126436781609,109,1114,612.6,1.4978275991296315,8.055820121859195
3,13.333,4020309,3,10,15000,15.0,100,6.0,5568,29,5,24,2156,38.72126436781609,109,1114,612.6,1.4978275991296315,8.055820121859195
3,13.333,4020309,3,10,15000,15.0,200,4.0,5568,29,4,25,2156,38.72126436781609,357,1114,738.5,1.661774518993071,8.96853762240676
3,13.333,4020309,3,10,15000,15.0,200,5.0,5568,29,4,25,2156,38.72126436781609,357,1114,738.5,1.661774518993071,8.96853762240676
3,13.333,4020309,3,10,15000,15.0,200,6.0,5568,29,4,25,2156,38.72126436781609,357,1114,738.5,1.661774518993071,8.96853762240676
3,13.333,4020309,3,10,15000,15.0,300,4.0,5568,29,4,25,2156,38.72126436781609,357,1114,738.5,1.661774518993071,8.96853762240676
3,13.333,4020309,3,10,15000,15.0,300,5.0,5568,29,4,25,2156,38.72126436781609,357,1114,738.5,1.661774518993071,8.96853762240676
3,13.333,4020309,3,10,15000,15.0,300,6.0,5568,29,4,25,2156,38.72126436781609,357,1114,738.5,1.661774518993071,8.96853762240676
3,13.333,4020309,3,10,20000,20.0,100,4.0,7188,52,5,47,2411,33.54201446855871,144,1482,804.8,1.5054072599818231,8.155090917850952
3,13.333,4020309,3,10,20000,20.0,100,5.0,7188,52,5,47,2411,33.54201446855871,144,1482,804.8,1.5054072599818231,8.155090917850952
3,13.333,4020309,3,10,20000,20.0,100,6.0,7188,52,5,47,2411,33.54201446855871,144,1482,804.8,1.5054072599818231,8.155090917850952
3,13.333,4020309,3,10,20000,20.0,200,4.0,7188,52,4,48,2411,33.54201446855871,438,1482,970.0,1.6518832781990092,8.754101982111814
3,13.333,4020309,3,10,20000,20.0,200,5.0,7188,52,4,48,2411,33.54201446855871,438,1482,970.0,1.6518832781990092,8.754101982111814
3,13.333,4020309,3,10,20000,20.0,200,6.0,7188,52,4,48,2411,33.54201446855871,438,1482,970.0,1.6518832781990092,8.754101982111814
3,13.333,4020309,3,10,20000,20.0,300,4.0,7188,52,4,48,2411,33.54201446855871,438,1482,970.0,1.6518832781990092,8.754101982111814
3,13.333,4020309,3,10,20000,20.0,300,5.0,7188,52,4,48,2411,33.54201446855871,438,1482,970.0,1.6518832781990092,8.754101982111814
3,13.333,4020309,3,10,20000,20.0,300,6.0,7188,52,4,48,2411,33.54201446855871,438,1482,970.0,1.6518832781990092,8.754101982111814
3,13.333,4020309,3,15,5000,5.0,100,4.0,2078,7,3,4,1074,51.684311838306066,115,367,274.6666666666667,1.8224660764957974,7.049481366907847
3,13.333,4020309,3,15,5000,5.0,100,5.0,2078,7,3,4,1074,51.684311838306066,115,367,274.6666666666667,1.8224660764957974,7.049481366907847
3,13.333,4020309,3,15,5000,5.0,100,6.0,2078,7,3,4,1074,51.684311838306066,115,367,274.6666666666667,1.8224660764957974,7.049481366907847
3,13.333,4020309,3,15,5000,5.0,200,4.0,2078,7,2,5,1074,51.684311838306066,342,367,354.5,2.2188166332450017,7.877377994081515
3,13.333,4020309,3,15,5000,5.0,200,5.0,2078,7,2,5,1074,51.684311838306066,342,367,354.5,2.2188166332450017,7.877377994081515
3,13.333,4020309,3,15,5000,5.0,200,6.0,2078,7,2,5,1074,51.684311838306066,342,367,354.5,2.2188166332450017,7.877377994081515
3,13.333,4020309,3,15,5000,5.0,300,4.0,2078,7,2,5,1074,51.684311838306066,342,367,354.5,2.2188166332450017,7.877377994081515
3,13.333,4020309,3,15,5000,5.0,300,5.0,2078,7,2,5,1074,51.684311838306066,342,367,354.5,2.2188166332450017,7.877377994081515
3,13.333,4020309,3,15,5000,5.0,300,6.0,2078,7,2,5,1074,51.684311838306066,342,367,354.5,2.2188166332450017,7.877377994081515
3,13.333,4020309,3,15,10000,10.0,100,4.0,3786,6,4,2,1722,45.48335974643423,248,741,494.0,1.666545831431054,9.053886110018615
3,13.333,4020309,3,15,10000,10.0,100,5.0,3786,6,4,2,1722,45.48335974643423,248,741,494.0,1.666545831431054,9.053886110018615
3,13.333,4020309,3,15,10000,10.0,100,6.0,3786,6,4,2,1722,45.48335974643423,248,741,494.0,1.666545831431054,9.053886110018615
3,13.333,4020309,3,15,10000,10.0,200,4.0,3786,6,4,2,1722,45.48335974643423,248,741,494.0,1.666545831431054,9.053886110018615
3,13.333,4020309,3,15,10000,10.0,200,5.0,3786,6,4,2,1722,45.48335974643423,248,741,494.0,1.666545831431054,9.053886110018615
3,13.333,4020309,3,15,10000,10.0,200,6.0,3786,6,4,2,1722,45.48335974643423,248,741,494.0,1.666545831431054,9.053886110018615
3,13.333,4020309,3,15,10000,10.0,300,4.0,3786,6,2,4,1722,45.48335974643423,700,741,720.5,2.2067686503232986,8.211808129462854
3,13.333,4020309,3,15,10000,10.0,300,5.0,3786,6,2,4,1722,45.48335974643423,700,741,720.5,2.2067686503232986,8.211808129462854
3,13.333,4020309,3,15,10000,10.0,300,6.0,3786,6,2,4,1722,45.48335974643423,700,741,720.5,2.2067686503232986,8.211808129462854
3,13.333,4020309,3,15,15000,15.0,100,4.0,5568,10,5,5,2418,43.42672413793103,109,1112,611.4,1.4889420321266293,8.038084613554018
3,13.333,4020309,3,15,15000,15.0,100,5.0,5568,10,5,5,2418,43.42672413793103,109,1112,611.4,1.4889420321266293,8.038084613554018
3,13.333,4020309,3,15,15000,15.0,100,6.0,5568,10,5,5,2418,43.42672413793103,109,1112,611.4,1.4889420321266293,8.038084613554018
3,13.333,4020309,3,15,15000,15.0,200,4.0,5568,10,4,6,2418,43.42672413793103,357,1112,737.0,1.6506675602393184,8.94636823702529
3,13.333,4020309,3,15,15000,15.0,200,5.0,5568,10,4,6,2418,43.42672413793103,357,1112,737.0,1.6506675602393184,8.94636823702529
3,13.333,4020309,3,15,15000,15.0,200,6.0,5568,10,4,6,2418,43.42672413793103,357,1112,737.0,1.6506675602393184,8.94636823702529
3,13.333,4020309,3,15,15000,15.0,300,4.0,5568,10,4,6,2418,43.42672413793103,357,1112,737.0,1.6506675602393184,8.94636823702529
3,13.333,4020309,3,15,15000,15.0,300,5.0,5568,10,4,6,2418,43.42672413793103,357,1112,737.0,1.6506675602393184,8.94636823702529
3,13.333,4020309,3,15,15000,15.0,300,6.0,5568,10,4,6,2418,43.42672413793103,357,1112,737.0,1.6506675602393184,8.94636823702529
3,13.333,4020309,3,15,20000,20.0,100,4.0,7188,14,5,9,2960,41.17974401780746,144,1482,804.8,1.5054072599818231,8.155090917850952
3,13.333,4020309,3,15,20000,20.0,100,5.0,7188,14,5,9,2960,41.17974401780746,144,1482,804.8,1.5054072599818231,8.155090917850952
3,13.333,4020309,3,15,20000,20.0,100,6.0,7188,14,5,9,2960,41.17974401780746,144,1482,804.8,1.5054072599818231,8.155090917850952
3,13.333,4020309,3,15,20000,20.0,200,4.0,7188,14,4,10,2960,41.17974401780746,438,1482,970.0,1.6518832781990092,8.754101982111814
3,13.333,4020309,3,15,20000,20.0,200,5.0,7188,14,4,10,2960,41.17974401780746,438,1482,970.0,1.6518832781990092,8.754101982111814
3,13.333,4020309,3,15,20000,20.0,200,6.0,7188,14,4,10,2960,41.17974401780746,438,1482,970.0,1.6518832781990092,8.754101982111814
3,13.333,4020309,3,15,20000,20.0,300,4.0,7188,14,4,10,2960,41.17974401780746,438,1482,970.0,1.6518832781990092,8.754101982111814
3,13.333,4020309,3,15,20000,20.0,300,5.0,7188,14,4,10,2960,41.17974401780746,438,1482,970.0,1.6518832781990092,8.754101982111814
3,13.333,4020309,3,15,20000,20.0,300,6.0,7188,14,4,10,2960,41.17974401780746,438,1482,970.0,1.6518832781990092,8.754101982111814
3,13.333,4020309,4,5,5000,5.0,100,4.0,2078,39,4,35,798,38.40230991337825,131,388,256.5,1.8409342465268719,9.504481086763974
3,13.333,4020309,4,5,5000,5.0,100,5.0,2078,39,4,35,798,38.40230991337825,131,388,256.5,1.8409342465268719,9.504481086763974
3,13.333,4020309,4,5,5000,5.0,100,6.0,2078,39,4,35,798,38.40230991337825,131,388,256.5,1.8409342465268719,9.504481086763974
3,13.333,4020309,4,5,5000,5.0,200,4.0,2078,39,2,37,798,38.40230991337825,357,388,372.5,2.4693016134205052,9.031034010612307
3,13.333,4020309,4,5,5000,5.0,200,5.0,2078,39,2,37,798,38.40230991337825,357,388,372.5,2.4693016134205052,9.031034010612307
3,13.333,4020309,4,5,5000,5.0,200,6.0,2078,39,2,37,798,38.40230991337825,357,388,372.5,2.4693016134205052,9.031034010612307
3,13.333,4020309,4,5,5000,5.0,300,4.0,2078,39,2,37,798,38.40230991337825,357,388,372.5,2.4693016134205052,9.031034010612307
3,13.333,4020309,4,5,5000,5.0,300,5.0,2078,39,2,37,798,38.40230991337825,357,388,372.5,2.4693016134205052,9.031034010612307
3,13.333,4020309,4,5,5000,5.0,300,6.0,2078,39,2,37,798,38.40230991337825,357,388,372.5,2.4693016134205052,9.031034010612307
3,13.333,4020309,4,5,10000,10.0,100,4.0,3786,95,4,91,886,23.402007395668253,248,753,499.25,1.7306826270580138,9.267471447732026
3,13.333,4020309,4,5,10000,10.0,100,5.0,3786,95,4,91,886,23.402007395668253,248,753,499.25,1.7306826270580138,9.267471447732026
3,13.333,4020309,4,5,10000,10.0,100,6.0,3786,95,4,91,886,23.402007395668253,248,753,499.25,1.7306826270580138,9.267471447732026
3,13.333,4020309,4,5,10000,10.0,200,4.0,3786,95,4,91,886,23.402007395668253,248,753,499.25,1.7306826270580138,9.267471447732026
3,13.333,4020309,4,5,10000,10.0,200,5.0,3786,95,4,91,886,23.402007395668253,248,753,499.25,1.7306826270580138,9.267471447732026
3,13.333,4020309,4,5,10000,10.0,200,6.0,3786,95,4,91,886,23.402007395668253,248,753,499.25,1.7306826270580138,9.267471447732026
3,13.333,4020309,4,5,10000,10.0,300,4.0,3786,95,2,93,886,23.402007395668253,708,753,730.5,2.323443739794171,8.622545810716268
3,13.333,4020309,4,5,10000,10.0,300,5.0,3786,95,2,93,886,23.402007395668253,708,753,730.5,2.323443739794171,8.622545810716268
3,13.333,4020309,4,5,10000,10.0,300,6.0,3786,95,2,93,886,23.402007395668253,708,753,730.5,2.323443739794171,8.622545810716268
3,13.333,4020309,4,5,15000,15.0,100,4.0,5568,144,4,140,757,13.595545977011493,109,2191,774.25,1.5434299838556655,15.970427176326162
3,13.333,4020309,4,5,15000,15.0,100,5.0,5568,144,4,140,757,13.595545977011493,109,2191,774.25,1.5434299838556655,15.970427176326162
3,13.333,4020309,4,5,15000,15.0,100,6.0,5568,144,4,140,757,13.595545977011493,109,2191,774.25,1.5434299838556655,15.970427176326162
3,13.333,4020309,4,5,15000,15.0,200,4.0,5568,144,3,141,757,13.595545977011493,357,2191,996.0,1.7772266719155965,19.825586195211905
3,13.333,4020309,4,5,15000,15.0,200,5.0,5568,144,3,141,757,13.595545977011493,357,2191,996.0,1.7772266719155965,19.825586195211905
3,13.333,4020309,4,5,15000,15.0,200,6.0,5568,144,3,141,757,13.595545977011493,357,2191,996.0,1.7772266719155965,19.825586195211905
3,13.333,4020309,4,5,15000,15.0,300,4.0,5568,144,3,141,757,13.595545977011493,357,2191,996.0,1.7772266719155965,19.825586195211905
3,13.333,4020309,4,5,15000,15.0,300,5.0,5568,144,3,141,757,13.595545977011493,357,2191,996.0,1.7772266719155965,19.825586195211905
3,13.333,4020309,4,5,15000,15.0,300,6.0,5568,144,3,141,757,13.595545977011493,357,2191,996.0,1.7772266719155965,19.825586195211905
3,13.333,4020309,4,5,20000,20.0,100,4.0,7188,156,4,152,680,9.460211463550362,144,2910,1015.25,1.5523585597962064,16.131630827673373
3,13.333,4020309,4,5,20000,20.0,100,5.0,7188,156,4,152,680,9.460211463550362,144,2910,1015.25,1.5523585597962064,16.131630827673373
3,13.333,4020309,4,5,20000,20.0,100,6.0,7188,156,4,152,680,9.460211463550362,144,2910,1015.25,1.5523585597962064,16.131630827673373
3,13.333,4020309,4,5,20000,20.0,200,4.0,7188,156,3,153,680,9.460211463550362,438,2910,1305.6666666666667,1.763310350690582,19.58915888329533
3,13.333,4020309,4,5,20000,20.0,200,5.0,7188,156,3,153,680,9.460211463550362,438,2910,1305.6666666666667,1.763310350690582,19.58915888329533
3,13.333,4020309,4,5,20000,20.0,200,6.0,7188,156,3,153,680,9.460211463550362,438,2910,1305.6666666666667,1.763310350690582,19.58915888329533
3,13.333,4020309,4,5,20000,20.0,300,4.0,7188,156,3,153,680,9.460211463550362,438,2910,1305.6666666666667,1.763310350690582,19.58915888329533
3,13.333,4020309,4,5,20000,20.0,300,5.0,7188,156,3,153,680,9.460211463550362,438,2910,1305.6666666666667,1.763310350690582,19.58915888329533
3,13.333,4020309,4,5,20000,20.0,300,6.0,7188,156,3,153,680,9.460211463550362,438,2910,1305.6666666666667,1.763310350690582,19.58915888329533
3,13.333,4020309,4,10,5000,5.0,100,4.0,2078,6,4,2,1019,49.037536092396536,131,377,252.5,1.7585885205739802,9.17008209692176
3,13.333,4020309,4,10,5000,5.0,100,5.0,2078,6,4,2,1019,49.037536092396536,131,377,252.5,1.7585885205739802,9.17008209692176
3,13.333,4020309,4,10,5000,5.0,100,6.0,2078,6,4,2,1019,49.037536092396536,131,377,252.5,1.7585885205739802,9.17008209692176
3,13.333,4020309,4,10,5000,5.0,200,4.0,2078,6,2,4,1019,49.037536092396536,352,377,364.5,2.304610161514722,8.362236030927882
3,13.333,4020309,4,10,5000,5.0,200,5.0,2078,6,2,4,1019,49.037536092396536,352,377,364.5,2.304610161514722,8.362236030927882
3,13.333,4020309,4,10,5000,5.0,200,6.0,2078,6,2,4,1019,49.037536092396536,352,377,364.5,2.304610161514722,8.362236030927882
3,13.333,4020309,4,10,5000,5.0,300,4.0,2078,6,2,4,1019,49.037536092396536,352,377,364.5,2.304610161514722,8.362236030927882
3,13.333,4020309,4,10,5000,5.0,300,5.0,2078,6,2,4,1019,49.037536092396536,352,377,364.5,2.304610161514722,8.362236030927882
3,13.333,4020309,4,10,5000,5.0,300,6.0,2078,6,2,4,1019,49.037536092396536,352,377,364.5,2.304610161514722,8.362236030927882
3,13.333,4020309,4,10,10000,10.0,100,4.0,3786,19,4,15,1532,40.4648705758056,248,743,496.5,1.702935153581536,9.115104462361044
3,13.333,4020309,4,10,10000,10.0,100,5.0,3786,19,4,15,1532,40.4648705758056,248,743,496.5,1.702935153581536,9.115104462361044
3,13.333,4020309,4,10,10000,10.0,100,6.0,3786,19,4,15,1532,40.4648705758056,248,743,496.5,1.702935153581536,9.115104462361044
3,13.333,4020309,4,10,10000,10.0,200,4.0,3786,19,4,15,1532,40.4648705758056,248,743,496.5,1.702935153581536,9.115104462361044
3,13.333,4020309,4,10,10000,10.0,200,5.0,3786,19,4,15,1532,40.4648705758056,248,743,496.5,1.702935153581536,9.115104462361044
3,13.333,4020309,4,10,10000,10.0,200,6.0,3786,19,4,15,1532,40.4648705758056,248,743,496.5,1.702935153581536,9.115104462361044
3,13.333,4020309,4,10,10000,10.0,300,4.0,3786,19,2,17,1532,40.4648705758056,707,743,725.0,2.2679487928412154,8.317811839974304
3,13.333,4020309,4,10,10000,10.0,300,5.0,3786,19,2,17,1532,40.4648705758056,707,743,725.0,2.2679487928412154,8.317811839974304
3,13.333,4020309,4,10,10000,10.0,300,6.0,3786,19,2,17,1532,40.4648705758056,707,743,725.0,2.2679487928412154,8.317811839974304
3,13.333,4020309,4,10,15000,15.0,100,4.0,5568,40,5,35,1908,34.26724137931034,109,1116,614.0,1.5128820207351281,8.085355086350765
3,13.333,4020309,4,10,15000,15.0,100,5.0,5568,40,5,35,1908,34.26724137931034,109,1116,614.0,1.5128820207351281,8.085355086350765
3,13.333,4020309,4,10,15000,15.0,100,6.0,5568,40,5,35,1908,34.26724137931034,109,1116,614.0,1.5128820207351281,8.085355086350765
3,13.333,4020309,4,10,15000,15.0,200,4.0,5568,40,4,36,1908,34.26724137931034,357,1116,740.25,1.6805925459999422,9.005456328021223
3,13.333,4020309,4,10,15000,15.0,200,5.0,5568,40,4,36,1908,34.26724137931034,357,1116,740.25,1.6805925459999422,9.005456328021223
3,13.333,4020309,4,10,15000,15.0,200,6.0,5568,40,4,36,1908,34.26724137931034,357,1116,740.25,1.6805925459999422,9.005456328021223
3,13.333,4020309,4,10,15000,15.0,300,4.0,5568,40,4,36,1908,34.26724137931034,357,1116,740.25,1.6805925459999422,9.005456328021223
3,13.333,4020309,4,10,15000,15.0,300,5.0,5568,40,4,36,1908,34.26724137931034,357,1116,740.25,1.6805925459999422,9.005456328021223
3,13.333,4020309,4,10,15000,15.0,300,6.0,5568,40,4,36,1908,34.26724137931034,357,1116,740.25,1.6805925459999422,9.005456328021223
3,13.333,4020309,4,10,20000,20.0,100,4.0,7188,67,5,62,1923,26.752921535893154,144,1484,806.4,1.5178076282850324,8.18403363884749
3,13.333,4020309,4,10,20000,20.0,100,5.0,7188,67,5,62,1923,26.752921535893154,144,1484,806.4,1.5178076282850324,8.18403363884749
3,13.333,4020309,4,10,20000,20.0,100,6.0,7188,67,5,62,1923,26.752921535893154,144,1484,806.4,1.5178076282850324,8.18403363884749
3,13.333,4020309,4,10,20000,20.0,200,4.0,7188,67,4,63,1923,26.752921535893154,438,1484,972.0,1.6673837385780206,8.790280383357487
3,13.333,4020309,4,10,20000,20.0,200,5.0,7188,67,4,63,1923,26.752921535893154,438,1484,972.0,1.6673837385780206,8.790280383357487
3,13.333,4020309,4,10,20000,20.0,200,6.0,7188,67,4,63,1923,26.752921535893154,438,1484,972.0,1.6673837385780206,8.790280383357487
3,13.333,4020309,4,10,20000,20.0,300,4.0,7188,67,4,63,1923,26.752921535893154,438,1484,972.0,1.6673837385780206,8.790280383357487
3,13.333,4020309,4,10,20000,20.0,300,5.0,7188,67,4,63,1923,26.752921535893154,438,1484,972.0,1.6673837385780206,8.790280383357487
3,13.333,4020309,4,10,20000,20.0,300,6.0,7188,67,4,63,1923,26.752921535893154,438,1484,972.0,1.6673837385780206,8.790280383357487
3,13.333,4020309,4,15,5000,5.0,100,4.0,2078,6,3,3,1035,49.80750721847931,150,376,292.0,1.8549153634882438,8.764110994231329
3,13.333,4020309,4,15,5000,5.0,100,5.0,2078,6,3,3,1035,49.80750721847931,150,376,292.0,1.8549153634882438,8.764110994231329
3,13.333,4020309,4,15,5000,5.0,100,6.0,2078,6,3,3,1035,49.80750721847931,150,376,292.0,1.8549153634882438,8.764110994231329
3,13.333,4020309,4,15,5000,5.0,200,4.0,2078,6,2,4,1035,49.80750721847931,350,376,363.0,2.2715567051126184,8.284926366074888
3,13.333,4020309,4,15,5000,5.0,200,5.0,2078,6,2,4,1035,49.80750721847931,350,376,363.0,2.2715567051126184,8.284926366074888
3,13.333,4020309,4,15,5000,5.0,200,6.0,2078,6,2,4,1035,49.80750721847931,350,376,363.0,2.2715567051126184,8.284926366074888
3,13.333,4020309,4,15,5000,5.0,300,4.0,2078,6,2,4,1035,49.80750721847931,350,376,363.0,2.2715567051126184,8.284926366074888
3,13.333,4020309,4,15,5000,5.0,300,5.0,2078,6,2,4,1035,49.80750721847931,350,376,363.0,2.2715567051126184,8.284926366074888
3,13.333,4020309,4,15,5000,5.0,300,6.0,2078,6,2,4,1035,49.80750721847931,350,376,363.0,2.2715567051126184,8.284926366074888
3,13.333,4020309,4,15,10000,10.0,100,4.0,3786,8,4,4,1684,44.47966191230851,248,743,495.75,1.6899147752174777,9.09927521179924
3,13.333,4020309,4,15,10000,10.0,100,5.0,3786,8,4,4,1684,44.47966191230851,248,743,495.75,1.6899147752174777,9.09927521179924
3,13.333,4020309,4,15,10000,10.0,100,6.0,3786,8,4,4,1684,44.47966191230851,248,743,495.75,1.6899147752174777,9.09927521179924
3,13.333,4020309,4,15,10000,10.0,200,4.0,3786,8,4,4,1684,44.47966191230851,248,743,495.75,1.6899147752174777,9.09927521179924
3,13.333,4020309,4,15,10000,10.0,200,5.0,3786,8,4,4,1684,44.47966191230851,248,743,495.75,1.6899147752174777,9.09927521179924
3,13.333,4020309,4,15,10000,10.0,200,6.0,3786,8,4,4,1684,44.47966191230851,248,743,495.75,1.6899147752174777,9.09927521179924
3,13.333,4020309,4,15,10000,10.0,300,4.0,3786,8,2,6,1684,44.47966191230851,704,743,723.5,2.2419080361130987,8.286153338850696
3,13.333,4020309,4,15,10000,10.0,300,5.0,3786,8,2,6,1684,44.47966191230851,704,743,723.5,2.2419080361130987,8.286153338850696
3,13.333,4020309,4,15,10000,10.0,300,6.0,3786,8,2,6,1684,44.47966191230851,704,743,723.5,2.2419080361130987,8.286153338850696
3,13.333,4020309,4,15,15000,15.0,100,4.0,5568,14,5,9,2308,41.451149425287355,109,1116,613.6,1.5069336586245599,8.076129776108822
3,13.333,4020309,4,15,15000,15.0,100,5.0,5568,14,5,9,2308,41.451149425287355,109,1116,613.6,1.5069336586245599,8.076129776108822
3,13.333,4020309,4,15,15000,15.0,100,6.0,5568,14,5,9,2308,41.451149425287355,109,1116,613.6,1.5069336586245599,8.076129776108822
3,13.333,4020309,4,15,15000,15.0,200,4.0,5568,14,4,10,2308,41.451149425287355,357,1116,739.75,1.6731570933617317,8.993924690218794
3,13.333,4020309,4,15,15000,15.0,200,5.0,5568,14,4,10,2308,41.451149425287355,357,1116,739.75,1.6731570933617317,8.993924690218794
3,13.333,4020309,4,15,15000,15.0,200,6.0,5568,14,4,10,2308,41.451149425287355,357,1116,739.75,1.6731570933617317,8.993924690218794
3,13.333,4020309,4,15,15000,15.0,300,4.0,5568,14,4,10,2308,41.451149425287355,357,1116,739.75,1.6731570933617317,8.993924690218794
3,13.333,4020309,4,15,15000,15.0,300,5.0,5568,14,4,10,2308,41.451149425287355,357,1116,739.75,1.6731570933617317,8.993924690218794
3,13.333,4020309,4,15,15000,15.0,300,6.0,5568,14,4,10,2308,41.451149425287355,357,1116,739.75,1.6731570933617317,8.993924690218794
3,13.333,4020309,4,15,20000,20.0,100,4.0,7188,31,5,26,2599,36.15748469671675,144,1484,806.2,1.5152714185720624,8.180324914197318
3,13.333,4020309,4,15,20000,20.0,100,5.0,7188,31,5,26,2599,36.15748469671675,144,1484,806.2,1.5152714185720624,8.180324914197318
3,13.333,4020309,4,15,20000,20.0,100,6.0,7188,31,5,26,2599,36.15748469671675,144,1484,806.2,1.5152714185720624,8.180324914197318
3,13.333,4020309,4,15,20000,20.0,200,4.0,7188,31,4,27,2599,36.15748469671675,438,1484,971.75,1.6642134764368082,8.785644477544771
3,13.333,4020309,4,15,20000,20.0,200,5.0,7188,31,4,27,2599,36.15748469671675,438,1484,971.75,1.6642134764368082,8.785644477544771
3,13.333,4020309,4,15,20000,20.0,200,6.0,7188,31,4,27,2599,36.15748469671675,438,1484,971.75,1.6642134764368082,8.785644477544771
3,13.333,4020309,4,15,20000,20.0,300,4.0,7188,31,4,27,2599,36.15748469671675,438,1484,971.75,1.6642134764368082,8.785644477544771
3,13.333,4020309,4,15,20000,20.0,300,5.0,7188,31,4,27,2599,36.15748469671675,438,1484,971.75,1.6642134764368082,8.785644477544771
3,13.333,4020309,4,15,20000,20.0,300,6.0,7188,31,4,27,2599,36.15748469671675,438,1484,971.75,1.6642134764368082,8.785644477544771
3,13.333,4020309,5,5,5000,5.0,100,4.0,2078,62,4,58,568,27.333974975938403,136,389,258.25,1.8587031605461635,9.702785628036306
3,13.333,4020309,5,5,5000,5.0,100,5.0,2078,62,4,58,568,27.333974975938403,136,389,258.25,1.8587031605461635,9.702785628036306
3,13.333,4020309,5,5,5000,5.0,100,6.0,2078,62,4,58,568,27.333974975938403,136,389,258.25,1.8587031605461635,9.702785628036306
3,13.333,4020309,5,5,5000,5.0,200,4.0,2078,62,2,60,568,27.333974975938403,358,389,373.5,2.490404451376534,9.159689671409382
3,13.333,4020309,5,5,5000,5.0,200,5.0,2078,62,2,60,568,27.333974975938403,358,389,373.5,2.490404451376534,9.159689671409382
3,13.333,4020309,5,5,5000,5.0,200,6.0,2078,62,2,60,568,27.333974975938403,358,389,373.5,2.490404451376534,9.159689671409382
3,13.333,4020309,5,5,5000,5.0,300,4.0,2078,62,2,60,568,27.333974975938403,358,389,373.5,2.490404451376534,9.159689671409382
3,13.333,4020309,5,5,5000,5.0,300,5.0,2078,62,2,60,568,27.333974975938403,358,389,373.5,2.490404451376534,9.159689671409382
3,13.333,4020309,5,5,5000,5.0,300,6.0,2078,62,2,60,568,27.333974975938403,358,389,373.5,2.490404451376534,9.159689671409382
3,13.333,4020309,5,5,10000,10.0,100,4.0,3786,95,4,91,514,13.576333861595351,253,755,501.25,1.7452041347313223,9.405647418218535
3,13.333,4020309,5,5,10000,10.0,100,5.0,3786,95,4,91,514,13.576333861595351,253,755,501.25,1.7452041347313223,9.405647418218535
3,13.333,4020309,5,5,10000,10.0,100,6.0,3786,95,4,91,514,13.576333861595351,253,755,501.25,1.7452041347313223,9.405647418218535
3,13.333,4020309,5,5,10000,10.0,200,4.0,3786,95,4,91,514,13.576333861595351,253,755,501.25,1.7452041347313223,9.405647418218535
3,13.333,4020309,5,5,10000,10.0,200,5.0,3786,95,4,91,514,13.576333861595351,253,755,501.25,1.7452041347313223,9.405647418218535
3,13.333,4020309,5,5,10000,10.0,200,6.0,3786,95,4,91,514,13.576333861595351,253,755,501.25,1.7452041347313223,9.405647418218535
3,13.333,4020309,5,5,10000,10.0,300,4.0,3786,95,2,93,514,13.576333861595351,709,755,732.0,2.3421265624996614,8.742758034952438
3,13.333,4020309,5,5,10000,10.0,300,5.0,3786,95,2,93,514,13.576333861595351,709,755,732.0,2.3421265624996614,8.742758034952438
3,13.333,4020309,5,5,10000,10.0,300,6.0,3786,95,2,93,514,13.576333861595351,709,755,732.0,2.3421265624996614,8.742758034952438
3,13.333,4020309,5,5,15000,15.0,100,4.0,5568,116,4,112,332,5.962643678160919,109,2191,775.5,1.5478785627547018,16.02896771450925
3,13.333,4020309,5,5,15000,15.0,100,5.0,5568,116,4,112,332,5.962643678160919,109,2191,775.5,1.5478785627547018,16.02896771450925
3,13.333,4020309,5,5,15000,15.0,100,6.0,5568,116,4,112,332,5.962643678160919,109,2191,775.5,1.5478785627547018,16.02896771450925
3,13.333,4020309,5,5,15000,15.0,200,4.0,5568,116,3,113,332,5.962643678160919,362,2191,997.6666666666666,1.783158110447645,19.903640246122688
3,13.333,4020309,5,5,15000,15.0,200,5.0,5568,116,3,113,332,5.962643678160919,362,2191,997.6666666666666,1.783158110447645,19.903640246122688
3,13.333,4020309,5,5,15000,15.0,200,6.0,5568,116,3,113,332,5.962643678160919,362,2191,997.6666666666666,1.783158110447645,19.903640246122688
3,13.333,4020309,5,5,15000,15.0,300,4.0,5568,116,3,113,332,5.962643678160919,362,2191,997.6666666666666,1.783158110447645,19.903640246122688
3,13.333,4020309,5,5,15000,15.0,300,5.0,5568,116,3,113,332,5.962643678160919,362,2191,997.6666666666666,1.783158110447645,19.903640246122688
3,13.333,4020309,5,5,15000,15.0,300,6.0,5568,116,3,113,332,5.962643678160919,362,2191,997.6666666666666,1.783158110447645,19.903640246122688
3,13.333,4020309,5,5,20000,20.0,100,4.0,7188,99,4,95,280,3.895381190873678,144,2911,1016.5,1.5576063730106329,16.17375221460695
3,13.333,4020309,5,5,20000,20.0,100,5.0,7188,99,4,95,280,3.895381190873678,144,2911,1016.5,1.5576063730106329,16.17375221460695
3,13.333,4020309,5,5,20000,20.0,100,6.0,7188,99,4,95,280,3.895381190873678,144,2911,1016.5,1.5576063730106329,16.17375221460695
3,13.333,4020309,5,5,20000,20.0,200,4.0,7188,99,3,96,280,3.895381190873678,443,2911,1307.3333333333333,1.770307434976484,19.645320732540096
3,13.333,4020309,5,5,20000,20.0,200,5.0,7188,99,3,96,280,3.895381190873678,443,2911,1307.3333333333333,1.770307434976484,19.645320732540096
3,13.333,4020309,5,5,20000,20.0,200,6.0,7188,99,3,96,280,3.895381190873678,443,2911,1307.3333333333333,1.770307434976484,19.645320732540096
3,13.333,4020309,5,5,20000,20.0,300,4.0,7188,99,3,96,280,3.895381190873678,443,2911,1307.3333333333333,1.770307434976484,19.645320732540096
3,13.333,4020309,5,5,20000,20.0,300,5.0,7188,99,3,96,280,3.895381190873678,443,2911,1307.3333333333333,1.770307434976484,19.645320732540096
3,13.333,4020309,5,5,20000,20.0,300,6.0,7188,99,3,96,280,3.895381190873678,443,2911,1307.3333333333333,1.770307434976484,19.645320732540096
3,13.333,4020309,5,10,5000,5.0,100,4.0,2078,6,4,2,1010,48.604427333974975,132,379,254.5,1.80569380951251,9.282525779177146
3,13.333,4020309,5,10,5000,5.0,100,5.0,2078,6,4,2,1010,48.604427333974975,132,379,254.5,1.80569380951251,9.282525779177146
3,13.333,4020309,5,10,5000,5.0,100,6.0,2078,6,4,2,1010,48.604427333974975,132,379,254.5,1.80569380951251,9.282525779177146
3,13.333,4020309,5,10,5000,5.0,200,4.0,2078,6,2,4,1010,48.604427333974975,357,379,368.0,2.4004487165010095,8.541934598849247
3,13.333,4020309,5,10,5000,5.0,200,5.0,2078,6,2,4,1010,48.604427333974975,357,379,368.0,2.4004487165010095,8.541934598849247
3,13.333,4020309,5,10,5000,5.0,200,6.0,2078,6,2,4,1010,48.604427333974975,357,379,368.0,2.4004487165010095,8.541934598849247
3,13.333,4020309,5,10,5000,5.0,300,4.0,2078,6,2,4,1010,48.604427333974975,357,379,368.0,2.4004487165010095,8.541934598849247
3,13.333,4020309,5,10,5000,5.0,300,5.0,2078,6,2,4,1010,48.604427333974975,357,379,368.0,2.4004487165010095,8.541934598849247
3,13.333,4020309,5,10,5000,5.0,300,6.0,2078,6,2,4,1010,48.604427333974975,357,379,368.0,2.4004487165010095,8.541934598849247
3,13.333,4020309,5,10,10000,10.0,100,4.0,3786,37,4,33,1279,33.78235604860011,249,744,497.25,1.7113165655407485,9.144146263446096
3,13.333,4020309,5,10,10000,10.0,100,5.0,3786,37,4,33,1279,33.78235604860011,249,744,497.25,1.7113165655407485,9.144146263446096
3,13.333,4020309,5,10,10000,10.0,100,6.0,3786,37,4,33,1279,33.78235604860011,249,744,497.25,1.7113165655407485,9.144146263446096
3,13.333,4020309,5,10,10000,10.0,200,4.0,3786,37,4,33,1279,33.78235604860011,249,744,497.25,1.7113165655407485,9.144146263446096
3,13.333,4020309,5,10,10000,10.0,200,5.0,3786,37,4,33,1279,33.78235604860011,249,744,497.25,1.7113165655407485,9.144146263446096
3,13.333,4020309,5,10,10000,10.0,200,6.0,3786,37,4,33,1279,33.78235604860011,249,744,497.25,1.7113165655407485,9.144146263446096
3,13.333,4020309,5,10,10000,10.0,300,4.0,3786,37,2,35,1279,33.78235604860011,708,744,726.0,2.2853431150941184,8.350418016377054
3,13.333,4020309,5,10,10000,10.0,300,5.0,3786,37,2,35,1279,33.78235604860011,708,744,726.0,2.2853431150941184,8.350418016377054
3,13.333,4020309,5,10,10000,10.0,300,6.0,3786,37,2,35,1279,33.78235604860011,708,744,726.0,2.2853431150941184,8.350418016377054
3,13.333,4020309,5,10,15000,15.0,100,4.0,5568,63,5,58,1287,23.114224137931036,109,1119,615.8,1.521968723191285,8.15316795008439
3,13.333,4020309,5,10,15000,15.0,100,5.0,5568,63,5,58,1287,23.114224137931036,109,1119,615.8,1.521968723191285,8.15316795008439
3,13.333,4020309,5,10,15000,15.0,100,6.0,5568,63,5,58,1287,23.114224137931036,109,1119,615.8,1.521968723191285,8.15316795008439
3,13.333,4020309,5,10,15000,15.0,200,4.0,5568,63,4,59,1287,23.114224137931036,362,1119,742.5,1.691950924070138,9.090222407688254
3,13.333,4020309,5,10,15000,15.0,200,5.0,5568,63,4,59,1287,23.114224137931036,362,1119,742.5,1.691950924070138,9.090222407688254
3,13.333,4020309,5,10,15000,15.0,200,6.0,5568,63,4,59,1287,23.114224137931036,362,1119,742.5,1.691950924070138,9.090222407688254
3,13.333,4020309,5,10,15000,15.0,300,4.0,5568,63,4,59,1287,23.114224137931036,362,1119,742.5,1.691950924070138,9.090222407688254
3,13.333,4020309,5,10,15000,15.0,300,5.0,5568,63,4,59,1287,23.114224137931036,362,1119,742.5,1.691950924070138,9.090222407688254
3,13.333,4020309,5,10,15000,15.0,300,6.0,5568,63,4,59,1287,23.114224137931036,362,1119,742.5,1.691950924070138,9.090222407688254
3,13.333,4020309,5,10,20000,20.0,100,4.0,7188,79,5,74,1136,15.80411797440178,144,1487,808.2,1.525187950829031,8.241071793320202
3,13.333,4020309,5,10,20000,20.0,100,5.0,7188,79,6,73,1136,15.80411797440178,110,1487,691.8333333333334,2.0300627223710905,8.618546038137223
3,13.333,4020309,5,10,20000,20.0,100,6.0,7188,79,6,73,1136,15.80411797440178,110,1487,691.8333333333334,2.0300627223710905,8.618546038137223
3,13.333,4020309,5,10,20000,20.0,200,4.0,7188,79,4,75,1136,15.80411797440178,443,1487,974.25,1.676609141758019,8.861578076448378
3,13.333,4020309,5,10,20000,20.0,200,5.0,7188,79,4,75,1136,15.80411797440178,443,1487,974.25,1.676609141758019,8.861578076448378
3,13.333,4020309,5,10,20000,20.0,200,6.0,7188,79,4,75,1136,15.80411797440178,443,1487,974.25,1.676609141758019,8.861578076448378
3,13.333,4020309,5,10,20000,20.0,300,4.0,7188,79,4,75,1136,15.80411797440178,443,1487,974.25,1.676609141758019,8.861578076448378
3,13.333,4020309,5,10,20000,20.0,300,5.0,7188,79,4,75,1136,15.80411797440178,443,1487,974.25,1.676609141758019,8.861578076448378
3,13.333,4020309,5,10,20000,20.0,300,6.0,7188,79,4,75,1136,15.80411797440178,443,1487,974.25,1.676609141758019,8.861578076448378
3,13.333,4020309,5,15,5000,5.0,100,4.0,2078,5,4,1,1026,49.37439846005775,132,379,254.0,1.7861001864511195,9.25019089888308
3,13.333,4020309,5,15,5000,5.0,100,5.0,2078,5,4,1,1026,49.37439846005775,132,379,254.0,1.7861001864511195,9.25019089888308
3,13.333,4020309,5,15,5000,5.0,100,6.0,2078,5,4,1,1026,49.37439846005775,132,379,254.0,1.7861001864511195,9.25019089888308
3,13.333,4020309,5,15,5000,5.0,200,4.0,2078,5,2,3,1026,49.37439846005775,355,379,367.0,2.3612614703782286,8.477264838261117
3,13.333,4020309,5,15,5000,5.0,200,5.0,2078,5,2,3,1026,49.37439846005775,355,379,367.0,2.3612614703782286,8.477264838261117
3,13.333,4020309,5,15,5000,5.0,200,6.0,2078,5,2,3,1026,49.37439846005775,355,379,367.0,2.3612614703782286,8.477264838261117
3,13.333,4020309,5,15,5000,5.0,300,4.0,2078,5,2,3,1026,49.37439846005775,355,379,367.0,2.3612614703782286,8.477264838261117
3,13.333,4020309,5,15,5000,5.0,300,5.0,2078,5,2,3,1026,49.37439846005775,355,379,367.0,2.3612614703782286,8.477264838261117
3,13.333,4020309,5,15,5000,5.0,300,6.0,2078,5,2,3,1026,49.37439846005775,355,379,367.0,2.3612614703782286,8.477264838261117
3,13.333,4020309,5,15,10000,10.0,100,4.0,3786,9,4,5,1634,43.159006867406234,249,744,497.25,1.7113165655407485,9.144146263446096
3,13.333,4020309,5,15,10000,10.0,100,5.0,3786,9,4,5,1634,43.159006867406234,249,744,497.25,1.7113165655407485,9.144146263446096
3,13.333,4020309,5,15,10000,10.0,100,6.0,3786,9,4,5,1634,43.159006867406234,249,744,497.25,1.7113165655407485,9.144146263446096
3,13.333,4020309,5,15,10000,10.0,200,4.0,3786,9,4,5,1634,43.159006867406234,249,744,497.25,1.7113165655407485,9.144146263446096
3,13.333,4020309,5,15,10000,10.0,200,5.0,3786,9,4,5,1634,43.159006867406234,249,744,497.25,1.7113165655407485,9.144146263446096
3,13.333,4020309,5,15,10000,10.0,200,6.0,3786,9,4,5,1634,43.159006867406234,249,744,497.25,1.7113165655407485,9.144146263446096
3,13.333,4020309,5,15,10000,10.0,300,4.0,3786,9,2,7,1634,43.159006867406234,708,744,726.0,2.2853431150941184,8.350418016377054
3,13.333,4020309,5,15,10000,10.0,300,5.0,3786,9,2,7,1634,43.159006867406234,708,744,726.0,2.2853431150941184,8.350418016377054
3,13.333,4020309,5,15,10000,10.0,300,6.0,3786,9,2,7,1634,43.159006867406234,708,744,726.0,2.2853431150941184,8.350418016377054
3,13.333,4020309,5,15,15000,15.0,100,4.0,5568,24,5,19,2037,36.58405172413793,109,1118,614.6,1.5147821038477676,8.10220018687399
3,13.333,4020309,5,15,15000,15.0,100,5.0,5568,24,5,19,2037,36.58405172413793,109,1118,614.6,1.5147821038477676,8.10220018687399
3,13.333,4020309,5,15,15000,15.0,100,6.0,5568,24,5,19,2037,36.58405172413793,109,1118,614.6,1.5147821038477676,8.10220018687399
3,13.333,4020309,5,15,15000,15.0,200,4.0,5568,24,4,20,2037,36.58405172413793,358,1118,741.0,1.6829676498907413,9.026512703675253
3,13.333,4020309,5,15,15000,15.0,200,5.0,5568,24,4,20,2037,36.58405172413793,358,1118,741.0,1.6829676498907413,9.026512703675253
3,13.333,4020309,5,15,15000,15.0,200,6.0,5568,24,4,20,2037,36.58405172413793,358,1118,741.0,1.6829676498907413,9.026512703675253
3,13.333,4020309,5,15,15000,15.0,300,4.0,5568,24,4,20,2037,36.58405172413793,358,1118,741.0,1.6829676498907413,9.026512703675253
3,13.333,4020309,5,15,15000,15.0,300,5.0,5568,24,4,20,2037,36.58405172413793,358,1118,741.0,1.6829676498907413,9.026512703675253
3,13.333,4020309,5,15,15000,15.0,300,6.0,5568,24,4,20,2037,36.58405172413793,358,1118,741.0,1.6829676498907413,9.026512703675253
3,13.333,4020309,5,15,20000,20.0,100,4.0,7188,40,5,35,2123,29.535336672231498,144,1487,807.2,1.5199897200319836,8.201679443991868
3,13.333,4020309,5,15,20000,20.0,100,5.0,7188,40,5,35,2123,29.535336672231498,144,1487,807.2,1.5199897200319836,8.201679443991868
3,13.333,4020309,5,15,20000,20.0,100,6.0,7188,40,5,35,2123,29.535336672231498,144,1487,807.2,1.5199897200319836,8.201679443991868
3,13.333,4020309,5,15,20000,20.0,200,4.0,7188,40,4,36,2123,29.535336672231498,439,1487,973.0,1.6701113532617096,8.812337639787959
3,13.333,4020309,5,15,20000,20.0,200,5.0,7188,40,4,36,2123,29.535336672231498,439,1487,973.0,1.6701113532617096,8.812337639787959
3,13.333,4020309,5,15,20000,20.0,200,6.0,7188,40,4,36,2123,29.535336672231498,439,1487,973.0,1.6701113532617096,8.812337639787959
3,13.333,4020309,5,15,20000,20.0,300,4.0,7188,40,4,36,2123,29.535336672231498,439,1487,973.0,1.6701113532617096,8.812337639787959
3,13.333,4020309,5,15,20000,20.0,300,5.0,7188,40,4,36,2123,29.535336672231498,439,1487,973.0,1.6701113532617096,8.812337639787959
3,13.333,4020309,5,15,20000,20.0,300,6.0,7188,40,4,36,2123,29.535336672231498,439,1487,973.0,1.6701113532617096,8.812337639787959
4,17.777,4024753,2,5,5000,5.0,100,4.0,1739,17,3,14,682,39.21794134560092,118,365,278.0,1.699218402907283,7.736993048394319
4,17.777,4024753,2,5,5000,5.0,100,5.0,1739,17,3,14,682,39.21794134560092,118,365,278.0,1.699218402907283,7.736993048394319
4,17.777,4024753,2,5,5000,5.0,100,6.0,1739,17,3,14,682,39.21794134560092,118,365,278.0,1.699218402907283,7.736993048394319
4,17.777,4024753,2,5,5000,5.0,200,4.0,1739,17,2,15,682,39.21794134560092,351,365,358.0,2.1332924174929246,8.317397663044154
4,17.777,4024753,2,5,5000,5.0,200,5.0,1739,17,2,15,682,39.21794134560092,351,365,358.0,2.1332924174929246,8.317397663044154
4,17.777,4024753,2,5,5000,5.0,200,6.0,1739,17,2,15,682,39.21794134560092,351,365,358.0,2.1332924174929246,8.317397663044154
4,17.777,4024753,2,5,5000,5.0,300,4.0,1739,17,2,15,682,39.21794134560092,351,365,358.0,2.1332924174929246,8.317397663044154
4,17.777,4024753,2,5,5000,5.0,300,5.0,1739,17,2,15,682,39.21794134560092,351,365,358.0,2.1332924174929246,8.317397663044154
4,17.777,4024753,2,5,5000,5.0,300,6.0,1739,17,2,15,682,39.21794134560092,351,365,358.0,2.1332924174929246,8.317397663044154
4,17.777,4024753,2,5,10000,10.0,100,4.0,3506,46,4,42,1220,34.79749001711352,144,739,460.0,1.5795734715234082,7.50383951162534
4,17.777,4024753,2,5,10000,10.0,100,5.0,3506,46,4,42,1220,34.79749001711352,144,739,460.0,1.5795734715234082,7.50383951162534
4,17.777,4024753,2,5,10000,10.0,100,6.0,3506,46,4,42,1220,34.79749001711352,144,739,460.0,1.5795734715234082,7.50383951162534
4,17.777,4024753,2,5,10000,10.0,200,4.0,3506,46,3,43,1220,34.79749001711352,254,739,565.3333333333334,1.760267417642635,7.699898489593495
4,17.777,4024753,2,5,10000,10.0,200,5.0,3506,46,3,43,1220,34.79749001711352,254,739,565.3333333333334,1.760267417642635,7.699898489593495
4,17.777,4024753,2,5,10000,10.0,200,6.0,3506,46,3,43,1220,34.79749001711352,254,739,565.3333333333334,1.760267417642635,7.699898489593495
4,17.777,4024753,2,5,10000,10.0,300,4.0,3506,46,2,44,1220,34.79749001711352,703,739,721.0,2.17418558112696,8.342905897694122
4,17.777,4024753,2,5,10000,10.0,300,5.0,3506,46,2,44,1220,34.79749001711352,703,739,721.0,2.17418558112696,8.342905897694122
4,17.777,4024753,2,5,10000,10.0,300,6.0,3506,46,2,44,1220,34.79749001711352,703,739,721.0,2.17418558112696,8.342905897694122
4,17.777,4024753,2,5,15000,15.0,100,4.0,5137,93,5,88,1479,28.791123223671402,108,1105,564.2,1.4452154471797234,6.890110065235656
4,17.777,4024753,2,5,15000,15.0,100,5.0,5137,93,5,88,1479,28.791123223671402,108,1105,564.2,1.4452154471797234,6.890110065235656
4,17.777,4024753,2,5,15000,15.0,100,6.0,5137,93,5,88,1479,28.791123223671402,108,1105,564.2,1.4452154471797234,6.890110065235656
4,17.777,4024753,2,5,15000,15.0,200,4.0,5137,93,3,90,1479,28.791123223671402,367,1105,838.6666666666666,1.7516746982653668,7.672500731774869
4,17.777,4024753,2,5,15000,15.0,200,5.0,5137,93,3,90,1479,28.791123223671402,367,1105,838.6666666666666,1.7516746982653668,7.672500731774869
4,17.777,4024753,2,5,15000,15.0,200,6.0,5137,93,3,90,1479,28.791123223671402,367,1105,838.6666666666666,1.7516746982653668,7.672500731774869
4,17.777,4024753,2,5,15000,15.0,300,4.0,5137,93,3,90,1479,28.791123223671402,367,1105,838.6666666666666,1.7516746982653668,7.672500731774869
4,17.777,4024753,2,5,15000,15.0,300,5.0,5137,93,3,90,1479,28.791123223671402,367,1105,838.6666666666666,1.7516746982653668,7.672500731774869
4,17.777,4024753,2,5,15000,15.0,300,6.0,5137,93,3,90,1479,28.791123223671402,367,1105,838.6666666666666,1.7516746982653668,7.672500731774869
4,17.777,4024753,2,5,20000,20.0,100,4.0,6764,131,5,126,1662,24.571259609698405,146,1475,773.4,1.4849916493603037,7.674314688014424
4,17.777,4024753,2,5,20000,20.0,100,5.0,6764,131,5,126,1662,24.571259609698405,146,1475,773.4,1.4849916493603037,7.674314688014424
4,17.777,4024753,2,5,20000,20.0,100,6.0,6764,131,5,126,1662,24.571259609698405,146,1475,773.4,1.4849916493603037,7.674314688014424
4,17.777,4024753,2,5,20000,20.0,200,4.0,6764,131,4,127,1662,24.571259609698405,399,1475,930.25,1.6174633120614537,8.15695279219571
4,17.777,4024753,2,5,20000,20.0,200,5.0,6764,131,4,127,1662,24.571259609698405,399,1475,930.25,1.6174633120614537,8.15695279219571
4,17.777,4024753,2,5,20000,20.0,200,6.0,6764,131,4,127,1662,24.571259609698405,399,1475,930.25,1.6174633120614537,8.15695279219571
4,17.777,4024753,2,5,20000,20.0,300,4.0,6764,131,4,127,1662,24.571259609698405,399,1475,930.25,1.6174633120614537,8.15695279219571
4,17.777,4024753,2,5,20000,20.0,300,5.0,6764,131,4,127,1662,24.571259609698405,399,1475,930.25,1.6174633120614537,8.15695279219571
4,17.777,4024753,2,5,20000,20.0,300,6.0,6764,131,4,127,1662,24.571259609698405,399,1475,930.25,1.6174633120614537,8.15695279219571
4,17.777,4024753,2,10,5000,5.0,100,4.0,1739,9,3,6,793,45.60092006900518,117,344,253.33333333333334,1.6736729557695018,6.624677850300665
4,17.777,4024753,2,10,5000,5.0,100,5.0,1739,9,3,6,793,45.60092006900518,117,344,253.33333333333334,1.6736729557695018,6.624677850300665
4,17.777,4024753,2,10,5000,5.0,100,6.0,1739,9,3,6,793,45.60092006900518,117,344,253.33333333333334,1.6736729557695018,6.624677850300665
4,17.777,4024753,2,10,5000,5.0,200,4.0,1739,9,2,7,793,45.60092006900518,299,344,321.5,2.0938482458752405,6.696218115939133
4,17.777,4024753,2,10,5000,5.0,200,5.0,1739,9,2,7,793,45.60092006900518,299,344,321.5,2.0938482458752405,6.696218115939133
4,17.777,4024753,2,10,5000,5.0,200,6.0,1739,9,2,7,793,45.60092006900518,299,344,321.5,2.0938482458752405,6.696218115939133
4,17.777,4024753,2,10,5000,5.0,300,4.0,1739,9,1,8,793,45.60092006900518,344,344,344.0,2.3282669813167662,7.41682744623505
4,17.777,4024753,2,10,5000,5.0,300,5.0,1739,9,1,8,793,45.60092006900518,344,344,344.0,2.3282669813167662,7.41682744623505
4,17.777,4024753,2,10,5000,5.0,300,6.0,1739,9,1,8,793,45.60092006900518,344,344,344.0,2.3282669813167662,7.41682744623505
4,17.777,4024753,2,10,10000,10.0,100,4.0,3506,8,4,4,1483,42.298916143753566,144,739,459.75,1.5787030077554358,7.49640475255098
4,17.777,4024753,2,10,10000,10.0,100,5.0,3506,8,4,4,1483,42.298916143753566,144,739,459.75,1.5787030077554358,7.49640475255098
4,17.777,4024753,2,10,10000,10.0,100,6.0,3506,8,4,4,1483,42.298916143753566,144,739,459.75,1.5787030077554358,7.49640475255098
4,17.777,4024753,2,10,10000,10.0,200,4.0,3506,8,3,5,1483,42.298916143753566,254,739,565.0,1.7591067992853386,7.689985477494349
4,17.777,4024753,2,10,10000,10.0,200,5.0,3506,8,3,5,1483,42.298916143753566,254,739,565.0,1.7591067992853386,7.689985477494349
4,17.777,4024753,2,10,10000,10.0,200,6.0,3506,8,3,5,1483,42.298916143753566,254,739,565.0,1.7591067992853386,7.689985477494349
4,17.777,4024753,2,10,10000,10.0,300,4.0,3506,8,2,6,1483,42.298916143753566,702,739,720.5,2.1724446535910156,8.328036379545402
4,17.777,4024753,2,10,10000,10.0,300,5.0,3506,8,2,6,1483,42.298916143753566,702,739,720.5,2.1724446535910156,8.328036379545402
4,17.777,4024753,2,10,10000,10.0,300,6.0,3506,8,2,6,1483,42.298916143753566,702,739,720.5,2.1724446535910156,8.328036379545402
4,17.777,4024753,2,10,15000,15.0,100,4.0,5137,12,5,7,2101,40.899357601713064,108,1105,564.2,1.4452154471797234,6.890110065235656
4,17.777,4024753,2,10,15000,15.0,100,5.0,5137,12,5,7,2101,40.899357601713064,108,1105,564.2,1.4452154471797234,6.890110065235656
4,17.777,4024753,2,10,15000,15.0,100,6.0,5137,12,5,7,2101,40.899357601713064,108,1105,564.2,1.4452154471797234,6.890110065235656
4,17.777,4024753,2,10,15000,15.0,200,4.0,5137,12,3,9,2101,40.899357601713064,367,1105,838.6666666666666,1.7516746982653668,7.672500731774869
4,17.777,4024753,2,10,15000,15.0,200,5.0,5137,12,3,9,2101,40.899357601713064,367,1105,838.6666666666666,1.7516746982653668,7.672500731774869
4,17.777,4024753,2,10,15000,15.0,200,6.0,5137,12,3,9,2101,40.899357601713064,367,1105,838.6666666666666,1.7516746982653668,7.672500731774869
4,17.777,4024753,2,10,15000,15.0,300,4.0,5137,12,3,9,2101,40.899357601713064,367,1105,838.6666666666666,1.7516746982653668,7.672500731774869
4,17.777,4024753,2,10,15000,15.0,300,5.0,5137,12,3,9,2101,40.899357601713064,367,1105,838.6666666666666,1.7516746982653668,7.672500731774869
4,17.777,4024753,2,10,15000,15.0,300,6.0,5137,12,3,9,2101,40.899357601713064,367,1105,838.6666666666666,1.7516746982653668,7.672500731774869
4,17.777,4024753,2,10,20000,20.0,100,4.0,6764,21,5,16,2590,38.2909520993495,146,1475,773.4,1.4849916493603037,7.674314688014424
4,17.777,4024753,2,10,20000,20.0,100,5.0,6764,21,5,16,2590,38.2909520993495,146,1475,773.4,1.4849916493603037,7.674314688014424
4,17.777,4024753,2,10,20000,20.0,100,6.0,6764,21,5,16,2590,38.2909520993495,146,1475,773.4,1.4849916493603037,7.674314688014424
4,17.777,4024753,2,10,20000,20.0,200,4.0,6764,21,4,17,2590,38.2909520993495,399,1475,930.25,1.6174633120614537,8.15695279219571
4,17.777,4024753,2,10,20000,20.0,200,5.0,6764,21,4,17,2590,38.2909520993495,399,1475,930.25,1.6174633120614537,8.15695279219571
4,17.777,4024753,2,10,20000,20.0,200,6.0,6764,21,4,17,2590,38.2909520993495,399,1475,930.25,1.6174633120614537,8.15695279219571
4,17.777,4024753,2,10,20000,20.0,300,4.0,6764,21,4,17,2590,38.2909520993495,399,1475,930.25,1.6174633120614537,8.15695279219571
4,17.777,4024753,2,10,20000,20.0,300,5.0,6764,21,4,17,2590,38.2909520993495,399,1475,930.25,1.6174633120614537,8.15695279219571
4,17.777,4024753,2,10,20000,20.0,300,6.0,6764,21,4,17,2590,38.2909520993495,399,1475,930.25,1.6174633120614537,8.15695279219571
4,17.777,4024753,2,15,5000,5.0,100,4.0,1739,6,3,3,927,53.306497987349054,105,315,238.0,1.636793359555778,5.923089775346816
4,17.777,4024753,2,15,5000,5.0,100,5.0,1739,6,3,3,927,53.306497987349054,105,315,238.0,1.636793359555778,5.923089775346816
4,17.777,4024753,2,15,5000,5.0,100,6.0,1739,6,3,3,927,53.306497987349054,105,315,238.0,1.636793359555778,5.923089775346816
4,17.777,4024753,2,15,5000,5.0,200,4.0,1739,6,2,4,927,53.306497987349054,294,315,304.5,2.0409864349911406,6.128466564911182
4,17.777,4024753,2,15,5000,5.0,200,5.0,1739,6,2,4,927,53.306497987349054,294,315,304.5,2.0409864349911406,6.128466564911182
4,17.777,4024753,2,15,5000,5.0,200,6.0,1739,6,2,4,927,53.306497987349054,294,315,304.5,2.0409864349911406,6.128466564911182
4,17.777,4024753,2,15,5000,5.0,300,4.0,1739,6,1,5,927,53.306497987349054,315,315,315.0,2.2184866561662715,6.4462613749588
4,17.777,4024753,2,15,5000,5.0,300,5.0,1739,6,1,5,927,53.306497987349054,315,315,315.0,2.2184866561662715,6.4462613749588
4,17.777,4024753,2,15,5000,5.0,300,6.0,1739,6,1,5,927,53.306497987349054,315,315,315.0,2.2184866561662715,6.4462613749588
4,17.777,4024753,2,15,10000,10.0,100,4.0,3506,7,4,3,1520,43.35424985738734,137,729,454.5,1.5621958474172244,7.283934746294581
4,17.777,4024753,2,15,10000,10.0,100,5.0,3506,7,4,3,1520,43.35424985738734,137,729,454.5,1.5621958474172244,7.283934746294581
4,17.777,4024753,2,15,10000,10.0,100,6.0,3506,7,4,3,1520,43.35424985738734,137,729,454.5,1.5621958474172244,7.283934746294581
4,17.777,4024753,2,15,10000,10.0,200,4.0,3506,7,3,4,1520,43.35424985738734,254,729,560.3333333333334,1.7486279563508942,7.567409476384456
4,17.777,4024753,2,15,10000,10.0,200,5.0,3506,7,3,4,1520,43.35424985738734,254,729,560.3333333333334,1.7486279563508942,7.567409476384456
4,17.777,4024753,2,15,10000,10.0,200,6.0,3506,7,3,4,1520,43.35424985738734,254,729,560.3333333333334,1.7486279563508942,7.567409476384456
4,17.777,4024753,2,15,10000,10.0,300,4.0,3506,7,2,5,1520,43.35424985738734,698,729,713.5,2.1567263891893487,8.144172377880563
4,17.777,4024753,2,15,10000,10.0,300,5.0,3506,7,2,5,1520,43.35424985738734,698,729,713.5,2.1567263891893487,8.144172377880563
4,17.777,4024753,2,15,10000,10.0,300,6.0,3506,7,2,5,1520,43.35424985738734,698,729,713.5,2.1567263891893487,8.144172377880563
4,17.777,4024753,2,15,15000,15.0,100,4.0,5137,7,5,2,2188,42.59295308545844,107,1105,563.6,1.438839279580391,6.874267439698994
4,17.777,4024753,2,15,15000,15.0,100,5.0,5137,7,5,2,2188,42.59295308545844,107,1105,563.6,1.438839279580391,6.874267439698994
4,17.777,4024753,2,15,15000,15.0,100,6.0,5137,7,5,2,2188,42.59295308545844,107,1105,563.6,1.438839279580391,6.874267439698994
4,17.777,4024753,2,15,15000,15.0,200,4.0,5137,7,3,4,2188,42.59295308545844,367,1105,838.0,1.7474923780532847,7.664567879580269
4,17.777,4024753,2,15,15000,15.0,200,5.0,5137,7,3,4,2188,42.59295308545844,367,1105,838.0,1.7474923780532847,7.664567879580269
4,17.777,4024753,2,15,15000,15.0,200,6.0,5137,7,3,4,2188,42.59295308545844,367,1105,838.0,1.7474923780532847,7.664567879580269
4,17.777,4024753,2,15,15000,15.0,300,4.0,5137,7,3,4,2188,42.59295308545844,367,1105,838.0,1.7474923780532847,7.664567879580269
4,17.777,4024753,2,15,15000,15.0,300,5.0,5137,7,3,4,2188,42.59295308545844,367,1105,838.0,1.7474923780532847,7.664567879580269
4,17.777,4024753,2,15,15000,15.0,300,6.0,5137,7,3,4,2188,42.59295308545844,367,1105,838.0,1.7474923780532847,7.664567879580269
4,17.777,4024753,2,15,20000,20.0,100,4.0,6764,8,5,3,2801,41.410408042578354,145,1475,773.0,1.4812486684830273,7.660852159028496
4,17.777,4024753,2,15,20000,20.0,100,5.0,6764,8,5,3,2801,41.410408042578354,145,1475,773.0,1.4812486684830273,7.660852159028496
4,17.777,4024753,2,15,20000,20.0,100,6.0,6764,8,5,3,2801,41.410408042578354,145,1475,773.0,1.4812486684830273,7.660852159028496
4,17.777,4024753,2,15,20000,20.0,200,4.0,6764,8,4,4,2801,41.410408042578354,399,1475,930.0,1.6170146981245646,8.153201111230947
4,17.777,4024753,2,15,20000,20.0,200,5.0,6764,8,4,4,2801,41.410408042578354,399,1475,930.0,1.6170146981245646,8.153201111230947
4,17.777,4024753,2,15,20000,20.0,200,6.0,6764,8,4,4,2801,41.410408042578354,399,1475,930.0,1.6170146981245646,8.153201111230947
4,17.777,4024753,2,15,20000,20.0,300,4.0,6764,8,4,4,2801,41.410408042578354,399,1475,930.0,1.6170146981245646,8.153201111230947
4,17.777,4024753,2,15,20000,20.0,300,5.0,6764,8,4,4,2801,41.410408042578354,399,1475,930.0,1.6170146981245646,8.153201111230947
4,17.777,4024753,2,15,20000,20.0,300,6.0,6764,8,4,4,2801,41.410408042578354,399,1475,930.0,1.6170146981245646,8.153201111230947
4,17.777,4024753,3,5,5000,5.0,100,4.0,1739,25,4,21,607,34.905117883841285,115,365,243.0,1.585088650129076,9.02776739379417
4,17.777,4024753,3,5,5000,5.0,100,5.0,1739,25,4,21,607,34.905117883841285,115,365,243.0,1.585088650129076,9.02776739379417
4,17.777,4024753,3,5,5000,5.0,100,6.0,1739,25,4,21,607,34.905117883841285,115,365,243.0,1.585088650129076,9.02776739379417
4,17.777,4024753,3,5,5000,5.0,200,4.0,1739,25,2,23,607,34.905117883841285,352,365,358.5,2.137101259122625,8.347012075169662
4,17.777,4024753,3,5,5000,5.0,200,5.0,1739,25,2,23,607,34.905117883841285,352,365,358.5,2.137101259122625,8.347012075169662
4,17.777,4024753,3,5,5000,5.0,200,6.0,1739,25,2,23,607,34.905117883841285,352,365,358.5,2.137101259122625,8.347012075169662
4,17.777,4024753,3,5,5000,5.0,300,4.0,1739,25,2,23,607,34.905117883841285,352,365,358.5,2.137101259122625,8.347012075169662
4,17.777,4024753,3,5,5000,5.0,300,5.0,1739,25,2,23,607,34.905117883841285,352,365,358.5,2.137101259122625,8.347012075169662
4,17.777,4024753,3,5,5000,5.0,300,6.0,1739,25,2,23,607,34.905117883841285,352,365,358.5,2.137101259122625,8.347012075169662
4,17.777,4024753,3,5,10000,10.0,100,4.0,3506,73,4,69,998,28.465487735310894,215,740,486.5,1.6041927332747248,8.64049359247513
4,17.777,4024753,3,5,10000,10.0,100,5.0,3506,73,4,69,998,28.465487735310894,215,740,486.5,1.6041927332747248,8.64049359247513
4,17.777,4024753,3,5,10000,10.0,100,6.0,3506,73,4,69,998,28.465487735310894,215,740,486.5,1.6041927332747248,8.64049359247513
4,17.777,4024753,3,5,10000,10.0,200,4.0,3506,73,4,69,998,28.465487735310894,215,740,486.5,1.6041927332747248,8.64049359247513
4,17.777,4024753,3,5,10000,10.0,200,5.0,3506,73,4,69,998,28.465487735310894,215,740,486.5,1.6041927332747248,8.64049359247513
4,17.777,4024753,3,5,10000,10.0,200,6.0,3506,73,4,69,998,28.465487735310894,215,740,486.5,1.6041927332747248,8.64049359247513
4,17.777,4024753,3,5,10000,10.0,300,4.0,3506,73,2,71,998,28.465487735310894,704,740,722.0,2.1807342707974016,8.37464898903178
4,17.777,4024753,3,5,10000,10.0,300,5.0,3506,73,2,71,998,28.465487735310894,704,740,722.0,2.1807342707974016,8.37464898903178
4,17.777,4024753,3,5,10000,10.0,300,6.0,3506,73,2,71,998,28.465487735310894,704,740,722.0,2.1807342707974016,8.37464898903178
4,17.777,4024753,3,5,15000,15.0,100,4.0,5137,126,5,121,1065,20.731944714814095,108,1107,592.2,1.4646658991559816,7.736517972885186
4,17.777,4024753,3,5,15000,15.0,100,5.0,5137,126,5,121,1065,20.731944714814095,108,1107,592.2,1.4646658991559816,7.736517972885186
4,17.777,4024753,3,5,15000,15.0,100,6.0,5137,126,5,121,1065,20.731944714814095,108,1107,592.2,1.4646658991559816,7.736517972885186
4,17.777,4024753,3,5,15000,15.0,200,4.0,5137,126,4,122,1065,20.731944714814095,293,1107,713.25,1.6089479856797593,8.570910642151954
4,17.777,4024753,3,5,15000,15.0,200,5.0,5137,126,4,122,1065,20.731944714814095,293,1107,713.25,1.6089479856797593,8.570910642151954
4,17.777,4024753,3,5,15000,15.0,200,6.0,5137,126,4,122,1065,20.731944714814095,293,1107,713.25,1.6089479856797593,8.570910642151954
4,17.777,4024753,3,5,15000,15.0,300,4.0,5137,126,3,123,1065,20.731944714814095,408,1107,853.3333333333334,1.7443728386760837,8.376153166617094
4,17.777,4024753,3,5,15000,15.0,300,5.0,5137,126,3,123,1065,20.731944714814095,408,1107,853.3333333333334,1.7443728386760837,8.376153166617094
4,17.777,4024753,3,5,15000,15.0,300,6.0,5137,126,3,123,1065,20.731944714814095,408,1107,853.3333333333334,1.7443728386760837,8.376153166617094
4,17.777,4024753,3,5,20000,20.0,100,4.0,6764,154,5,149,1148,16.972205795387346,146,1478,787.0,1.4829772755680626,8.155810677169669
4,17.777,4024753,3,5,20000,20.0,100,5.0,6764,154,5,149,1148,16.972205795387346,146,1478,787.0,1.4829772755680626,8.155810677169669
4,17.777,4024753,3,5,20000,20.0,100,6.0,6764,154,5,149,1148,16.972205795387346,146,1478,787.0,1.4829772755680626,8.155810677169669
4,17.777,4024753,3,5,20000,20.0,200,4.0,6764,154,4,150,1148,16.972205795387346,401,1478,947.25,1.6149453448211522,8.758822778639768
4,17.777,4024753,3,5,20000,20.0,200,5.0,6764,154,4,150,1148,16.972205795387346,401,1478,947.25,1.6149453448211522,8.758822778639768
4,17.777,4024753,3,5,20000,20.0,200,6.0,6764,154,4,150,1148,16.972205795387346,401,1478,947.25,1.6149453448211522,8.758822778639768
4,17.777,4024753,3,5,20000,20.0,300,4.0,6764,154,4,150,1148,16.972205795387346,401,1478,947.25,1.6149453448211522,8.758822778639768
4,17.777,4024753,3,5,20000,20.0,300,5.0,6764,154,4,150,1148,16.972205795387346,401,1478,947.25,1.6149453448211522,8.758822778639768
4,17.777,4024753,3,5,20000,20.0,300,6.0,6764,154,4,150,1148,16.972205795387346,401,1478,947.25,1.6149453448211522,8.758822778639768
4,17.777,4024753,3,10,5000,5.0,100,4.0,1739,5,4,1,731,42.035652673950544,115,365,243.0,1.585088650129076,9.02776739379417
4,17.777,4024753,3,10,5000,5.0,100,5.0,1739,5,4,1,731,42.035652673950544,115,365,243.0,1.585088650129076,9.02776739379417
4,17.777,4024753,3,10,5000,5.0,100,6.0,1739,5,4,1,731,42.035652673950544,115,365,243.0,1.585088650129076,9.02776739379417
4,17.777,4024753,3,10,5000,5.0,200,4.0,1739,5,2,3,731,42.035652673950544,352,365,358.5,2.137101259122625,8.347012075169662
4,17.777,4024753,3,10,5000,5.0,200,5.0,1739,5,2,3,731,42.035652673950544,352,365,358.5,2.137101259122625,8.347012075169662
4,17.777,4024753,3,10,5000,5.0,200,6.0,1739,5,2,3,731,42.035652673950544,352,365,358.5,2.137101259122625,8.347012075169662
4,17.777,4024753,3,10,5000,5.0,300,4.0,1739,5,2,3,731,42.035652673950544,352,365,358.5,2.137101259122625,8.347012075169662
4,17.777,4024753,3,10,5000,5.0,300,5.0,1739,5,2,3,731,42.035652673950544,352,365,358.5,2.137101259122625,8.347012075169662
4,17.777,4024753,3,10,5000,5.0,300,6.0,1739,5,2,3,731,42.035652673950544,352,365,358.5,2.137101259122625,8.347012075169662
4,17.777,4024753,3,10,10000,10.0,100,4.0,3506,10,4,6,1424,40.616086708499715,215,740,486.5,1.6041927332747248,8.64049359247513
4,17.777,4024753,3,10,10000,10.0,100,5.0,3506,10,4,6,1424,40.616086708499715,215,740,486.5,1.6041927332747248,8.64049359247513
4,17.777,4024753,3,10,10000,10.0,100,6.0,3506,10,4,6,1424,40.616086708499715,215,740,486.5,1.6041927332747248,8.64049359247513
4,17.777,4024753,3,10,10000,10.0,200,4.0,3506,10,4,6,1424,40.616086708499715,215,740,486.5,1.6041927332747248,8.64049359247513
4,17.777,4024753,3,10,10000,10.0,200,5.0,3506,10,4,6,1424,40.616086708499715,215,740,486.5,1.6041927332747248,8.64049359247513
4,17.777,4024753,3,10,10000,10.0,200,6.0,3506,10,4,6,1424,40.616086708499715,215,740,486.5,1.6041927332747248,8.64049359247513
4,17.777,4024753,3,10,10000,10.0,300,4.0,3506,10,2,8,1424,40.616086708499715,704,740,722.0,2.1807342707974016,8.37464898903178
4,17.777,4024753,3,10,10000,10.0,300,5.0,3506,10,2,8,1424,40.616086708499715,704,740,722.0,2.1807342707974016,8.37464898903178
4,17.777,4024753,3,10,10000,10.0,300,6.0,3506,10,2,8,1424,40.616086708499715,704,740,722.0,2.1807342707974016,8.37464898903178
4,17.777,4024753,3,10,15000,15.0,100,4.0,5137,25,5,20,1881,36.61670235546038,108,1107,592.2,1.4646658991559816,7.736517972885186
4,17.777,4024753,3,10,15000,15.0,100,5.0,5137,25,5,20,1881,36.61670235546038,108,1107,592.2,1.4646658991559816,7.736517972885186
4,17.777,4024753,3,10,15000,15.0,100,6.0,5137,25,5,20,1881,36.61670235546038,108,1107,592.2,1.4646658991559816,7.736517972885186
4,17.777,4024753,3,10,15000,15.0,200,4.0,5137,25,4,21,1881,36.61670235546038,293,1107,713.25,1.6089479856797593,8.570910642151954
4,17.777,4024753,3,10,15000,15.0,200,5.0,5137,25,4,21,1881,36.61670235546038,293,1107,713.25,1.6089479856797593,8.570910642151954
4,17.777,4024753,3,10,15000,15.0,200,6.0,5137,25,4,21,1881,36.61670235546038,293,1107,713.25,1.6089479856797593,8.570910642151954
4,17.777,4024753,3,10,15000,15.0,300,4.0,5137,25,3,22,1881,36.61670235546038,408,1107,853.3333333333334,1.7443728386760837,8.376153166617094
4,17.777,4024753,3,10,15000,15.0,300,5.0,5137,25,3,22,1881,36.61670235546038,408,1107,853.3333333333334,1.7443728386760837,8.376153166617094
4,17.777,4024753,3,10,15000,15.0,300,6.0,5137,25,3,22,1881,36.61670235546038,408,1107,853.3333333333334,1.7443728386760837,8.376153166617094
4,17.777,4024753,3,10,20000,20.0,100,4.0,6764,46,5,41,2153,31.830277942046127,146,1478,787.0,1.4829772755680626,8.15581067716967
4,17.777,4024753,3,10,20000,20.0,100,5.0,6764,46,5,41,2153,31.830277942046127,146,1478,787.0,1.4829772755680626,8.15581067716967
4,17.777,4024753,3,10,20000,20.0,100,6.0,6764,46,5,41,2153,31.830277942046127,146,1478,787.0,1.4829772755680626,8.15581067716967
4,17.777,4024753,3,10,20000,20.0,200,4.0,6764,46,4,42,2153,31.830277942046127,401,1478,947.25,1.6149453448211522,8.758822778639768
4,17.777,4024753,3,10,20000,20.0,200,5.0,6764,46,4,42,2153,31.830277942046127,401,1478,947.25,1.6149453448211522,8.758822778639768
4,17.777,4024753,3,10,20000,20.0,200,6.0,6764,46,4,42,2153,31.830277942046127,401,1478,947.25,1.6149453448211522,8.758822778639768
4,17.777,4024753,3,10,20000,20.0,300,4.0,6764,46,4,42,2153,31.830277942046127,401,1478,947.25,1.6149453448211522,8.758822778639768
4,17.777,4024753,3,10,20000,20.0,300,5.0,6764,46,4,42,2153,31.830277942046127,401,1478,947.25,1.6149453448211522,8.758822778639768
4,17.777,4024753,3,10,20000,20.0,300,6.0,6764,46,4,42,2153,31.830277942046127,401,1478,947.25,1.6149453448211522,8.758822778639768
4,17.777,4024753,3,15,5000,5.0,100,4.0,1739,7,3,4,747,42.955721679125936,119,354,275.0,1.7096446562142777,7.602958640900487
4,17.777,4024753,3,15,5000,5.0,100,5.0,1739,7,3,4,747,42.955721679125936,119,354,275.0,1.7096446562142777,7.602958640900487
4,17.777,4024753,3,15,5000,5.0,100,6.0,1739,7,3,4,747,42.955721679125936,119,354,275.0,1.7096446562142777,7.602958640900487
4,17.777,4024753,3,15,5000,5.0,200,4.0,1739,7,2,5,747,42.955721679125936,352,354,353.0,2.1352369746030258,8.100735775590934
4,17.777,4024753,3,15,5000,5.0,200,5.0,1739,7,2,5,747,42.955721679125936,352,354,353.0,2.1352369746030258,8.100735775590934
4,17.777,4024753,3,15,5000,5.0,200,6.0,1739,7,2,5,747,42.955721679125936,352,354,353.0,2.1352369746030258,8.100735775590934
4,17.777,4024753,3,15,5000,5.0,300,4.0,1739,7,2,5,747,42.955721679125936,352,354,353.0,2.1352369746030258,8.100735775590934
4,17.777,4024753,3,15,5000,5.0,300,5.0,1739,7,2,5,747,42.955721679125936,352,354,353.0,2.1352369746030258,8.100735775590934
4,17.777,4024753,3,15,5000,5.0,300,6.0,1739,7,2,5,747,42.955721679125936,352,354,353.0,2.1352369746030258,8.100735775590934
4,17.777,4024753,3,15,10000,10.0,100,4.0,3506,5,4,1,1490,42.49857387335995,215,739,486.0,1.6009183884395042,8.6246220468063
4,17.777,4024753,3,15,10000,10.0,100,5.0,3506,5,4,1,1490,42.49857387335995,215,739,486.0,1.6009183884395042,8.6246220468063
4,17.777,4024753,3,15,10000,10.0,100,6.0,3506,5,4,1,1490,42.49857387335995,215,739,486.0,1.6009183884395042,8.6246220468063
4,17.777,4024753,3,15,10000,10.0,200,4.0,3506,5,4,1,1490,42.49857387335995,215,739,486.0,1.6009183884395042,8.6246220468063
4,17.777,4024753,3,15,10000,10.0,200,5.0,3506,5,4,1,1490,42.49857387335995,215,739,486.0,1.6009183884395042,8.6246220468063
4,17.777,4024753,3,15,10000,10.0,200,6.0,3506,5,4,1,1490,42.49857387335995,215,739,486.0,1.6009183884395042,8.6246220468063
4,17.777,4024753,3,15,10000,10.0,300,4.0,3506,5,2,3,1490,42.49857387335995,703,739,721.0,2.17418558112696,8.342905897694122
4,17.777,4024753,3,15,10000,10.0,300,5.0,3506,5,2,3,1490,42.49857387335995,703,739,721.0,2.17418558112696,8.342905897694122
4,17.777,4024753,3,15,10000,10.0,300,6.0,3506,5,2,3,1490,42.49857387335995,703,739,721.0,2.17418558112696,8.342905897694122
4,17.777,4024753,3,15,15000,15.0,100,4.0,5137,7,5,2,2122,41.30815651158264,108,1107,592.0,1.4626646742868639,7.732511591598988
4,17.777,4024753,3,15,15000,15.0,100,5.0,5137,7,5,2,2122,41.30815651158264,108,1107,592.0,1.4626646742868639,7.732511591598988
4,17.777,4024753,3,15,15000,15.0,100,6.0,5137,7,5,2,2122,41.30815651158264,108,1107,592.0,1.4626646742868639,7.732511591598988
4,17.777,4024753,3,15,15000,15.0,200,4.0,5137,7,4,3,2122,41.30815651158264,293,1107,713.0,1.606446454593362,8.565902665544208
4,17.777,4024753,3,15,15000,15.0,200,5.0,5137,7,4,3,2122,41.30815651158264,293,1107,713.0,1.606446454593362,8.565902665544208
4,17.777,4024753,3,15,15000,15.0,200,6.0,5137,7,4,3,2122,41.30815651158264,293,1107,713.0,1.606446454593362,8.565902665544208
4,17.777,4024753,3,15,15000,15.0,300,4.0,5137,7,3,4,2122,41.30815651158264,408,1107,853.0,1.741037463894221,8.369475864473431
4,17.777,4024753,3,15,15000,15.0,300,5.0,5137,7,3,4,2122,41.30815651158264,408,1107,853.0,1.741037463894221,8.369475864473431
4,17.777,4024753,3,15,15000,15.0,300,6.0,5137,7,3,4,2122,41.30815651158264,408,1107,853.0,1.741037463894221,8.369475864473431
4,17.777,4024753,3,15,20000,20.0,100,4.0,6764,15,5,10,2586,38.231815493790656,146,1478,787.0,1.4829772755680626,8.15581067716967
4,17.777,4024753,3,15,20000,20.0,100,5.0,6764,15,5,10,2586,38.231815493790656,146,1478,787.0,1.4829772755680626,8.15581067716967
4,17.777,4024753,3,15,20000,20.0,100,6.0,6764,15,5,10,2586,38.231815493790656,146,1478,787.0,1.4829772755680626,8.15581067716967
4,17.777,4024753,3,15,20000,20.0,200,4.0,6764,15,4,11,2586,38.231815493790656,401,1478,947.25,1.6149453448211522,8.758822778639768
4,17.777,4024753,3,15,20000,20.0,200,5.0,6764,15,4,11,2586,38.231815493790656,401,1478,947.25,1.6149453448211522,8.758822778639768
4,17.777,4024753,3,15,20000,20.0,200,6.0,6764,15,4,11,2586,38.231815493790656,401,1478,947.25,1.6149453448211522,8.758822778639768
4,17.777,4024753,3,15,20000,20.0,300,4.0,6764,15,4,11,2586,38.231815493790656,401,1478,947.25,1.6149453448211522,8.758822778639768
4,17.777,4024753,3,15,20000,20.0,300,5.0,6764,15,4,11,2586,38.231815493790656,401,1478,947.25,1.6149453448211522,8.758822778639768
4,17.777,4024753,3,15,20000,20.0,300,6.0,6764,15,4,11,2586,38.231815493790656,401,1478,947.25,1.6149453448211522,8.758822778639768
4,17.777,4024753,4,5,5000,5.0,100,4.0,1739,30,4,26,568,32.66244968372628,115,365,243.0,1.585088650129076,9.02776739379417
4,17.777,4024753,4,5,5000,5.0,100,5.0,1739,30,4,26,568,32.66244968372628,115,365,243.0,1.585088650129076,9.02776739379417
4,17.777,4024753,4,5,5000,5.0,100,6.0,1739,30,4,26,568,32.66244968372628,115,365,243.0,1.585088650129076,9.02776739379417
4,17.777,4024753,4,5,5000,5.0,200,4.0,1739,30,2,28,568,32.66244968372628,352,365,358.5,2.137101259122625,8.347012075169662
4,17.777,4024753,4,5,5000,5.0,200,5.0,1739,30,2,28,568,32.66244968372628,352,365,358.5,2.137101259122625,8.347012075169662
4,17.777,4024753,4,5,5000,5.0,200,6.0,1739,30,2,28,568,32.66244968372628,352,365,358.5,2.137101259122625,8.347012075169662
4,17.777,4024753,4,5,5000,5.0,300,4.0,1739,30,2,28,568,32.66244968372628,352,365,358.5,2.137101259122625,8.347012075169662
4,17.777,4024753,4,5,5000,5.0,300,5.0,1739,30,2,28,568,32.66244968372628,352,365,358.5,2.137101259122625,8.347012075169662
4,17.777,4024753,4,5,5000,5.0,300,6.0,1739,30,2,28,568,32.66244968372628,352,365,358.5,2.137101259122625,8.347012075169662
4,17.777,4024753,4,5,10000,10.0,100,4.0,3506,92,4,88,785,22.390188248716488,215,741,487.0,1.610963724642211,8.65143885812695
4,17.777,4024753,4,5,10000,10.0,100,5.0,3506,92,4,88,785,22.390188248716488,215,741,487.0,1.610963724642211,8.65143885812695
4,17.777,4024753,4,5,10000,10.0,100,6.0,3506,92,4,88,785,22.390188248716488,215,741,487.0,1.610963724642211,8.65143885812695
4,17.777,4024753,4,5,10000,10.0,200,4.0,3506,92,4,88,785,22.390188248716488,215,741,487.0,1.610963724642211,8.65143885812695
4,17.777,4024753,4,5,10000,10.0,200,5.0,3506,92,4,88,785,22.390188248716488,215,741,487.0,1.610963724642211,8.65143885812695
4,17.777,4024753,4,5,10000,10.0,200,6.0,3506,92,4,88,785,22.390188248716488,215,741,487.0,1.610963724642211,8.65143885812695
4,17.777,4024753,4,5,10000,10.0,300,4.0,3506,92,2,90,785,22.390188248716488,705,741,723.0,2.1942762535323737,8.39653952033542
4,17.777,4024753,4,5,10000,10.0,300,5.0,3506,92,2,90,785,22.390188248716488,705,741,723.0,2.1942762535323737,8.39653952033542
4,17.777,4024753,4,5,10000,10.0,300,6.0,3506,92,2,90,785,22.390188248716488,705,741,723.0,2.1942762535323737,8.39653952033542
4,17.777,4024753,4,5,15000,15.0,100,4.0,5137,127,5,122,743,14.46369476348063,108,1108,592.6,1.4683683209296485,7.742406750374204
4,17.777,4024753,4,5,15000,15.0,100,5.0,5137,127,5,122,743,14.46369476348063,108,1108,592.6,1.4683683209296485,7.742406750374204
4,17.777,4024753,4,5,15000,15.0,100,6.0,5137,127,5,122,743,14.46369476348063,108,1108,592.6,1.4683683209296485,7.742406750374204
4,17.777,4024753,4,5,15000,15.0,200,4.0,5137,127,4,123,743,14.46369476348063,293,1108,713.75,1.6135760128968428,8.578271614013227
4,17.777,4024753,4,5,15000,15.0,200,5.0,5137,127,4,123,743,14.46369476348063,293,1108,713.75,1.6135760128968428,8.578271614013227
4,17.777,4024753,4,5,15000,15.0,200,6.0,5137,127,4,123,743,14.46369476348063,293,1108,713.75,1.6135760128968428,8.578271614013227
4,17.777,4024753,4,5,15000,15.0,300,4.0,5137,127,3,124,743,14.46369476348063,408,1108,854.0,1.7505435416321953,8.385967795765458
4,17.777,4024753,4,5,15000,15.0,300,5.0,5137,127,3,124,743,14.46369476348063,408,1108,854.0,1.7505435416321953,8.385967795765458
4,17.777,4024753,4,5,15000,15.0,300,6.0,5137,127,3,124,743,14.46369476348063,408,1108,854.0,1.7505435416321953,8.385967795765458
4,17.777,4024753,4,5,20000,20.0,100,4.0,6764,154,5,149,713,10.541099940863395,146,1479,787.4,1.4857524273587952,8.160236134699124
4,17.777,4024753,4,5,20000,20.0,100,5.0,6764,154,5,149,713,10.541099940863395,146,1479,787.4,1.4857524273587952,8.160236134699124
4,17.777,4024753,4,5,20000,20.0,100,6.0,6764,154,5,149,713,10.541099940863395,146,1479,787.4,1.4857524273587952,8.160236134699124
4,17.777,4024753,4,5,20000,20.0,200,4.0,6764,154,4,150,713,10.541099940863395,401,1479,947.75,1.6184142845595682,8.764354600551588
4,17.777,4024753,4,5,20000,20.0,200,5.0,6764,154,4,150,713,10.541099940863395,401,1479,947.75,1.6184142845595682,8.764354600551588
4,17.777,4024753,4,5,20000,20.0,200,6.0,6764,154,4,150,713,10.541099940863395,401,1479,947.75,1.6184142845595682,8.764354600551588
4,17.777,4024753,4,5,20000,20.0,300,4.0,6764,154,4,150,713,10.541099940863395,401,1479,947.75,1.6184142845595682,8.764354600551588
4,17.777,4024753,4,5,20000,20.0,300,5.0,6764,154,4,150,713,10.541099940863395,401,1479,947.75,1.6184142845595682,8.764354600551588
4,17.777,4024753,4,5,20000,20.0,300,6.0,6764,154,4,150,713,10.541099940863395,401,1479,947.75,1.6184142845595682,8.764354600551588
4,17.777,4024753,4,10,5000,5.0,100,4.0,1739,6,4,2,718,41.28809660724554,115,365,243.0,1.585088650129076,9.02776739379417
4,17.777,4024753,4,10,5000,5.0,100,5.0,1739,6,4,2,718,41.28809660724554,115,365,243.0,1.585088650129076,9.02776739379417
4,17.777,4024753,4,10,5000,5.0,100,6.0,1739,6,4,2,718,41.28809660724554,115,365,243.0,1.585088650129076,9.02776739379417
4,17.777,4024753,4,10,5000,5.0,200,4.0,1739,6,2,4,718,41.28809660724554,352,365,358.5,2.137101259122625,8.347012075169662
4,17.777,4024753,4,10,5000,5.0,200,5.0,1739,6,2,4,718,41.28809660724554,352,365,358.5,2.137101259122625,8.347012075169662
4,17.777,4024753,4,10,5000,5.0,200,6.0,1739,6,2,4,718,41.28809660724554,352,365,358.5,2.137101259122625,8.347012075169662
4,17.777,4024753,4,10,5000,5.0,300,4.0,1739,6,2,4,718,41.28809660724554,352,365,358.5,2.137101259122625,8.347012075169662
4,17.777,4024753,4,10,5000,5.0,300,5.0,1739,6,2,4,718,41.28809660724554,352,365,358.5,2.137101259122625,8.347012075169662
4,17.777,4024753,4,10,5000,5.0,300,6.0,1739,6,2,4,718,41.28809660724554,352,365,358.5,2.137101259122625,8.347012075169662
4,17.777,4024753,4,10,10000,10.0,100,4.0,3506,19,4,15,1311,37.39304050199658,215,741,487.0,1.610963724642211,8.65143885812695
4,17.777,4024753,4,10,10000,10.0,100,5.0,3506,19,4,15,1311,37.39304050199658,215,741,487.0,1.610963724642211,8.65143885812695
4,17.777,4024753,4,10,10000,10.0,100,6.0,3506,19,4,15,1311,37.39304050199658,215,741,487.0,1.610963724642211,8.65143885812695
4,17.777,4024753,4,10,10000,10.0,200,4.0,3506,19,4,15,1311,37.39304050199658,215,741,487.0,1.610963724642211,8.65143885812695
4,17.777,4024753,4,10,10000,10.0,200,5.0,3506,19,4,15,1311,37.39304050199658,215,741,487.0,1.610963724642211,8.65143885812695
4,17.777,4024753,4,10,10000,10.0,200,6.0,3506,19,4,15,1311,37.39304050199658,215,741,487.0,1.610963724642211,8.65143885812695
4,17.777,4024753,4,10,10000,10.0,300,4.0,3506,19,2,17,1311,37.39304050199658,705,741,723.0,2.1942762535323737,8.39653952033542
4,17.777,4024753,4,10,10000,10.0,300,5.0,3506,19,2,17,1311,37.39304050199658,705,741,723.0,2.1942762535323737,8.39653952033542
4,17.777,4024753,4,10,10000,10.0,300,6.0,3506,19,2,17,1311,37.39304050199658,705,741,723.0,2.1942762535323737,8.39653952033542
4,17.777,4024753,4,10,15000,15.0,100,4.0,5137,41,5,36,1596,31.0687171500876,108,1108,592.6,1.4683683209296485,7.742406750374204
4,17.777,4024753,4,10,15000,15.0,100,5.0,5137,41,5,36,1596,31.0687171500876,108,1108,592.6,1.4683683209296485,7.742406750374204
4,17.777,4024753,4,10,15000,15.0,100,6.0,5137,41,5,36,1596,31.0687171500876,108,1108,592.6,1.4683683209296485,7.742406750374204
4,17.777,4024753,4,10,15000,15.0,200,4.0,5137,41,4,37,1596,31.0687171500876,293,1108,713.75,1.6135760128968428,8.578271614013227
4,17.777,4024753,4,10,15000,15.0,200,5.0,5137,41,4,37,1596,31.0687171500876,293,1108,713.75,1.6135760128968428,8.578271614013227
4,17.777,4024753,4,10,15000,15.0,200,6.0,5137,41,4,37,1596,31.0687171500876,293,1108,713.75,1.6135760128968428,8.578271614013227
4,17.777,4024753,4,10,15000,15.0,300,4.0,5137,41,3,38,1596,31.0687171500876,408,1108,854.0,1.7505435416321953,8.385967795765458
4,17.777,4024753,4,10,15000,15.0,300,5.0,5137,41,3,38,1596,31.0687171500876,408,1108,854.0,1.7505435416321953,8.385967795765458
4,17.777,4024753,4,10,15000,15.0,300,6.0,5137,41,3,38,1596,31.0687171500876,408,1108,854.0,1.7505435416321953,8.385967795765458
4,17.777,4024753,4,10,20000,20.0,100,4.0,6764,58,5,53,1774,26.227084565345947,146,1479,787.4,1.4857524273587952,8.160236134699124
4,17.777,4024753,4,10,20000,20.0,100,5.0,6764,58,5,53,1774,26.227084565345947,146,1479,787.4,1.4857524273587952,8.160236134699124
4,17.777,4024753,4,10,20000,20.0,100,6.0,6764,58,5,53,1774,26.227084565345947,146,1479,787.4,1.4857524273587952,8.160236134699124
4,17.777,4024753,4,10,20000,20.0,200,4.0,6764,58,4,54,1774,26.227084565345947,401,1479,947.75,1.6184142845595682,8.764354600551588
4,17.777,4024753,4,10,20000,20.0,200,5.0,6764,58,4,54,1774,26.227084565345947,401,1479,947.75,1.6184142845595682,8.764354600551588
4,17.777,4024753,4,10,20000,20.0,200,6.0,6764,58,4,54,1774,26.227084565345947,401,1479,947.75,1.6184142845595682,8.764354600551588
4,17.777,4024753,4,10,20000,20.0,300,4.0,6764,58,4,54,1774,26.227084565345947,401,1479,947.75,1.6184142845595682,8.764354600551588
4,17.777,4024753,4,10,20000,20.0,300,5.0,6764,58,4,54,1774,26.227084565345947,401,1479,947.75,1.6184142845595682,8.764354600551588
4,17.777,4024753,4,10,20000,20.0,300,6.0,6764,58,4,54,1774,26.227084565345947,401,1479,947.75,1.6184142845595682,8.764354600551588
4,17.777,4024753,4,15,5000,5.0,100,4.0,1739,5,4,1,731,42.035652673950544,115,365,243.0,1.585088650129076,9.02776739379417
4,17.777,4024753,4,15,5000,5.0,100,5.0,1739,5,4,1,731,42.035652673950544,115,365,243.0,1.585088650129076,9.02776739379417
4,17.777,4024753,4,15,5000,5.0,100,6.0,1739,5,4,1,731,42.035652673950544,115,365,243.0,1.585088650129076,9.02776739379417
4,17.777,4024753,4,15,5000,5.0,200,4.0,1739,5,2,3,731,42.035652673950544,352,365,358.5,2.137101259122625,8.347012075169662
4,17.777,4024753,4,15,5000,5.0,200,5.0,1739,5,2,3,731,42.035652673950544,352,365,358.5,2.137101259122625,8.347012075169662
4,17.777,4024753,4,15,5000,5.0,200,6.0,1739,5,2,3,731,42.035652673950544,352,365,358.5,2.137101259122625,8.347012075169662
4,17.777,4024753,4,15,5000,5.0,300,4.0,1739,5,2,3,731,42.035652673950544,352,365,358.5,2.137101259122625,8.347012075169662
4,17.777,4024753,4,15,5000,5.0,300,5.0,1739,5,2,3,731,42.035652673950544,352,365,358.5,2.137101259122625,8.347012075169662
4,17.777,4024753,4,15,5000,5.0,300,6.0,1739,5,2,3,731,42.035652673950544,352,365,358.5,2.137101259122625,8.347012075169662
4,17.777,4024753,4,15,10000,10.0,100,4.0,3506,6,4,2,1465,41.78551055333713,215,741,487.0,1.610963724642211,8.65143885812695
4,17.777,4024753,4,15,10000,10.0,100,5.0,3506,6,4,2,1465,41.78551055333713,215,741,487.0,1.610963724642211,8.65143885812695
4,17.777,4024753,4,15,10000,10.0,100,6.0,3506,6,4,2,1465,41.78551055333713,215,741,487.0,1.610963724642211,8.65143885812695
4,17.777,4024753,4,15,10000,10.0,200,4.0,3506,6,4,2,1465,41.78551055333713,215,741,487.0,1.610963724642211,8.65143885812695
4,17.777,4024753,4,15,10000,10.0,200,5.0,3506,6,4,2,1465,41.78551055333713,215,741,487.0,1.610963724642211,8.65143885812695
4,17.777,4024753,4,15,10000,10.0,200,6.0,3506,6,4,2,1465,41.78551055333713,215,741,487.0,1.610963724642211,8.65143885812695
4,17.777,4024753,4,15,10000,10.0,300,4.0,3506,6,2,4,1465,41.78551055333713,705,741,723.0,2.1942762535323737,8.39653952033542
4,17.777,4024753,4,15,10000,10.0,300,5.0,3506,6,2,4,1465,41.78551055333713,705,741,723.0,2.1942762535323737,8.39653952033542
4,17.777,4024753,4,15,10000,10.0,300,6.0,3506,6,2,4,1465,41.78551055333713,705,741,723.0,2.1942762535323737,8.39653952033542
4,17.777,4024753,4,15,15000,15.0,100,4.0,5137,12,5,7,2020,39.32256180650185,108,1108,592.6,1.4683683209296485,7.742406750374204
4,17.777,4024753,4,15,15000,15.0,100,5.0,5137,12,5,7,2020,39.32256180650185,108,1108,592.6,1.4683683209296485,7.742406750374204
4,17.777,4024753,4,15,15000,15.0,100,6.0,5137,12,5,7,2020,39.32256180650185,108,1108,592.6,1.4683683209296485,7.742406750374204
4,17.777,4024753,4,15,15000,15.0,200,4.0,5137,12,4,8,2020,39.32256180650185,293,1108,713.75,1.6135760128968428,8.578271614013227
4,17.777,4024753,4,15,15000,15.0,200,5.0,5137,12,4,8,2020,39.32256180650185,293,1108,713.75,1.6135760128968428,8.578271614013227
4,17.777,4024753,4,15,15000,15.0,200,6.0,5137,12,4,8,2020,39.32256180650185,293,1108,713.75,1.6135760128968428,8.578271614013227
4,17.777,4024753,4,15,15000,15.0,300,4.0,5137,12,3,9,2020,39.32256180650185,408,1108,854.0,1.7505435416321953,8.385967795765458
4,17.777,4024753,4,15,15000,15.0,300,5.0,5137,12,3,9,2020,39.32256180650185,408,1108,854.0,1.7505435416321953,8.385967795765458
4,17.777,4024753,4,15,15000,15.0,300,6.0,5137,12,3,9,2020,39.32256180650185,408,1108,854.0,1.7505435416321953,8.385967795765458
4,17.777,4024753,4,15,20000,20.0,100,4.0,6764,26,5,21,2326,34.387936132465995,146,1479,787.4,1.4857524273587952,8.160236134699124
4,17.777,4024753,4,15,20000,20.0,100,5.0,6764,26,5,21,2326,34.387936132465995,146,1479,787.4,1.4857524273587952,8.160236134699124
4,17.777,4024753,4,15,20000,20.0,100,6.0,6764,26,5,21,2326,34.387936132465995,146,1479,787.4,1.4857524273587952,8.160236134699124
4,17.777,4024753,4,15,20000,20.0,200,4.0,6764,26,4,22,2326,34.387936132465995,401,1479,947.75,1.6184142845595682,8.764354600551588
4,17.777,4024753,4,15,20000,20.0,200,5.0,6764,26,4,22,2326,34.387936132465995,401,1479,947.75,1.6184142845595682,8.764354600551588
4,17.777,4024753,4,15,20000,20.0,200,6.0,6764,26,4,22,2326,34.387936132465995,401,1479,947.75,1.6184142845595682,8.764354600551588
4,17.777,4024753,4,15,20000,20.0,300,4.0,6764,26,4,22,2326,34.387936132465995,401,1479,947.75,1.6184142845595682,8.764354600551588
4,17.777,4024753,4,15,20000,20.0,300,5.0,6764,26,4,22,2326,34.387936132465995,401,1479,947.75,1.6184142845595682,8.764354600551588
4,17.777,4024753,4,15,20000,20.0,300,6.0,6764,26,4,22,2326,34.387936132465995,401,1479,947.75,1.6184142845595682,8.764354600551588
4,17.777,4024753,5,5,5000,5.0,100,4.0,1739,38,4,34,483,27.77458309373203,115,365,243.0,1.585088650129076,9.02776739379417
4,17.777,4024753,5,5,5000,5.0,100,5.0,1739,38,4,34,483,27.77458309373203,115,365,243.0,1.585088650129076,9.02776739379417
4,17.777,4024753,5,5,5000,5.0,100,6.0,1739,38,4,34,483,27.77458309373203,115,365,243.0,1.585088650129076,9.02776739379417
4,17.777,4024753,5,5,5000,5.0,200,4.0,1739,38,2,36,483,27.77458309373203,352,365,358.5,2.137101259122625,8.347012075169662
4,17.777,4024753,5,5,5000,5.0,200,5.0,1739,38,2,36,483,27.77458309373203,352,365,358.5,2.137101259122625,8.347012075169662
4,17.777,4024753,5,5,5000,5.0,200,6.0,1739,38,2,36,483,27.77458309373203,352,365,358.5,2.137101259122625,8.347012075169662
4,17.777,4024753,5,5,5000,5.0,300,4.0,1739,38,2,36,483,27.77458309373203,352,365,358.5,2.137101259122625,8.347012075169662
4,17.777,4024753,5,5,5000,5.0,300,5.0,1739,38,2,36,483,27.77458309373203,352,365,358.5,2.137101259122625,8.347012075169662
4,17.777,4024753,5,5,5000,5.0,300,6.0,1739,38,2,36,483,27.77458309373203,352,365,358.5,2.137101259122625,8.347012075169662
4,17.777,4024753,5,5,10000,10.0,100,4.0,3506,94,4,90,530,15.116942384483743,215,741,487.0,1.610963724642211,8.65143885812695
4,17.777,4024753,5,5,10000,10.0,100,5.0,3506,94,4,90,530,15.116942384483743,215,741,487.0,1.610963724642211,8.65143885812695
4,17.777,4024753,5,5,10000,10.0,100,6.0,3506,94,4,90,530,15.116942384483743,215,741,487.0,1.610963724642211,8.65143885812695
4,17.777,4024753,5,5,10000,10.0,200,4.0,3506,94,4,90,530,15.116942384483743,215,741,487.0,1.610963724642211,8.65143885812695
4,17.777,4024753,5,5,10000,10.0,200,5.0,3506,94,4,90,530,15.116942384483743,215,741,487.0,1.610963724642211,8.65143885812695
4,17.777,4024753,5,5,10000,10.0,200,6.0,3506,94,4,90,530,15.116942384483743,215,741,487.0,1.610963724642211,8.65143885812695
4,17.777,4024753,5,5,10000,10.0,300,4.0,3506,94,2,92,530,15.116942384483743,705,741,723.0,2.1942762535323737,8.39653952033542
4,17.777,4024753,5,5,10000,10.0,300,5.0,3506,94,2,92,530,15.116942384483743,705,741,723.0,2.1942762535323737,8.39653952033542
4,17.777,4024753,5,5,10000,10.0,300,6.0,3506,94,2,92,530,15.116942384483743,705,741,723.0,2.1942762535323737,8.39653952033542
4,17.777,4024753,5,5,15000,15.0,100,4.0,5137,96,5,91,448,8.721043410550905,108,1108,592.6,1.4683683209296485,7.742406750374204
4,17.777,4024753,5,5,15000,15.0,100,5.0,5137,96,5,91,448,8.721043410550905,108,1108,592.6,1.4683683209296485,7.742406750374204
4,17.777,4024753,5,5,15000,15.0,100,6.0,5137,96,5,91,448,8.721043410550905,108,1108,592.6,1.4683683209296485,7.742406750374204
4,17.777,4024753,5,5,15000,15.0,200,4.0,5137,96,4,92,448,8.721043410550905,293,1108,713.75,1.6135760128968428,8.578271614013227
4,17.777,4024753,5,5,15000,15.0,200,5.0,5137,96,4,92,448,8.721043410550905,293,1108,713.75,1.6135760128968428,8.578271614013227
4,17.777,4024753,5,5,15000,15.0,200,6.0,5137,96,4,92,448,8.721043410550905,293,1108,713.75,1.6135760128968428,8.578271614013227
4,17.777,4024753,5,5,15000,15.0,300,4.0,5137,96,3,93,448,8.721043410550905,408,1108,854.0,1.7505435416321953,8.385967795765458
4,17.777,4024753,5,5,15000,15.0,300,5.0,5137,96,3,93,448,8.721043410550905,408,1108,854.0,1.7505435416321953,8.385967795765458
4,17.777,4024753,5,5,15000,15.0,300,6.0,5137,96,3,93,448,8.721043410550905,408,1108,854.0,1.7505435416321953,8.385967795765458
4,17.777,4024753,5,5,20000,20.0,100,4.0,6764,108,5,103,336,4.967474866942638,146,1480,787.6,1.4877383088507998,8.161270586493739
4,17.777,4024753,5,5,20000,20.0,100,5.0,6764,108,5,103,336,4.967474866942638,146,1480,787.6,1.4877383088507998,8.161270586493739
4,17.777,4024753,5,5,20000,20.0,100,6.0,6764,108,5,103,336,4.967474866942638,146,1480,787.6,1.4877383088507998,8.161270586493739
4,17.777,4024753,5,5,20000,20.0,200,4.0,6764,108,4,104,336,4.967474866942638,401,1480,948.0,1.6208966364245736,8.765647665294855
4,17.777,4024753,5,5,20000,20.0,200,5.0,6764,108,4,104,336,4.967474866942638,401,1480,948.0,1.6208966364245736,8.765647665294855
4,17.777,4024753,5,5,20000,20.0,200,6.0,6764,108,4,104,336,4.967474866942638,401,1480,948.0,1.6208966364245736,8.765647665294855
4,17.777,4024753,5,5,20000,20.0,300,4.0,6764,108,4,104,336,4.967474866942638,401,1480,948.0,1.6208966364245736,8.765647665294855
4,17.777,4024753,5,5,20000,20.0,300,5.0,6764,108,4,104,336,4.967474866942638,401,1480,948.0,1.6208966364245736,8.765647665294855
4,17.777,4024753,5,5,20000,20.0,300,6.0,6764,108,4,104,336,4.967474866942638,401,1480,948.0,1.6208966364245736,8.765647665294855
4,17.777,4024753,5,10,5000,5.0,100,4.0,1739,6,4,2,710,40.828062104657846,115,365,243.0,1.585088650129076,9.02776739379417
4,17.777,4024753,5,10,5000,5.0,100,5.0,1739,6,4,2,710,40.828062104657846,115,365,243.0,1.585088650129076,9.02776739379417
4,17.777,4024753,5,10,5000,5.0,100,6.0,1739,6,4,2,710,40.828062104657846,115,365,243.0,1.585088650129076,9.02776739379417
4,17.777,4024753,5,10,5000,5.0,200,4.0,1739,6,2,4,710,40.828062104657846,352,365,358.5,2.137101259122625,8.347012075169662
4,17.777,4024753,5,10,5000,5.0,200,5.0,1739,6,2,4,710,40.828062104657846,352,365,358.5,2.137101259122625,8.347012075169662
4,17.777,4024753,5,10,5000,5.0,200,6.0,1739,6,2,4,710,40.828062104657846,352,365,358.5,2.137101259122625,8.347012075169662
4,17.777,4024753,5,10,5000,5.0,300,4.0,1739,6,2,4,710,40.828062104657846,352,365,358.5,2.137101259122625,8.347012075169662
4,17.777,4024753,5,10,5000,5.0,300,5.0,1739,6,2,4,710,40.828062104657846,352,365,358.5,2.137101259122625,8.347012075169662
4,17.777,4024753,5,10,5000,5.0,300,6.0,1739,6,2,4,710,40.828062104657846,352,365,358.5,2.137101259122625,8.347012075169662
4,17.777,4024753,5,10,10000,10.0,100,4.0,3506,27,4,23,1173,33.45693097547062,215,741,487.0,1.610963724642211,8.65143885812695
4,17.777,4024753,5,10,10000,10.0,100,5.0,3506,27,4,23,1173,33.45693097547062,215,741,487.0,1.610963724642211,8.65143885812695
4,17.777,4024753,5,10,10000,10.0,100,6.0,3506,27,4,23,1173,33.45693097547062,215,741,487.0,1.610963724642211,8.65143885812695
4,17.777,4024753,5,10,10000,10.0,200,4.0,3506,27,4,23,1173,33.45693097547062,215,741,487.0,1.610963724642211,8.65143885812695
4,17.777,4024753,5,10,10000,10.0,200,5.0,3506,27,4,23,1173,33.45693097547062,215,741,487.0,1.610963724642211,8.65143885812695
4,17.777,4024753,5,10,10000,10.0,200,6.0,3506,27,4,23,1173,33.45693097547062,215,741,487.0,1.610963724642211,8.65143885812695
4,17.777,4024753,5,10,10000,10.0,300,4.0,3506,27,2,25,1173,33.45693097547062,705,741,723.0,2.1942762535323737,8.39653952033542
4,17.777,4024753,5,10,10000,10.0,300,5.0,3506,27,2,25,1173,33.45693097547062,705,741,723.0,2.1942762535323737,8.39653952033542
4,17.777,4024753,5,10,10000,10.0,300,6.0,3506,27,2,25,1173,33.45693097547062,705,741,723.0,2.1942762535323737,8.39653952033542
4,17.777,4024753,5,10,15000,15.0,100,4.0,5137,54,5,49,1208,23.515670624878332,108,1108,592.6,1.4683683209296485,7.742406750374204
4,17.777,4024753,5,10,15000,15.0,100,5.0,5137,54,5,49,1208,23.515670624878332,108,1108,592.6,1.4683683209296485,7.742406750374204
4,17.777,4024753,5,10,15000,15.0,100,6.0,5137,54,5,49,1208,23.515670624878332,108,1108,592.6,1.4683683209296485,7.742406750374204
4,17.777,4024753,5,10,15000,15.0,200,4.0,5137,54,4,50,1208,23.515670624878332,293,1108,713.75,1.6135760128968428,8.578271614013227
4,17.777,4024753,5,10,15000,15.0,200,5.0,5137,54,4,50,1208,23.515670624878332,293,1108,713.75,1.6135760128968428,8.578271614013227
4,17.777,4024753,5,10,15000,15.0,200,6.0,5137,54,4,50,1208,23.515670624878332,293,1108,713.75,1.6135760128968428,8.578271614013227
4,17.777,4024753,5,10,15000,15.0,300,4.0,5137,54,3,51,1208,23.515670624878332,408,1108,854.0,1.7505435416321953,8.385967795765458
4,17.777,4024753,5,10,15000,15.0,300,5.0,5137,54,3,51,1208,23.515670624878332,408,1108,854.0,1.7505435416321953,8.385967795765458
4,17.777,4024753,5,10,15000,15.0,300,6.0,5137,54,3,51,1208,23.515670624878332,408,1108,854.0,1.7505435416321953,8.385967795765458
4,17.777,4024753,5,10,20000,20.0,100,4.0,6764,72,5,67,1217,17.99231224127735,146,1480,787.6,1.4877383088507998,8.161270586493739
4,17.777,4024753,5,10,20000,20.0,100,5.0,6764,72,5,67,1217,17.99231224127735,146,1480,787.6,1.4877383088507998,8.161270586493739
4,17.777,4024753,5,10,20000,20.0,100,6.0,6764,72,6,66,1217,17.99231224127735,110,1480,674.6666666666666,2.2202336480470213,8.631397598570311
4,17.777,4024753,5,10,20000,20.0,200,4.0,6764,72,4,68,1217,17.99231224127735,401,1480,948.0,1.6208966364245736,8.765647665294855
4,17.777,4024753,5,10,20000,20.0,200,5.0,6764,72,4,68,1217,17.99231224127735,401,1480,948.0,1.6208966364245736,8.765647665294855
4,17.777,4024753,5,10,20000,20.0,200,6.0,6764,72,4,68,1217,17.99231224127735,401,1480,948.0,1.6208966364245736,8.765647665294855
4,17.777,4024753,5,10,20000,20.0,300,4.0,6764,72,4,68,1217,17.99231224127735,401,1480,948.0,1.6208966364245736,8.765647665294855
4,17.777,4024753,5,10,20000,20.0,300,5.0,6764,72,4,68,1217,17.99231224127735,401,1480,948.0,1.6208966364245736,8.765647665294855
4,17.777,4024753,5,10,20000,20.0,300,6.0,6764,72,4,68,1217,17.99231224127735,401,1480,948.0,1.6208966364245736,8.765647665294855
4,17.777,4024753,5,15,5000,5.0,100,4.0,1739,5,4,1,731,42.035652673950544,115,365,243.0,1.585088650129076,9.02776739379417
4,17.777,4024753,5,15,5000,5.0,100,5.0,1739,5,4,1,731,42.035652673950544,115,365,243.0,1.585088650129076,9.02776739379417
4,17.777,4024753,5,15,5000,5.0,100,6.0,1739,5,4,1,731,42.035652673950544,115,365,243.0,1.585088650129076,9.02776739379417
4,17.777,4024753,5,15,5000,5.0,200,4.0,1739,5,2,3,731,42.035652673950544,352,365,358.5,2.137101259122625,8.347012075169662
4,17.777,4024753,5,15,5000,5.0,200,5.0,1739,5,2,3,731,42.035652673950544,352,365,358.5,2.137101259122625,8.347012075169662
4,17.777,4024753,5,15,5000,5.0,200,6.0,1739,5,2,3,731,42.035652673950544,352,365,358.5,2.137101259122625,8.347012075169662
4,17.777,4024753,5,15,5000,5.0,300,4.0,1739,5,2,3,731,42.035652673950544,352,365,358.5,2.137101259122625,8.347012075169662
4,17.777,4024753,5,15,5000,5.0,300,5.0,1739,5,2,3,731,42.035652673950544,352,365,358.5,2.137101259122625,8.347012075169662
4,17.777,4024753,5,15,5000,5.0,300,6.0,1739,5,2,3,731,42.035652673950544,352,365,358.5,2.137101259122625,8.347012075169662
4,17.777,4024753,5,15,10000,10.0,100,4.0,3506,8,4,4,1424,40.616086708499715,215,741,487.0,1.610963724642211,8.65143885812695
4,17.777,4024753,5,15,10000,10.0,100,5.0,3506,8,4,4,1424,40.616086708499715,215,741,487.0,1.610963724642211,8.65143885812695
4,17.777,4024753,5,15,10000,10.0,100,6.0,3506,8,4,4,1424,40.616086708499715,215,741,487.0,1.610963724642211,8.65143885812695
4,17.777,4024753,5,15,10000,10.0,200,4.0,3506,8,4,4,1424,40.616086708499715,215,741,487.0,1.610963724642211,8.65143885812695
4,17.777,4024753,5,15,10000,10.0,200,5.0,3506,8,4,4,1424,40.616086708499715,215,741,487.0,1.610963724642211,8.65143885812695
4,17.777,4024753,5,15,10000,10.0,200,6.0,3506,8,4,4,1424,40.616086708499715,215,741,487.0,1.610963724642211,8.65143885812695
4,17.777,4024753,5,15,10000,10.0,300,4.0,3506,8,2,6,1424,40.616086708499715,705,741,723.0,2.1942762535323737,8.39653952033542
4,17.777,4024753,5,15,10000,10.0,300,5.0,3506,8,2,6,1424,40.616086708499715,705,741,723.0,2.1942762535323737,8.39653952033542
4,17.777,4024753,5,15,10000,10.0,300,6.0,3506,8,2,6,1424,40.616086708499715,705,741,723.0,2.1942762535323737,8.39653952033542
4,17.777,4024753,5,15,15000,15.0,100,4.0,5137,25,5,20,1723,33.54097722406073,108,1108,592.6,1.4683683209296485,7.742406750374204
4,17.777,4024753,5,15,15000,15.0,100,5.0,5137,25,5,20,1723,33.54097722406073,108,1108,592.6,1.4683683209296485,7.742406750374204
4,17.777,4024753,5,15,15000,15.0,100,6.0,5137,25,5,20,1723,33.54097722406073,108,1108,592.6,1.4683683209296485,7.742406750374204
4,17.777,4024753,5,15,15000,15.0,200,4.0,5137,25,4,21,1723,33.54097722406073,293,1108,713.75,1.6135760128968428,8.578271614013227
4,17.777,4024753,5,15,15000,15.0,200,5.0,5137,25,4,21,1723,33.54097722406073,293,1108,713.75,1.6135760128968428,8.578271614013227
4,17.777,4024753,5,15,15000,15.0,200,6.0,5137,25,4,21,1723,33.54097722406073,293,1108,713.75,1.6135760128968428,8.578271614013227
4,17.777,4024753,5,15,15000,15.0,300,4.0,5137,25,3,22,1723,33.54097722406073,408,1108,854.0,1.7505435416321953,8.385967795765458
4,17.777,4024753,5,15,15000,15.0,300,5.0,5137,25,3,22,1723,33.54097722406073,408,1108,854.0,1.7505435416321953,8.385967795765458
4,17.777,4024753,5,15,15000,15.0,300,6.0,5137,25,3,22,1723,33.54097722406073,408,1108,854.0,1.7505435416321953,8.385967795765458
4,17.777,4024753,5,15,20000,20.0,100,4.0,6764,37,5,32,1934,28.592548787699585,146,1480,787.6,1.4877383088507998,8.161270586493739
4,17.777,4024753,5,15,20000,20.0,100,5.0,6764,37,5,32,1934,28.592548787699585,146,1480,787.6,1.4877383088507998,8.161270586493739
4,17.777,4024753,5,15,20000,20.0,100,6.0,6764,37,5,32,1934,28.592548787699585,146,1480,787.6,1.4877383088507998,8.161270586493739
4,17.777,4024753,5,15,20000,20.0,200,4.0,6764,37,4,33,1934,28.592548787699585,401,1480,948.0,1.6208966364245736,8.765647665294855
4,17.777,4024753,5,15,20000,20.0,200,5.0,6764,37,4,33,1934,28.592548787699585,401,1480,948.0,1.6208966364245736,8.765647665294855
4,17.777,4024753,5,15,20000,20.0,200,6.0,6764,37,4,33,1934,28.592548787699585,401,1480,948.0,1.6208966364245736,8.765647665294855
4,17.777,4024753,5,15,20000,20.0,300,4.0,6764,37,4,33,1934,28.592548787699585,401,1480,948.0,1.6208966364245736,8.765647665294855
4,17.777,4024753,5,15,20000,20.0,300,5.0,6764,37,4,33,1934,28.592548787699585,401,1480,948.0,1.6208966364245736,8.765647665294855
4,17.777,4024753,5,15,20000,20.0,300,6.0,6764,37,4,33,1934,28.592548787699585,401,1480,948.0,1.6208966364245736,8.765647665294855
5,22.222,4029198,2,5,5000,5.0,100,4.0,1756,14,3,11,759,43.22323462414579,131,364,278.0,1.7484166702717865,7.497868001753204
5,22.222,4029198,2,5,5000,5.0,100,5.0,1756,14,3,11,759,43.22323462414579,131,364,278.0,1.7484166702717865,7.497868001753204
5,22.222,4029198,2,5,5000,5.0,100,6.0,1756,14,3,11,759,43.22323462414579,131,364,278.0,1.7484166702717865,7.497868001753204
5,22.222,4029198,2,5,5000,5.0,200,4.0,1756,14,2,12,759,43.22323462414579,339,364,351.5,2.1325569928270554,8.272292461532148
5,22.222,4029198,2,5,5000,5.0,200,5.0,1756,14,2,12,759,43.22323462414579,339,364,351.5,2.1325569928270554,8.272292461532148
5,22.222,4029198,2,5,5000,5.0,200,6.0,1756,14,2,12,759,43.22323462414579,339,364,351.5,2.1325569928270554,8.272292461532148
5,22.222,4029198,2,5,5000,5.0,300,4.0,1756,14,2,12,759,43.22323462414579,339,364,351.5,2.1325569928270554,8.272292461532148
5,22.222,4029198,2,5,5000,5.0,300,5.0,1756,14,2,12,759,43.22323462414579,339,364,351.5,2.1325569928270554,8.272292461532148
5,22.222,4029198,2,5,5000,5.0,300,6.0,1756,14,2,12,759,43.22323462414579,339,364,351.5,2.1325569928270554,8.272292461532148
5,22.222,4029198,2,5,10000,10.0,100,4.0,3369,43,4,39,1207,35.826654793707334,109,735,438.75,1.5998971024431528,7.453154873859187
5,22.222,4029198,2,5,10000,10.0,100,5.0,3369,43,4,39,1207,35.826654793707334,109,735,438.75,1.5998971024431528,7.453154873859187
5,22.222,4029198,2,5,10000,10.0,100,6.0,3369,43,4,39,1207,35.826654793707334,109,735,438.75,1.5998971024431528,7.453154873859187
5,22.222,4029198,2,5,10000,10.0,200,4.0,3369,43,3,40,1207,35.826654793707334,227,735,548.6666666666666,1.7546824131225938,7.5865240709587
5,22.222,4029198,2,5,10000,10.0,200,5.0,3369,43,3,40,1207,35.826654793707334,227,735,548.6666666666666,1.7546824131225938,7.5865240709587
5,22.222,4029198,2,5,10000,10.0,200,6.0,3369,43,3,40,1207,35.826654793707334,227,735,548.6666666666666,1.7546824131225938,7.5865240709587
5,22.222,4029198,2,5,10000,10.0,300,4.0,3369,43,2,41,1207,35.826654793707334,684,735,709.5,2.154380054276673,8.366106568731077
5,22.222,4029198,2,5,10000,10.0,300,5.0,3369,43,2,41,1207,35.826654793707334,684,735,709.5,2.154380054276673,8.366106568731077
5,22.222,4029198,2,5,10000,10.0,300,6.0,3369,43,2,41,1207,35.826654793707334,684,735,709.5,2.154380054276673,8.366106568731077
5,22.222,4029198,2,5,15000,15.0,100,4.0,5019,79,5,74,1476,29.40824865511058,109,1101,572.4,1.4745443226007802,7.343295401210211
5,22.222,4029198,2,5,15000,15.0,100,5.0,5019,79,5,74,1476,29.40824865511058,109,1101,572.4,1.4745443226007802,7.343295401210211
5,22.222,4029198,2,5,15000,15.0,100,6.0,5019,79,5,74,1476,29.40824865511058,109,1101,572.4,1.4745443226007802,7.343295401210211
5,22.222,4029198,2,5,15000,15.0,200,4.0,5019,79,4,75,1476,29.40824865511058,284,1101,688.25,1.6195124471200595,8.116868226108231
5,22.222,4029198,2,5,15000,15.0,200,5.0,5019,79,4,75,1476,29.40824865511058,284,1101,688.25,1.6195124471200595,8.116868226108231
5,22.222,4029198,2,5,15000,15.0,200,6.0,5019,79,4,75,1476,29.40824865511058,284,1101,688.25,1.6195124471200595,8.116868226108231
5,22.222,4029198,2,5,15000,15.0,300,4.0,5019,79,3,76,1476,29.40824865511058,332,1101,823.0,1.7424023286391843,7.650394788260054
5,22.222,4029198,2,5,15000,15.0,300,5.0,5019,79,3,76,1476,29.40824865511058,332,1101,823.0,1.7424023286391843,7.650394788260054
5,22.222,4029198,2,5,15000,15.0,300,6.0,5019,79,3,76,1476,29.40824865511058,332,1101,823.0,1.7424023286391843,7.650394788260054
5,22.222,4029198,2,5,20000,20.0,100,4.0,6772,132,5,127,1682,24.8375664500886,146,1460,770.6,1.4942572656478768,7.672071098048599
5,22.222,4029198,2,5,20000,20.0,100,5.0,6772,132,5,127,1682,24.8375664500886,146,1460,770.6,1.4942572656478768,7.672071098048599
5,22.222,4029198,2,5,20000,20.0,100,6.0,6772,132,5,127,1682,24.8375664500886,146,1460,770.6,1.4942572656478768,7.672071098048599
5,22.222,4029198,2,5,20000,20.0,200,4.0,6772,132,4,128,1682,24.8375664500886,405,1460,926.75,1.6174641250943906,8.183025490999782
5,22.222,4029198,2,5,20000,20.0,200,5.0,6772,132,4,128,1682,24.8375664500886,405,1460,926.75,1.6174641250943906,8.183025490999782
5,22.222,4029198,2,5,20000,20.0,200,6.0,6772,132,4,128,1682,24.8375664500886,405,1460,926.75,1.6174641250943906,8.183025490999782
5,22.222,4029198,2,5,20000,20.0,300,4.0,6772,132,4,128,1682,24.8375664500886,405,1460,926.75,1.6174641250943906,8.183025490999782
5,22.222,4029198,2,5,20000,20.0,300,5.0,6772,132,4,128,1682,24.8375664500886,405,1460,926.75,1.6174641250943906,8.183025490999782
5,22.222,4029198,2,5,20000,20.0,300,6.0,6772,132,4,128,1682,24.8375664500886,405,1460,926.75,1.6174641250943906,8.183025490999782
5,22.222,4029198,2,10,5000,5.0,100,4.0,1756,7,3,4,850,48.405466970387245,129,346,267.3333333333333,1.7440971866311645,7.010197803042142
5,22.222,4029198,2,10,5000,5.0,100,5.0,1756,7,3,4,850,48.405466970387245,129,346,267.3333333333333,1.7440971866311645,7.010197803042142
5,22.222,4029198,2,10,5000,5.0,100,6.0,1756,7,3,4,850,48.405466970387245,129,346,267.3333333333333,1.7440971866311645,7.010197803042142
5,22.222,4029198,2,10,5000,5.0,200,4.0,1756,7,2,5,850,48.405466970387245,327,346,336.5,2.1239740224475225,7.632232263160132
5,22.222,4029198,2,10,5000,5.0,200,5.0,1756,7,2,5,850,48.405466970387245,327,346,336.5,2.1239740224475225,7.632232263160132
5,22.222,4029198,2,10,5000,5.0,200,6.0,1756,7,2,5,850,48.405466970387245,327,346,336.5,2.1239740224475225,7.632232263160132
5,22.222,4029198,2,10,5000,5.0,300,4.0,1756,7,2,5,850,48.405466970387245,327,346,336.5,2.1239740224475225,7.632232263160132
5,22.222,4029198,2,10,5000,5.0,300,5.0,1756,7,2,5,850,48.405466970387245,327,346,336.5,2.1239740224475225,7.632232263160132
5,22.222,4029198,2,10,5000,5.0,300,6.0,1756,7,2,5,850,48.405466970387245,327,346,336.5,2.1239740224475225,7.632232263160132
5,22.222,4029198,2,10,10000,10.0,100,4.0,3369,9,3,6,1459,43.30661917482933,227,732,547.3333333333334,1.7473121319288978,7.552978845448377
5,22.222,4029198,2,10,10000,10.0,100,5.0,3369,9,3,6,1459,43.30661917482933,227,732,547.3333333333334,1.7473121319288978,7.552978845448377
5,22.222,4029198,2,10,10000,10.0,100,6.0,3369,9,3,6,1459,43.30661917482933,227,732,547.3333333333334,1.7473121319288978,7.552978845448377
5,22.222,4029198,2,10,10000,10.0,200,4.0,3369,9,3,6,1459,43.30661917482933,227,732,547.3333333333334,1.7473121319288978,7.552978845448377
5,22.222,4029198,2,10,10000,10.0,200,5.0,3369,9,3,6,1459,43.30661917482933,227,732,547.3333333333334,1.7473121319288978,7.552978845448377
5,22.222,4029198,2,10,10000,10.0,200,6.0,3369,9,3,6,1459,43.30661917482933,227,732,547.3333333333334,1.7473121319288978,7.552978845448377
5,22.222,4029198,2,10,10000,10.0,300,4.0,3369,9,2,7,1459,43.30661917482933,683,732,707.5,2.143324632486129,8.315788730465592
5,22.222,4029198,2,10,10000,10.0,300,5.0,3369,9,2,7,1459,43.30661917482933,683,732,707.5,2.143324632486129,8.315788730465592
5,22.222,4029198,2,10,10000,10.0,300,6.0,3369,9,2,7,1459,43.30661917482933,683,732,707.5,2.143324632486129,8.315788730465592
5,22.222,4029198,2,10,15000,15.0,100,4.0,5019,13,5,8,2024,40.32675831839012,109,1101,572.4,1.4745443226007802,7.343295401210211
5,22.222,4029198,2,10,15000,15.0,100,5.0,5019,13,5,8,2024,40.32675831839012,109,1101,572.4,1.4745443226007802,7.343295401210211
5,22.222,4029198,2,10,15000,15.0,100,6.0,5019,13,5,8,2024,40.32675831839012,109,1101,572.4,1.4745443226007802,7.343295401210211
5,22.222,4029198,2,10,15000,15.0,200,4.0,5019,13,4,9,2024,40.32675831839012,284,1101,688.25,1.6195124471200595,8.116868226108231
5,22.222,4029198,2,10,15000,15.0,200,5.0,5019,13,4,9,2024,40.32675831839012,284,1101,688.25,1.6195124471200595,8.116868226108231
5,22.222,4029198,2,10,15000,15.0,200,6.0,5019,13,4,9,2024,40.32675831839012,284,1101,688.25,1.6195124471200595,8.116868226108231
5,22.222,4029198,2,10,15000,15.0,300,4.0,5019,13,3,10,2024,40.32675831839012,332,1101,823.0,1.7424023286391843,7.650394788260054
5,22.222,4029198,2,10,15000,15.0,300,5.0,5019,13,3,10,2024,40.32675831839012,332,1101,823.0,1.7424023286391843,7.650394788260054
5,22.222,4029198,2,10,15000,15.0,300,6.0,5019,13,3,10,2024,40.32675831839012,332,1101,823.0,1.7424023286391843,7.650394788260054
5,22.222,4029198,2,10,20000,20.0,100,4.0,6772,22,5,17,2606,38.48198464264619,146,1460,770.6,1.4942572656478768,7.672071098048599
5,22.222,4029198,2,10,20000,20.0,100,5.0,6772,22,5,17,2606,38.48198464264619,146,1460,770.6,1.4942572656478768,7.672071098048599
5,22.222,4029198,2,10,20000,20.0,100,6.0,6772,22,5,17,2606,38.48198464264619,146,1460,770.6,1.4942572656478768,7.672071098048599
5,22.222,4029198,2,10,20000,20.0,200,4.0,6772,22,4,18,2606,38.48198464264619,405,1460,926.75,1.6174641250943906,8.183025490999782
5,22.222,4029198,2,10,20000,20.0,200,5.0,6772,22,4,18,2606,38.48198464264619,405,1460,926.75,1.6174641250943906,8.183025490999782
5,22.222,4029198,2,10,20000,20.0,200,6.0,6772,22,4,18,2606,38.48198464264619,405,1460,926.75,1.6174641250943906,8.183025490999782
5,22.222,4029198,2,10,20000,20.0,300,4.0,6772,22,4,18,2606,38.48198464264619,405,1460,926.75,1.6174641250943906,8.183025490999782
5,22.222,4029198,2,10,20000,20.0,300,5.0,6772,22,4,18,2606,38.48198464264619,405,1460,926.75,1.6174641250943906,8.183025490999782
5,22.222,4029198,2,10,20000,20.0,300,6.0,6772,22,4,18,2606,38.48198464264619,405,1460,926.75,1.6174641250943906,8.183025490999782
5,22.222,4029198,2,15,5000,5.0,100,4.0,1756,5,3,2,946,53.87243735763098,118,318,245.66666666666666,1.7313036212581447,6.042126054709563
5,22.222,4029198,2,15,5000,5.0,100,5.0,1756,5,3,2,946,53.87243735763098,118,318,245.66666666666666,1.7313036212581447,6.042126054709563
5,22.222,4029198,2,15,5000,5.0,100,6.0,1756,5,3,2,946,53.87243735763098,118,318,245.66666666666666,1.7313036212581447,6.042126054709563
5,22.222,4029198,2,15,5000,5.0,200,4.0,1756,5,2,3,946,53.87243735763098,301,318,309.5,2.0960226621878393,6.5617100596405
5,22.222,4029198,2,15,5000,5.0,200,5.0,1756,5,2,3,946,53.87243735763098,301,318,309.5,2.0960226621878393,6.5617100596405
5,22.222,4029198,2,15,5000,5.0,200,6.0,1756,5,2,3,946,53.87243735763098,301,318,309.5,2.0960226621878393,6.5617100596405
5,22.222,4029198,2,15,5000,5.0,300,4.0,1756,5,2,3,946,53.87243735763098,301,318,309.5,2.0960226621878393,6.5617100596405
5,22.222,4029198,2,15,5000,5.0,300,5.0,1756,5,2,3,946,53.87243735763098,301,318,309.5,2.0960226621878393,6.5617100596405
5,22.222,4029198,2,15,5000,5.0,300,6.0,1756,5,2,3,946,53.87243735763098,301,318,309.5,2.0960226621878393,6.5617100596405
5,22.222,4029198,2,15,10000,10.0,100,4.0,3369,6,3,3,1545,45.859305431878894,226,727,541.3333333333334,1.7235593370254694,7.454089403539022
5,22.222,4029198,2,15,10000,10.0,100,5.0,3369,6,3,3,1545,45.859305431878894,226,727,541.3333333333334,1.7235593370254694,7.454089403539022
5,22.222,4029198,2,15,10000,10.0,100,6.0,3369,6,3,3,1545,45.859305431878894,226,727,541.3333333333334,1.7235593370254694,7.454089403539022
5,22.222,4029198,2,15,10000,10.0,200,4.0,3369,6,3,3,1545,45.859305431878894,226,727,541.3333333333334,1.7235593370254694,7.454089403539022
5,22.222,4029198,2,15,10000,10.0,200,5.0,3369,6,3,3,1545,45.859305431878894,226,727,541.3333333333334,1.7235593370254694,7.454089403539022
5,22.222,4029198,2,15,10000,10.0,200,6.0,3369,6,3,3,1545,45.859305431878894,226,727,541.3333333333334,1.7235593370254694,7.454089403539022
5,22.222,4029198,2,15,10000,10.0,300,4.0,3369,6,2,4,1545,45.859305431878894,671,727,699.0,2.1073144055350657,8.19458216018031
5,22.222,4029198,2,15,10000,10.0,300,5.0,3369,6,2,4,1545,45.859305431878894,671,727,699.0,2.1073144055350657,8.19458216018031
5,22.222,4029198,2,15,10000,10.0,300,6.0,3369,6,2,4,1545,45.859305431878894,671,727,699.0,2.1073144055350657,8.19458216018031
5,22.222,4029198,2,15,15000,15.0,100,4.0,5019,8,6,2,2105,41.94062562263399,105,1096,475.6666666666667,1.3272522496223262,6.185250450231833
5,22.222,4029198,2,15,15000,15.0,100,5.0,5019,8,6,2,2105,41.94062562263399,105,1096,475.6666666666667,1.3272522496223262,6.185250450231833
5,22.222,4029198,2,15,15000,15.0,100,6.0,5019,8,6,2,2105,41.94062562263399,105,1096,475.6666666666667,1.3272522496223262,6.185250450231833
5,22.222,4029198,2,15,15000,15.0,200,4.0,5019,8,3,5,2105,41.94062562263399,332,1096,821.0,1.7362713887587204,7.6130596610755115
5,22.222,4029198,2,15,15000,15.0,200,5.0,5019,8,3,5,2105,41.94062562263399,332,1096,821.0,1.7362713887587204,7.6130596610755115
5,22.222,4029198,2,15,15000,15.0,200,6.0,5019,8,3,5,2105,41.94062562263399,332,1096,821.0,1.7362713887587204,7.6130596610755115
5,22.222,4029198,2,15,15000,15.0,300,4.0,5019,8,3,5,2105,41.94062562263399,332,1096,821.0,1.7362713887587204,7.6130596610755115
5,22.222,4029198,2,15,15000,15.0,300,5.0,5019,8,3,5,2105,41.94062562263399,332,1096,821.0,1.7362713887587204,7.6130596610755115
5,22.222,4029198,2,15,15000,15.0,300,6.0,5019,8,3,5,2105,41.94062562263399,332,1096,821.0,1.7362713887587204,7.6130596610755115
5,22.222,4029198,2,15,20000,20.0,100,4.0,6772,7,5,2,2836,41.87832250443,145,1460,770.2,1.4888393298600686,7.664727214540219
5,22.222,4029198,2,15,20000,20.0,100,5.0,6772,7,5,2,2836,41.87832250443,145,1460,770.2,1.4888393298600686,7.664727214540219
5,22.222,4029198,2,15,20000,20.0,100,6.0,6772,7,5,2,2836,41.87832250443,145,1460,770.2,1.4888393298600686,7.664727214540219
5,22.222,4029198,2,15,20000,20.0,200,4.0,6772,7,4,3,2836,41.87832250443,404,1460,926.5,1.6166347465089568,8.185539147886102
5,22.222,4029198,2,15,20000,20.0,200,5.0,6772,7,4,3,2836,41.87832250443,404,1460,926.5,1.6166347465089568,8.185539147886102
5,22.222,4029198,2,15,20000,20.0,200,6.0,6772,7,4,3,2836,41.87832250443,404,1460,926.5,1.6166347465089568,8.185539147886102
5,22.222,4029198,2,15,20000,20.0,300,4.0,6772,7,4,3,2836,41.87832250443,404,1460,926.5,1.6166347465089568,8.185539147886102
5,22.222,4029198,2,15,20000,20.0,300,5.0,6772,7,4,3,2836,41.87832250443,404,1460,926.5,1.6166347465089568,8.185539147886102
5,22.222,4029198,2,15,20000,20.0,300,6.0,6772,7,4,3,2836,41.87832250443,404,1460,926.5,1.6166347465089568,8.185539147886102
5,22.222,4029198,3,5,5000,5.0,100,4.0,1756,19,3,16,706,40.20501138952164,131,366,279.3333333333333,1.7577881858021458,7.557352174311713
5,22.222,4029198,3,5,5000,5.0,100,5.0,1756,19,3,16,706,40.20501138952164,131,366,279.3333333333333,1.7577881858021458,7.557352174311713
5,22.222,4029198,3,5,5000,5.0,100,6.0,1756,19,3,16,706,40.20501138952164,131,366,279.3333333333333,1.7577881858021458,7.557352174311713
5,22.222,4029198,3,5,5000,5.0,200,4.0,1756,19,2,17,706,40.20501138952164,341,366,353.5,2.146614266122594,8.361518720369912
5,22.222,4029198,3,5,5000,5.0,200,5.0,1756,19,2,17,706,40.20501138952164,341,366,353.5,2.146614266122594,8.361518720369912
5,22.222,4029198,3,5,5000,5.0,200,6.0,1756,19,2,17,706,40.20501138952164,341,366,353.5,2.146614266122594,8.361518720369912
5,22.222,4029198,3,5,5000,5.0,300,4.0,1756,19,2,17,706,40.20501138952164,341,366,353.5,2.146614266122594,8.361518720369912
5,22.222,4029198,3,5,5000,5.0,300,5.0,1756,19,2,17,706,40.20501138952164,341,366,353.5,2.146614266122594,8.361518720369912
5,22.222,4029198,3,5,5000,5.0,300,6.0,1756,19,2,17,706,40.20501138952164,341,366,353.5,2.146614266122594,8.361518720369912
5,22.222,4029198,3,5,10000,10.0,100,4.0,3369,72,4,68,960,28.495102404274267,167,737,454.0,1.6209399800131385,7.984260818052828
5,22.222,4029198,3,5,10000,10.0,100,5.0,3369,72,4,68,960,28.495102404274267,167,737,454.0,1.6209399800131385,7.984260818052828
5,22.222,4029198,3,5,10000,10.0,100,6.0,3369,72,4,68,960,28.495102404274267,167,737,454.0,1.6209399800131385,7.984260818052828
5,22.222,4029198,3,5,10000,10.0,200,4.0,3369,72,3,69,960,28.495102404274267,227,737,549.6666666666666,1.7559014812902562,7.616178862077883
5,22.222,4029198,3,5,10000,10.0,200,5.0,3369,72,3,69,960,28.495102404274267,227,737,549.6666666666666,1.7559014812902562,7.616178862077883
5,22.222,4029198,3,5,10000,10.0,200,6.0,3369,72,3,69,960,28.495102404274267,227,737,549.6666666666666,1.7559014812902562,7.616178862077883
5,22.222,4029198,3,5,10000,10.0,300,4.0,3369,72,2,70,960,28.495102404274267,685,737,711.0,2.156208656528167,8.41058875540985
5,22.222,4029198,3,5,10000,10.0,300,5.0,3369,72,2,70,960,28.495102404274267,685,737,711.0,2.156208656528167,8.41058875540985
5,22.222,4029198,3,5,10000,10.0,300,6.0,3369,72,2,70,960,28.495102404274267,685,737,711.0,2.156208656528167,8.41058875540985
5,22.222,4029198,3,5,15000,15.0,100,4.0,5019,116,5,111,1091,21.7373978880255,109,1104,581.6,1.4707990283059318,7.810359292383157
5,22.222,4029198,3,5,15000,15.0,100,5.0,5019,116,5,111,1091,21.7373978880255,109,1104,581.6,1.4707990283059318,7.810359292383157
5,22.222,4029198,3,5,15000,15.0,100,6.0,5019,116,5,111,1091,21.7373978880255,109,1104,581.6,1.4707990283059318,7.810359292383157
5,22.222,4029198,3,5,15000,15.0,200,4.0,5019,116,4,112,1091,21.7373978880255,285,1104,699.75,1.6148308292514992,8.700698090074413
5,22.222,4029198,3,5,15000,15.0,200,5.0,5019,116,4,112,1091,21.7373978880255,285,1104,699.75,1.6148308292514992,8.700698090074413
5,22.222,4029198,3,5,15000,15.0,200,6.0,5019,116,4,112,1091,21.7373978880255,285,1104,699.75,1.6148308292514992,8.700698090074413
5,22.222,4029198,3,5,15000,15.0,300,4.0,5019,116,3,113,1091,21.7373978880255,373,1104,838.0,1.7305730189754118,8.4328778160623
5,22.222,4029198,3,5,15000,15.0,300,5.0,5019,116,3,113,1091,21.7373978880255,373,1104,838.0,1.7305730189754118,8.4328778160623
5,22.222,4029198,3,5,15000,15.0,300,6.0,5019,116,3,113,1091,21.7373978880255,373,1104,838.0,1.7305730189754118,8.4328778160623
5,22.222,4029198,3,5,20000,20.0,100,4.0,6772,165,5,160,1098,16.213821618428824,146,1465,784.2,1.4881873114342694,8.18463984099537
5,22.222,4029198,3,5,20000,20.0,100,5.0,6772,165,5,160,1098,16.213821618428824,146,1465,784.2,1.4881873114342694,8.18463984099537
5,22.222,4029198,3,5,20000,20.0,100,6.0,6772,165,5,160,1098,16.213821618428824,146,1465,784.2,1.4881873114342694,8.18463984099537
5,22.222,4029198,3,5,20000,20.0,200,4.0,6772,165,4,161,1098,16.213821618428824,406,1465,943.75,1.6098766823273813,8.823736419683248
5,22.222,4029198,3,5,20000,20.0,200,5.0,6772,165,4,161,1098,16.213821618428824,406,1465,943.75,1.6098766823273813,8.823736419683248
5,22.222,4029198,3,5,20000,20.0,200,6.0,6772,165,4,161,1098,16.213821618428824,406,1465,943.75,1.6098766823273813,8.823736419683248
5,22.222,4029198,3,5,20000,20.0,300,4.0,6772,165,4,161,1098,16.213821618428824,406,1465,943.75,1.6098766823273813,8.823736419683248
5,22.222,4029198,3,5,20000,20.0,300,5.0,6772,165,4,161,1098,16.213821618428824,406,1465,943.75,1.6098766823273813,8.823736419683248
5,22.222,4029198,3,5,20000,20.0,300,6.0,6772,165,4,161,1098,16.213821618428824,406,1465,943.75,1.6098766823273813,8.823736419683248
5,22.222,4029198,3,10,5000,5.0,100,4.0,1756,5,3,2,802,45.67198177676538,131,365,279.0,1.7587700409779259,7.533427166359541
5,22.222,4029198,3,10,5000,5.0,100,5.0,1756,5,3,2,802,45.67198177676538,131,365,279.0,1.7587700409779259,7.533427166359541
5,22.222,4029198,3,10,5000,5.0,100,6.0,1756,5,3,2,802,45.67198177676538,131,365,279.0,1.7587700409779259,7.533427166359541
5,22.222,4029198,3,10,5000,5.0,200,4.0,1756,5,2,3,802,45.67198177676538,341,365,353.0,2.1480870488862642,8.325631208441653
5,22.222,4029198,3,10,5000,5.0,200,5.0,1756,5,2,3,802,45.67198177676538,341,365,353.0,2.1480870488862642,8.325631208441653
5,22.222,4029198,3,10,5000,5.0,200,6.0,1756,5,2,3,802,45.67198177676538,341,365,353.0,2.1480870488862642,8.325631208441653
5,22.222,4029198,3,10,5000,5.0,300,4.0,1756,5,2,3,802,45.67198177676538,341,365,353.0,2.1480870488862642,8.325631208441653
5,22.222,4029198,3,10,5000,5.0,300,5.0,1756,5,2,3,802,45.67198177676538,341,365,353.0,2.1480870488862642,8.325631208441653
5,22.222,4029198,3,10,5000,5.0,300,6.0,1756,5,2,3,802,45.67198177676538,341,365,353.0,2.1480870488862642,8.325631208441653
5,22.222,4029198,3,10,10000,10.0,100,4.0,3369,10,4,6,1406,41.73345206292669,167,737,454.0,1.6209399800131385,7.984260818052828
5,22.222,4029198,3,10,10000,10.0,100,5.0,3369,10,4,6,1406,41.73345206292669,167,737,454.0,1.6209399800131385,7.984260818052828
5,22.222,4029198,3,10,10000,10.0,100,6.0,3369,10,4,6,1406,41.73345206292669,167,737,454.0,1.6209399800131385,7.984260818052828
5,22.222,4029198,3,10,10000,10.0,200,4.0,3369,10,3,7,1406,41.73345206292669,227,737,549.6666666666666,1.7559014812902562,7.616178862077883
5,22.222,4029198,3,10,10000,10.0,200,5.0,3369,10,3,7,1406,41.73345206292669,227,737,549.6666666666666,1.7559014812902562,7.616178862077883
5,22.222,4029198,3,10,10000,10.0,200,6.0,3369,10,3,7,1406,41.73345206292669,227,737,549.6666666666666,1.7559014812902562,7.616178862077883
5,22.222,4029198,3,10,10000,10.0,300,4.0,3369,10,2,8,1406,41.73345206292669,685,737,711.0,2.156208656528167,8.41058875540985
5,22.222,4029198,3,10,10000,10.0,300,5.0,3369,10,2,8,1406,41.73345206292669,685,737,711.0,2.156208656528167,8.41058875540985
5,22.222,4029198,3,10,10000,10.0,300,6.0,3369,10,2,8,1406,41.73345206292669,685,737,711.0,2.156208656528167,8.41058875540985
5,22.222,4029198,3,10,15000,15.0,100,4.0,5019,30,5,25,1741,34.68818489738992,109,1104,581.6,1.4707990283059318,7.810359292383157
5,22.222,4029198,3,10,15000,15.0,100,5.0,5019,30,5,25,1741,34.68818489738992,109,1104,581.6,1.4707990283059318,7.810359292383157
5,22.222,4029198,3,10,15000,15.0,100,6.0,5019,30,5,25,1741,34.68818489738992,109,1104,581.6,1.4707990283059318,7.810359292383157
5,22.222,4029198,3,10,15000,15.0,200,4.0,5019,30,4,26,1741,34.68818489738992,285,1104,699.75,1.6148308292514992,8.700698090074413
5,22.222,4029198,3,10,15000,15.0,200,5.0,5019,30,4,26,1741,34.68818489738992,285,1104,699.75,1.6148308292514992,8.700698090074413
5,22.222,4029198,3,10,15000,15.0,200,6.0,5019,30,4,26,1741,34.68818489738992,285,1104,699.75,1.6148308292514992,8.700698090074413
5,22.222,4029198,3,10,15000,15.0,300,4.0,5019,30,3,27,1741,34.68818489738992,373,1104,838.0,1.7305730189754118,8.4328778160623
5,22.222,4029198,3,10,15000,15.0,300,5.0,5019,30,3,27,1741,34.68818489738992,373,1104,838.0,1.7305730189754118,8.4328778160623
5,22.222,4029198,3,10,15000,15.0,300,6.0,5019,30,3,27,1741,34.68818489738992,373,1104,838.0,1.7305730189754118,8.4328778160623
5,22.222,4029198,3,10,20000,20.0,100,4.0,6772,45,5,40,2191,32.35380980507974,146,1464,784.0,1.4883441237139352,8.18113406163737
5,22.222,4029198,3,10,20000,20.0,100,5.0,6772,45,5,40,2191,32.35380980507974,146,1464,784.0,1.4883441237139352,8.18113406163737
5,22.222,4029198,3,10,20000,20.0,100,6.0,6772,45,5,40,2191,32.35380980507974,146,1464,784.0,1.4883441237139352,8.18113406163737
5,22.222,4029198,3,10,20000,20.0,200,4.0,6772,45,4,41,2191,32.35380980507974,406,1464,943.5,1.610072697676964,8.819354195485746
5,22.222,4029198,3,10,20000,20.0,200,5.0,6772,45,4,41,2191,32.35380980507974,406,1464,943.5,1.610072697676964,8.819354195485746
5,22.222,4029198,3,10,20000,20.0,200,6.0,6772,45,4,41,2191,32.35380980507974,406,1464,943.5,1.610072697676964,8.819354195485746
5,22.222,4029198,3,10,20000,20.0,300,4.0,6772,45,4,41,2191,32.35380980507974,406,1464,943.5,1.610072697676964,8.819354195485746
5,22.222,4029198,3,10,20000,20.0,300,5.0,6772,45,4,41,2191,32.35380980507974,406,1464,943.5,1.610072697676964,8.819354195485746
5,22.222,4029198,3,10,20000,20.0,300,6.0,6772,45,4,41,2191,32.35380980507974,406,1464,943.5,1.610072697676964,8.819354195485746
5,22.222,4029198,3,15,5000,5.0,100,4.0,1756,5,3,2,824,46.924829157175395,130,363,277.3333333333333,1.7538975846717895,7.42922473774021
5,22.222,4029198,3,15,5000,5.0,100,5.0,1756,5,3,2,824,46.924829157175395,130,363,277.3333333333333,1.7538975846717895,7.42922473774021
5,22.222,4029198,3,15,5000,5.0,100,6.0,1756,5,3,2,824,46.924829157175395,130,363,277.3333333333333,1.7538975846717895,7.42922473774021
5,22.222,4029198,3,15,5000,5.0,200,4.0,1756,5,2,3,824,46.924829157175395,339,363,351.0,2.1397270179389634,8.218228385244359
5,22.222,4029198,3,15,5000,5.0,200,5.0,1756,5,2,3,824,46.924829157175395,339,363,351.0,2.1397270179389634,8.218228385244359
5,22.222,4029198,3,15,5000,5.0,200,6.0,1756,5,2,3,824,46.924829157175395,339,363,351.0,2.1397270179389634,8.218228385244359
5,22.222,4029198,3,15,5000,5.0,300,4.0,1756,5,2,3,824,46.924829157175395,339,363,351.0,2.1397270179389634,8.218228385244359
5,22.222,4029198,3,15,5000,5.0,300,5.0,1756,5,2,3,824,46.924829157175395,339,363,351.0,2.1397270179389634,8.218228385244359
5,22.222,4029198,3,15,5000,5.0,300,6.0,1756,5,2,3,824,46.924829157175395,339,363,351.0,2.1397270179389634,8.218228385244359
5,22.222,4029198,3,15,10000,10.0,100,4.0,3369,7,4,3,1451,43.06915998812704,167,735,453.5,1.621670194958969,7.966925459536508
5,22.222,4029198,3,15,10000,10.0,100,5.0,3369,7,4,3,1451,43.06915998812704,167,735,453.5,1.621670194958969,7.966925459536508
5,22.222,4029198,3,15,10000,10.0,100,6.0,3369,7,4,3,1451,43.06915998812704,167,735,453.5,1.621670194958969,7.966925459536508
5,22.222,4029198,3,15,10000,10.0,200,4.0,3369,7,3,4,1451,43.06915998812704,227,735,549.0,1.7568751012180304,7.59306505072279
5,22.222,4029198,3,15,10000,10.0,200,5.0,3369,7,3,4,1451,43.06915998812704,227,735,549.0,1.7568751012180304,7.59306505072279
5,22.222,4029198,3,15,10000,10.0,200,6.0,3369,7,3,4,1451,43.06915998812704,227,735,549.0,1.7568751012180304,7.59306505072279
5,22.222,4029198,3,15,10000,10.0,300,4.0,3369,7,2,5,1451,43.06915998812704,685,735,710.0,2.157669086419828,8.375918038377211
5,22.222,4029198,3,15,10000,10.0,300,5.0,3369,7,2,5,1451,43.06915998812704,685,735,710.0,2.157669086419828,8.375918038377211
5,22.222,4029198,3,15,10000,10.0,300,6.0,3369,7,2,5,1451,43.06915998812704,685,735,710.0,2.157669086419828,8.375918038377211
5,22.222,4029198,3,15,15000,15.0,100,4.0,5019,9,5,4,2038,40.60569834628412,109,1104,581.6,1.4707990283059318,7.810359292383157
5,22.222,4029198,3,15,15000,15.0,100,5.0,5019,9,5,4,2038,40.60569834628412,109,1104,581.6,1.4707990283059318,7.810359292383157
5,22.222,4029198,3,15,15000,15.0,100,6.0,5019,9,5,4,2038,40.60569834628412,109,1104,581.6,1.4707990283059318,7.810359292383157
5,22.222,4029198,3,15,15000,15.0,200,4.0,5019,9,4,5,2038,40.60569834628412,285,1104,699.75,1.6148308292514992,8.700698090074413
5,22.222,4029198,3,15,15000,15.0,200,5.0,5019,9,4,5,2038,40.60569834628412,285,1104,699.75,1.6148308292514992,8.700698090074413
5,22.222,4029198,3,15,15000,15.0,200,6.0,5019,9,4,5,2038,40.60569834628412,285,1104,699.75,1.6148308292514992,8.700698090074413
5,22.222,4029198,3,15,15000,15.0,300,4.0,5019,9,3,6,2038,40.60569834628412,373,1104,838.0,1.7305730189754118,8.4328778160623
5,22.222,4029198,3,15,15000,15.0,300,5.0,5019,9,3,6,2038,40.60569834628412,373,1104,838.0,1.7305730189754118,8.4328778160623
5,22.222,4029198,3,15,15000,15.0,300,6.0,5019,9,3,6,2038,40.60569834628412,373,1104,838.0,1.7305730189754118,8.4328778160623
5,22.222,4029198,3,15,20000,20.0,100,4.0,6772,18,5,13,2574,38.00945067926757,146,1464,784.0,1.4883441237139352,8.18113406163737
5,22.222,4029198,3,15,20000,20.0,100,5.0,6772,18,5,13,2574,38.00945067926757,146,1464,784.0,1.4883441237139352,8.18113406163737
5,22.222,4029198,3,15,20000,20.0,100,6.0,6772,18,5,13,2574,38.00945067926757,146,1464,784.0,1.4883441237139352,8.18113406163737
5,22.222,4029198,3,15,20000,20.0,200,4.0,6772,18,4,14,2574,38.00945067926757,406,1464,943.5,1.610072697676964,8.819354195485746
5,22.222,4029198,3,15,20000,20.0,200,5.0,6772,18,4,14,2574,38.00945067926757,406,1464,943.5,1.610072697676964,8.819354195485746
5,22.222,4029198,3,15,20000,20.0,200,6.0,6772,18,4,14,2574,38.00945067926757,406,1464,943.5,1.610072697676964,8.819354195485746
5,22.222,4029198,3,15,20000,20.0,300,4.0,6772,18,4,14,2574,38.00945067926757,406,1464,943.5,1.610072697676964,8.819354195485746
5,22.222,4029198,3,15,20000,20.0,300,5.0,6772,18,4,14,2574,38.00945067926757,406,1464,943.5,1.610072697676964,8.819354195485746
5,22.222,4029198,3,15,20000,20.0,300,6.0,6772,18,4,14,2574,38.00945067926757,406,1464,943.5,1.610072697676964,8.819354195485746
5,22.222,4029198,4,5,5000,5.0,100,4.0,1756,27,3,24,639,36.38952164009112,138,368,283.0,1.7808475964760628,7.945261703882525
5,22.222,4029198,4,5,5000,5.0,100,5.0,1756,27,3,24,639,36.38952164009112,138,368,283.0,1.7808475964760628,7.945261703882525
5,22.222,4029198,4,5,5000,5.0,100,6.0,1756,27,3,24,639,36.38952164009112,138,368,283.0,1.7808475964760628,7.945261703882525
5,22.222,4029198,4,5,5000,5.0,200,4.0,1756,27,2,25,639,36.38952164009112,343,368,355.5,2.1910383070103006,8.467473719055079
5,22.222,4029198,4,5,5000,5.0,200,5.0,1756,27,2,25,639,36.38952164009112,343,368,355.5,2.1910383070103006,8.467473719055079
5,22.222,4029198,4,5,5000,5.0,200,6.0,1756,27,2,25,639,36.38952164009112,343,368,355.5,2.1910383070103006,8.467473719055079
5,22.222,4029198,4,5,5000,5.0,300,4.0,1756,27,2,25,639,36.38952164009112,343,368,355.5,2.1910383070103006,8.467473719055079
5,22.222,4029198,4,5,5000,5.0,300,5.0,1756,27,2,25,639,36.38952164009112,343,368,355.5,2.1910383070103006,8.467473719055079
5,22.222,4029198,4,5,5000,5.0,300,6.0,1756,27,2,25,639,36.38952164009112,343,368,355.5,2.1910383070103006,8.467473719055079
5,22.222,4029198,4,5,10000,10.0,100,4.0,3369,84,4,80,754,22.38052834669041,167,738,459.75,1.6245570977041452,8.439728253292577
5,22.222,4029198,4,5,10000,10.0,100,5.0,3369,84,4,80,754,22.38052834669041,167,738,459.75,1.6245570977041452,8.439728253292577
5,22.222,4029198,4,5,10000,10.0,100,6.0,3369,84,4,80,754,22.38052834669041,167,738,459.75,1.6245570977041452,8.439728253292577
5,22.222,4029198,4,5,10000,10.0,200,4.0,3369,84,3,81,754,22.38052834669041,247,738,557.3333333333334,1.7607243048782655,8.22346877573088
5,22.222,4029198,4,5,10000,10.0,200,5.0,3369,84,3,81,754,22.38052834669041,247,738,557.3333333333334,1.7607243048782655,8.22346877573088
5,22.222,4029198,4,5,10000,10.0,200,6.0,3369,84,3,81,754,22.38052834669041,247,738,557.3333333333334,1.7607243048782655,8.22346877573088
5,22.222,4029198,4,5,10000,10.0,300,4.0,3369,84,2,82,754,22.38052834669041,687,738,712.5,2.1773867091604115,8.4470255410915
5,22.222,4029198,4,5,10000,10.0,300,5.0,3369,84,2,82,754,22.38052834669041,687,738,712.5,2.1773867091604115,8.4470255410915
5,22.222,4029198,4,5,10000,10.0,300,6.0,3369,84,2,82,754,22.38052834669041,687,738,712.5,2.1773867091604115,8.4470255410915
5,22.222,4029198,4,5,15000,15.0,100,4.0,5019,128,5,123,757,15.082685793982865,109,1105,582.2,1.4764385284101276,7.82009327699203
5,22.222,4029198,4,5,15000,15.0,100,5.0,5019,128,5,123,757,15.082685793982865,109,1105,582.2,1.4764385284101276,7.82009327699203
5,22.222,4029198,4,5,15000,15.0,100,6.0,5019,128,5,123,757,15.082685793982865,109,1105,582.2,1.4764385284101276,7.82009327699203
5,22.222,4029198,4,5,15000,15.0,200,4.0,5019,128,4,124,757,15.082685793982865,285,1105,700.5,1.621880204381744,8.712865570835504
5,22.222,4029198,4,5,15000,15.0,200,5.0,5019,128,4,124,757,15.082685793982865,285,1105,700.5,1.621880204381744,8.712865570835504
5,22.222,4029198,4,5,15000,15.0,200,6.0,5019,128,4,124,757,15.082685793982865,285,1105,700.5,1.621880204381744,8.712865570835504
5,22.222,4029198,4,5,15000,15.0,300,4.0,5019,128,3,125,757,15.082685793982865,373,1105,839.0,1.739972185815738,8.449101123743754
5,22.222,4029198,4,5,15000,15.0,300,5.0,5019,128,3,125,757,15.082685793982865,373,1105,839.0,1.739972185815738,8.449101123743754
5,22.222,4029198,4,5,15000,15.0,300,6.0,5019,128,3,125,757,15.082685793982865,373,1105,839.0,1.739972185815738,8.449101123743754
5,22.222,4029198,4,5,20000,20.0,100,4.0,6772,167,5,162,660,9.746012994683992,146,1466,784.8,1.4923749881770603,8.191922993676679
5,22.222,4029198,4,5,20000,20.0,100,5.0,6772,167,5,162,660,9.746012994683992,146,1466,784.8,1.4923749881770603,8.191922993676679
5,22.222,4029198,4,5,20000,20.0,100,6.0,6772,167,5,162,660,9.746012994683992,146,1466,784.8,1.4923749881770603,8.191922993676679
5,22.222,4029198,4,5,20000,20.0,200,4.0,6772,167,4,163,660,9.746012994683992,406,1466,944.5,1.6151112782558699,8.832840360534881
5,22.222,4029198,4,5,20000,20.0,200,5.0,6772,167,4,163,660,9.746012994683992,406,1466,944.5,1.6151112782558699,8.832840360534881
5,22.222,4029198,4,5,20000,20.0,200,6.0,6772,167,4,163,660,9.746012994683992,406,1466,944.5,1.6151112782558699,8.832840360534881
5,22.222,4029198,4,5,20000,20.0,300,4.0,6772,167,4,163,660,9.746012994683992,406,1466,944.5,1.6151112782558699,8.832840360534881
5,22.222,4029198,4,5,20000,20.0,300,5.0,6772,167,4,163,660,9.746012994683992,406,1466,944.5,1.6151112782558699,8.832840360534881
5,22.222,4029198,4,5,20000,20.0,300,6.0,6772,167,4,163,660,9.746012994683992,406,1466,944.5,1.6151112782558699,8.832840360534881
5,22.222,4029198,4,10,5000,5.0,100,4.0,1756,5,3,2,795,45.27334851936219,133,367,281.0,1.7866253543131503,7.687073942288098
5,22.222,4029198,4,10,5000,5.0,100,5.0,1756,5,3,2,795,45.27334851936219,133,367,281.0,1.7866253543131503,7.687073942288098
5,22.222,4029198,4,10,5000,5.0,100,6.0,1756,5,3,2,795,45.27334851936219,133,367,281.0,1.7866253543131503,7.687073942288098
5,22.222,4029198,4,10,5000,5.0,200,4.0,1756,5,2,3,795,45.27334851936219,343,367,355.0,2.192519294376103,8.43273424642766
5,22.222,4029198,4,10,5000,5.0,200,5.0,1756,5,2,3,795,45.27334851936219,343,367,355.0,2.192519294376103,8.43273424642766
5,22.222,4029198,4,10,5000,5.0,200,6.0,1756,5,2,3,795,45.27334851936219,343,367,355.0,2.192519294376103,8.43273424642766
5,22.222,4029198,4,10,5000,5.0,300,4.0,1756,5,2,3,795,45.27334851936219,343,367,355.0,2.192519294376103,8.43273424642766
5,22.222,4029198,4,10,5000,5.0,300,5.0,1756,5,2,3,795,45.27334851936219,343,367,355.0,2.192519294376103,8.43273424642766
5,22.222,4029198,4,10,5000,5.0,300,6.0,1756,5,2,3,795,45.27334851936219,343,367,355.0,2.192519294376103,8.43273424642766
5,22.222,4029198,4,10,10000,10.0,100,4.0,3369,19,4,15,1271,37.726328287325614,167,738,459.75,1.6245570977041452,8.439728253292577
5,22.222,4029198,4,10,10000,10.0,100,5.0,3369,19,4,15,1271,37.726328287325614,167,738,459.75,1.6245570977041452,8.439728253292577
5,22.222,4029198,4,10,10000,10.0,100,6.0,3369,19,4,15,1271,37.726328287325614,167,738,459.75,1.6245570977041452,8.439728253292577
5,22.222,4029198,4,10,10000,10.0,200,4.0,3369,19,3,16,1271,37.726328287325614,247,738,557.3333333333334,1.7607243048782655,8.22346877573088
5,22.222,4029198,4,10,10000,10.0,200,5.0,3369,19,3,16,1271,37.726328287325614,247,738,557.3333333333334,1.7607243048782655,8.22346877573088
5,22.222,4029198,4,10,10000,10.0,200,6.0,3369,19,3,16,1271,37.726328287325614,247,738,557.3333333333334,1.7607243048782655,8.22346877573088
5,22.222,4029198,4,10,10000,10.0,300,4.0,3369,19,2,17,1271,37.726328287325614,687,738,712.5,2.1773867091604115,8.4470255410915
5,22.222,4029198,4,10,10000,10.0,300,5.0,3369,19,2,17,1271,37.726328287325614,687,738,712.5,2.1773867091604115,8.4470255410915
5,22.222,4029198,4,10,10000,10.0,300,6.0,3369,19,2,17,1271,37.726328287325614,687,738,712.5,2.1773867091604115,8.4470255410915
5,22.222,4029198,4,10,15000,15.0,100,4.0,5019,40,5,35,1541,30.703327356047023,109,1105,582.2,1.4764385284101276,7.82009327699203
5,22.222,4029198,4,10,15000,15.0,100,5.0,5019,40,5,35,1541,30.703327356047023,109,1105,582.2,1.4764385284101276,7.82009327699203
5,22.222,4029198,4,10,15000,15.0,100,6.0,5019,40,5,35,1541,30.703327356047023,109,1105,582.2,1.4764385284101276,7.82009327699203
5,22.222,4029198,4,10,15000,15.0,200,4.0,5019,40,4,36,1541,30.703327356047023,285,1105,700.5,1.621880204381744,8.712865570835504
5,22.222,4029198,4,10,15000,15.0,200,5.0,5019,40,4,36,1541,30.703327356047023,285,1105,700.5,1.621880204381744,8.712865570835504
5,22.222,4029198,4,10,15000,15.0,200,6.0,5019,40,4,36,1541,30.703327356047023,285,1105,700.5,1.621880204381744,8.712865570835504
5,22.222,4029198,4,10,15000,15.0,300,4.0,5019,40,3,37,1541,30.703327356047023,373,1105,839.0,1.739972185815738,8.449101123743754
5,22.222,4029198,4,10,15000,15.0,300,5.0,5019,40,3,37,1541,30.703327356047023,373,1105,839.0,1.739972185815738,8.449101123743754
5,22.222,4029198,4,10,15000,15.0,300,6.0,5019,40,3,37,1541,30.703327356047023,373,1105,839.0,1.739972185815738,8.449101123743754
5,22.222,4029198,4,10,20000,20.0,100,4.0,6772,66,5,61,1736,25.634967513290018,146,1466,784.8,1.4923749881770603,8.191922993676679
5,22.222,4029198,4,10,20000,20.0,100,5.0,6772,66,5,61,1736,25.634967513290018,146,1466,784.8,1.4923749881770603,8.191922993676679
5,22.222,4029198,4,10,20000,20.0,100,6.0,6772,66,5,61,1736,25.634967513290018,146,1466,784.8,1.4923749881770603,8.191922993676679
5,22.222,4029198,4,10,20000,20.0,200,4.0,6772,66,4,62,1736,25.634967513290018,406,1466,944.5,1.6151112782558699,8.832840360534881
5,22.222,4029198,4,10,20000,20.0,200,5.0,6772,66,4,62,1736,25.634967513290018,406,1466,944.5,1.6151112782558699,8.832840360534881
5,22.222,4029198,4,10,20000,20.0,200,6.0,6772,66,4,62,1736,25.634967513290018,406,1466,944.5,1.6151112782558699,8.832840360534881
5,22.222,4029198,4,10,20000,20.0,300,4.0,6772,66,4,62,1736,25.634967513290018,406,1466,944.5,1.6151112782558699,8.832840360534881
5,22.222,4029198,4,10,20000,20.0,300,5.0,6772,66,4,62,1736,25.634967513290018,406,1466,944.5,1.6151112782558699,8.832840360534881
5,22.222,4029198,4,10,20000,20.0,300,6.0,6772,66,4,62,1736,25.634967513290018,406,1466,944.5,1.6151112782558699,8.832840360534881
5,22.222,4029198,4,15,5000,5.0,100,4.0,1756,5,3,2,798,45.44419134396355,133,367,280.3333333333333,1.7631912399774752,7.649915124156105
5,22.222,4029198,4,15,5000,5.0,100,5.0,1756,5,3,2,798,45.44419134396355,133,367,280.3333333333333,1.7631912399774752,7.649915124156105
5,22.222,4029198,4,15,5000,5.0,100,6.0,1756,5,3,2,798,45.44419134396355,133,367,280.3333333333333,1.7631912399774752,7.649915124156105
5,22.222,4029198,4,15,5000,5.0,200,4.0,1756,5,2,3,798,45.44419134396355,341,367,354.0,2.1573681228725903,8.37699601922967
5,22.222,4029198,4,15,5000,5.0,200,5.0,1756,5,2,3,798,45.44419134396355,341,367,354.0,2.1573681228725903,8.37699601922967
5,22.222,4029198,4,15,5000,5.0,200,6.0,1756,5,2,3,798,45.44419134396355,341,367,354.0,2.1573681228725903,8.37699601922967
5,22.222,4029198,4,15,5000,5.0,300,4.0,1756,5,2,3,798,45.44419134396355,341,367,354.0,2.1573681228725903,8.37699601922967
5,22.222,4029198,4,15,5000,5.0,300,5.0,1756,5,2,3,798,45.44419134396355,341,367,354.0,2.1573681228725903,8.37699601922967
5,22.222,4029198,4,15,5000,5.0,300,6.0,1756,5,2,3,798,45.44419134396355,341,367,354.0,2.1573681228725903,8.37699601922967
5,22.222,4029198,4,15,10000,10.0,100,4.0,3369,7,4,3,1422,42.20837043633126,167,738,459.75,1.6245570977041452,8.439728253292577
5,22.222,4029198,4,15,10000,10.0,100,5.0,3369,7,4,3,1422,42.20837043633126,167,738,459.75,1.6245570977041452,8.439728253292577
5,22.222,4029198,4,15,10000,10.0,100,6.0,3369,7,4,3,1422,42.20837043633126,167,738,459.75,1.6245570977041452,8.439728253292577
5,22.222,4029198,4,15,10000,10.0,200,4.0,3369,7,3,4,1422,42.20837043633126,247,738,557.3333333333334,1.7607243048782655,8.22346877573088
5,22.222,4029198,4,15,10000,10.0,200,5.0,3369,7,3,4,1422,42.20837043633126,247,738,557.3333333333334,1.7607243048782655,8.22346877573088
5,22.222,4029198,4,15,10000,10.0,200,6.0,3369,7,3,4,1422,42.20837043633126,247,738,557.3333333333334,1.7607243048782655,8.22346877573088
5,22.222,4029198,4,15,10000,10.0,300,4.0,3369,7,2,5,1422,42.20837043633126,687,738,712.5,2.1773867091604115,8.4470255410915
5,22.222,4029198,4,15,10000,10.0,300,5.0,3369,7,2,5,1422,42.20837043633126,687,738,712.5,2.1773867091604115,8.4470255410915
5,22.222,4029198,4,15,10000,10.0,300,6.0,3369,7,2,5,1422,42.20837043633126,687,738,712.5,2.1773867091604115,8.4470255410915
5,22.222,4029198,4,15,15000,15.0,100,4.0,5019,16,5,11,1881,37.477585176329946,109,1105,582.2,1.4764385284101276,7.82009327699203
5,22.222,4029198,4,15,15000,15.0,100,5.0,5019,16,5,11,1881,37.477585176329946,109,1105,582.2,1.4764385284101276,7.82009327699203
5,22.222,4029198,4,15,15000,15.0,100,6.0,5019,16,5,11,1881,37.477585176329946,109,1105,582.2,1.4764385284101276,7.82009327699203
5,22.222,4029198,4,15,15000,15.0,200,4.0,5019,16,4,12,1881,37.477585176329946,285,1105,700.5,1.621880204381744,8.712865570835504
5,22.222,4029198,4,15,15000,15.0,200,5.0,5019,16,4,12,1881,37.477585176329946,285,1105,700.5,1.621880204381744,8.712865570835504
5,22.222,4029198,4,15,15000,15.0,200,6.0,5019,16,4,12,1881,37.477585176329946,285,1105,700.5,1.621880204381744,8.712865570835504
5,22.222,4029198,4,15,15000,15.0,300,4.0,5019,16,3,13,1881,37.477585176329946,373,1105,839.0,1.739972185815738,8.449101123743754
5,22.222,4029198,4,15,15000,15.0,300,5.0,5019,16,3,13,1881,37.477585176329946,373,1105,839.0,1.739972185815738,8.449101123743754
5,22.222,4029198,4,15,15000,15.0,300,6.0,5019,16,3,13,1881,37.477585176329946,373,1105,839.0,1.739972185815738,8.449101123743754
5,22.222,4029198,4,15,20000,20.0,100,4.0,6772,25,5,20,2357,34.80507974010632,146,1466,784.8,1.4923749881770603,8.191922993676679
5,22.222,4029198,4,15,20000,20.0,100,5.0,6772,25,5,20,2357,34.80507974010632,146,1466,784.8,1.4923749881770603,8.191922993676679
5,22.222,4029198,4,15,20000,20.0,100,6.0,6772,25,5,20,2357,34.80507974010632,146,1466,784.8,1.4923749881770603,8.191922993676679
5,22.222,4029198,4,15,20000,20.0,200,4.0,6772,25,4,21,2357,34.80507974010632,406,1466,944.5,1.6151112782558699,8.832840360534881
5,22.222,4029198,4,15,20000,20.0,200,5.0,6772,25,4,21,2357,34.80507974010632,406,1466,944.5,1.6151112782558699,8.832840360534881
5,22.222,4029198,4,15,20000,20.0,200,6.0,6772,25,4,21,2357,34.80507974010632,406,1466,944.5,1.6151112782558699,8.832840360534881
5,22.222,4029198,4,15,20000,20.0,300,4.0,6772,25,4,21,2357,34.80507974010632,406,1466,944.5,1.6151112782558699,8.832840360534881
5,22.222,4029198,4,15,20000,20.0,300,5.0,6772,25,4,21,2357,34.80507974010632,406,1466,944.5,1.6151112782558699,8.832840360534881
5,22.222,4029198,4,15,20000,20.0,300,6.0,6772,25,4,21,2357,34.80507974010632,406,1466,944.5,1.6151112782558699,8.832840360534881
5,22.222,4029198,5,5,5000,5.0,100,4.0,1756,40,3,37,530,30.18223234624146,138,368,283.0,1.7808475964760628,7.945261703882525
5,22.222,4029198,5,5,5000,5.0,100,5.0,1756,40,3,37,530,30.18223234624146,138,368,283.0,1.7808475964760628,7.945261703882525
5,22.222,4029198,5,5,5000,5.0,100,6.0,1756,40,3,37,530,30.18223234624146,138,368,283.0,1.7808475964760628,7.945261703882525
5,22.222,4029198,5,5,5000,5.0,200,4.0,1756,40,2,38,530,30.18223234624146,343,368,355.5,2.1910383070103006,8.467473719055079
5,22.222,4029198,5,5,5000,5.0,200,5.0,1756,40,2,38,530,30.18223234624146,343,368,355.5,2.1910383070103006,8.467473719055079
5,22.222,4029198,5,5,5000,5.0,200,6.0,1756,40,2,38,530,30.18223234624146,343,368,355.5,2.1910383070103006,8.467473719055079
5,22.222,4029198,5,5,5000,5.0,300,4.0,1756,40,2,38,530,30.18223234624146,343,368,355.5,2.1910383070103006,8.467473719055079
5,22.222,4029198,5,5,5000,5.0,300,5.0,1756,40,2,38,530,30.18223234624146,343,368,355.5,2.1910383070103006,8.467473719055079
5,22.222,4029198,5,5,5000,5.0,300,6.0,1756,40,2,38,530,30.18223234624146,343,368,355.5,2.1910383070103006,8.467473719055079
5,22.222,4029198,5,5,10000,10.0,100,4.0,3369,86,4,82,510,15.138023152270703,167,738,459.75,1.6245570977041452,8.439728253292577
5,22.222,4029198,5,5,10000,10.0,100,5.0,3369,86,4,82,510,15.138023152270703,167,738,459.75,1.6245570977041452,8.439728253292577
5,22.222,4029198,5,5,10000,10.0,100,6.0,3369,86,4,82,510,15.138023152270703,167,738,459.75,1.6245570977041452,8.439728253292577
5,22.222,4029198,5,5,10000,10.0,200,4.0,3369,86,3,83,510,15.138023152270703,247,738,557.3333333333334,1.7607243048782655,8.22346877573088
5,22.222,4029198,5,5,10000,10.0,200,5.0,3369,86,3,83,510,15.138023152270703,247,738,557.3333333333334,1.7607243048782655,8.22346877573088
5,22.222,4029198,5,5,10000,10.0,200,6.0,3369,86,3,83,510,15.138023152270703,247,738,557.3333333333334,1.7607243048782655,8.22346877573088
5,22.222,4029198,5,5,10000,10.0,300,4.0,3369,86,2,84,510,15.138023152270703,687,738,712.5,2.1773867091604115,8.4470255410915
5,22.222,4029198,5,5,10000,10.0,300,5.0,3369,86,2,84,510,15.138023152270703,687,738,712.5,2.1773867091604115,8.4470255410915
5,22.222,4029198,5,5,10000,10.0,300,6.0,3369,86,2,84,510,15.138023152270703,687,738,712.5,2.1773867091604115,8.4470255410915
5,22.222,4029198,5,5,15000,15.0,100,4.0,5019,96,5,91,428,8.5275951384738,109,1105,582.2,1.4764385284101276,7.82009327699203
5,22.222,4029198,5,5,15000,15.0,100,5.0,5019,96,5,91,428,8.5275951384738,109,1105,582.2,1.4764385284101276,7.82009327699203
5,22.222,4029198,5,5,15000,15.0,100,6.0,5019,96,5,91,428,8.5275951384738,109,1105,582.2,1.4764385284101276,7.82009327699203
5,22.222,4029198,5,5,15000,15.0,200,4.0,5019,96,4,92,428,8.5275951384738,285,1105,700.5,1.621880204381744,8.712865570835504
5,22.222,4029198,5,5,15000,15.0,200,5.0,5019,96,4,92,428,8.5275951384738,285,1105,700.5,1.621880204381744,8.712865570835504
5,22.222,4029198,5,5,15000,15.0,200,6.0,5019,96,4,92,428,8.5275951384738,285,1105,700.5,1.621880204381744,8.712865570835504
5,22.222,4029198,5,5,15000,15.0,300,4.0,5019,96,3,93,428,8.5275951384738,373,1105,839.0,1.739972185815738,8.449101123743754
5,22.222,4029198,5,5,15000,15.0,300,5.0,5019,96,3,93,428,8.5275951384738,373,1105,839.0,1.739972185815738,8.449101123743754
5,22.222,4029198,5,5,15000,15.0,300,6.0,5019,96,3,93,428,8.5275951384738,373,1105,839.0,1.739972185815738,8.449101123743754
5,22.222,4029198,5,5,20000,20.0,100,4.0,6772,98,5,93,326,4.813939751919669,146,1467,785.0,1.494374179799083,8.193021348454268
5,22.222,4029198,5,5,20000,20.0,100,5.0,6772,98,5,93,326,4.813939751919669,146,1467,785.0,1.494374179799083,8.193021348454268
5,22.222,4029198,5,5,20000,20.0,100,6.0,6772,98,5,93,326,4.813939751919669,146,1467,785.0,1.494374179799083,8.193021348454268
5,22.222,4029198,5,5,20000,20.0,200,4.0,6772,98,4,94,326,4.813939751919669,406,1467,944.75,1.6176102677833986,8.83421330400687
5,22.222,4029198,5,5,20000,20.0,200,5.0,6772,98,4,94,326,4.813939751919669,406,1467,944.75,1.6176102677833986,8.83421330400687
5,22.222,4029198,5,5,20000,20.0,200,6.0,6772,98,4,94,326,4.813939751919669,406,1467,944.75,1.6176102677833986,8.83421330400687
5,22.222,4029198,5,5,20000,20.0,300,4.0,6772,98,4,94,326,4.813939751919669,406,1467,944.75,1.6176102677833986,8.83421330400687
5,22.222,4029198,5,5,20000,20.0,300,5.0,6772,98,4,94,326,4.813939751919669,406,1467,944.75,1.6176102677833986,8.83421330400687
5,22.222,4029198,5,5,20000,20.0,300,6.0,6772,98,4,94,326,4.813939751919669,406,1467,944.75,1.6176102677833986,8.83421330400687
5,22.222,4029198,5,10,5000,5.0,100,4.0,1756,7,3,4,768,43.735763097949885,138,368,283.0,1.7808475964760628,7.945261703882525
5,22.222,4029198,5,10,5000,5.0,100,5.0,1756,7,3,4,768,43.735763097949885,138,368,283.0,1.7808475964760628,7.945261703882525
5,22.222,4029198,5,10,5000,5.0,100,6.0,1756,7,3,4,768,43.735763097949885,138,368,283.0,1.7808475964760628,7.945261703882525
5,22.222,4029198,5,10,5000,5.0,200,4.0,1756,7,2,5,768,43.735763097949885,343,368,355.5,2.1910383070103006,8.467473719055079
5,22.222,4029198,5,10,5000,5.0,200,5.0,1756,7,2,5,768,43.735763097949885,343,368,355.5,2.1910383070103006,8.467473719055079
5,22.222,4029198,5,10,5000,5.0,200,6.0,1756,7,2,5,768,43.735763097949885,343,368,355.5,2.1910383070103006,8.467473719055079
5,22.222,4029198,5,10,5000,5.0,300,4.0,1756,7,2,5,768,43.735763097949885,343,368,355.5,2.1910383070103006,8.467473719055079
5,22.222,4029198,5,10,5000,5.0,300,5.0,1756,7,2,5,768,43.735763097949885,343,368,355.5,2.1910383070103006,8.467473719055079
5,22.222,4029198,5,10,5000,5.0,300,6.0,1756,7,2,5,768,43.735763097949885,343,368,355.5,2.1910383070103006,8.467473719055079
5,22.222,4029198,5,10,10000,10.0,100,4.0,3369,28,4,24,1115,33.09587414663105,167,738,459.75,1.6245570977041452,8.439728253292577
5,22.222,4029198,5,10,10000,10.0,100,5.0,3369,28,4,24,1115,33.09587414663105,167,738,459.75,1.6245570977041452,8.439728253292577
5,22.222,4029198,5,10,10000,10.0,100,6.0,3369,28,4,24,1115,33.09587414663105,167,738,459.75,1.6245570977041452,8.439728253292577
5,22.222,4029198,5,10,10000,10.0,200,4.0,3369,28,3,25,1115,33.09587414663105,247,738,557.3333333333334,1.7607243048782655,8.22346877573088
5,22.222,4029198,5,10,10000,10.0,200,5.0,3369,28,3,25,1115,33.09587414663105,247,738,557.3333333333334,1.7607243048782655,8.22346877573088
5,22.222,4029198,5,10,10000,10.0,200,6.0,3369,28,3,25,1115,33.09587414663105,247,738,557.3333333333334,1.7607243048782655,8.22346877573088
5,22.222,4029198,5,10,10000,10.0,300,4.0,3369,28,2,26,1115,33.09587414663105,687,738,712.5,2.1773867091604115,8.4470255410915
5,22.222,4029198,5,10,10000,10.0,300,5.0,3369,28,2,26,1115,33.09587414663105,687,738,712.5,2.1773867091604115,8.4470255410915
5,22.222,4029198,5,10,10000,10.0,300,6.0,3369,28,2,26,1115,33.09587414663105,687,738,712.5,2.1773867091604115,8.4470255410915
5,22.222,4029198,5,10,15000,15.0,100,4.0,5019,50,5,45,1241,24.726041044032677,109,1105,582.2,1.4764385284101276,7.82009327699203
5,22.222,4029198,5,10,15000,15.0,100,5.0,5019,50,5,45,1241,24.726041044032677,109,1105,582.2,1.4764385284101276,7.82009327699203
5,22.222,4029198,5,10,15000,15.0,100,6.0,5019,50,5,45,1241,24.726041044032677,109,1105,582.2,1.4764385284101276,7.82009327699203
5,22.222,4029198,5,10,15000,15.0,200,4.0,5019,50,4,46,1241,24.726041044032677,285,1105,700.5,1.621880204381744,8.712865570835504
5,22.222,4029198,5,10,15000,15.0,200,5.0,5019,50,4,46,1241,24.726041044032677,285,1105,700.5,1.621880204381744,8.712865570835504
5,22.222,4029198,5,10,15000,15.0,200,6.0,5019,50,4,46,1241,24.726041044032677,285,1105,700.5,1.621880204381744,8.712865570835504
5,22.222,4029198,5,10,15000,15.0,300,4.0,5019,50,3,47,1241,24.726041044032677,373,1105,839.0,1.739972185815738,8.449101123743754
5,22.222,4029198,5,10,15000,15.0,300,5.0,5019,50,3,47,1241,24.726041044032677,373,1105,839.0,1.739972185815738,8.449101123743754
5,22.222,4029198,5,10,15000,15.0,300,6.0,5019,50,3,47,1241,24.726041044032677,373,1105,839.0,1.739972185815738,8.449101123743754
5,22.222,4029198,5,10,20000,20.0,100,4.0,6772,77,5,72,1130,16.686355581807444,146,1467,785.0,1.494374179799083,8.193021348454268
5,22.222,4029198,5,10,20000,20.0,100,5.0,6772,77,5,72,1130,16.686355581807444,146,1467,785.0,1.494374179799083,8.193021348454268
5,22.222,4029198,5,10,20000,20.0,100,6.0,6772,77,5,72,1130,16.686355581807444,146,1467,785.0,1.494374179799083,8.193021348454268
5,22.222,4029198,5,10,20000,20.0,200,4.0,6772,77,4,73,1130,16.686355581807444,406,1467,944.75,1.6176102677833986,8.83421330400687
5,22.222,4029198,5,10,20000,20.0,200,5.0,6772,77,4,73,1130,16.686355581807444,406,1467,944.75,1.6176102677833986,8.83421330400687
5,22.222,4029198,5,10,20000,20.0,200,6.0,6772,77,4,73,1130,16.686355581807444,406,1467,944.75,1.6176102677833986,8.83421330400687
5,22.222,4029198,5,10,20000,20.0,300,4.0,6772,77,4,73,1130,16.686355581807444,406,1467,944.75,1.6176102677833986,8.83421330400687
5,22.222,4029198,5,10,20000,20.0,300,5.0,6772,77,4,73,1130,16.686355581807444,406,1467,944.75,1.6176102677833986,8.83421330400687
5,22.222,4029198,5,10,20000,20.0,300,6.0,6772,77,4,73,1130,16.686355581807444,406,1467,944.75,1.6176102677833986,8.83421330400687
5,22.222,4029198,5,15,5000,5.0,100,4.0,1756,5,3,2,792,45.10250569476082,135,368,282.0,1.783913304366444,7.796221918229514
5,22.222,4029198,5,15,5000,5.0,100,5.0,1756,5,3,2,792,45.10250569476082,135,368,282.0,1.783913304366444,7.796221918229514
5,22.222,4029198,5,15,5000,5.0,100,6.0,1756,5,3,2,792,45.10250569476082,135,368,282.0,1.783913304366444,7.796221918229514
5,22.222,4029198,5,15,5000,5.0,200,4.0,1756,5,2,3,792,45.10250569476082,343,368,355.5,2.1910383070103006,8.467473719055079
5,22.222,4029198,5,15,5000,5.0,200,5.0,1756,5,2,3,792,45.10250569476082,343,368,355.5,2.1910383070103006,8.467473719055079
5,22.222,4029198,5,15,5000,5.0,200,6.0,1756,5,2,3,792,45.10250569476082,343,368,355.5,2.1910383070103006,8.467473719055079
5,22.222,4029198,5,15,5000,5.0,300,4.0,1756,5,2,3,792,45.10250569476082,343,368,355.5,2.1910383070103006,8.467473719055079
5,22.222,4029198,5,15,5000,5.0,300,5.0,1756,5,2,3,792,45.10250569476082,343,368,355.5,2.1910383070103006,8.467473719055079
5,22.222,4029198,5,15,5000,5.0,300,6.0,1756,5,2,3,792,45.10250569476082,343,368,355.5,2.1910383070103006,8.467473719055079
5,22.222,4029198,5,15,10000,10.0,100,4.0,3369,9,4,5,1383,41.05075690115761,167,738,459.75,1.6245570977041452,8.439728253292577
5,22.222,4029198,5,15,10000,10.0,100,5.0,3369,9,4,5,1383,41.05075690115761,167,738,459.75,1.6245570977041452,8.439728253292577
5,22.222,4029198,5,15,10000,10.0,100,6.0,3369,9,4,5,1383,41.05075690115761,167,738,459.75,1.6245570977041452,8.439728253292577
5,22.222,4029198,5,15,10000,10.0,200,4.0,3369,9,3,6,1383,41.05075690115761,247,738,557.3333333333334,1.7607243048782655,8.22346877573088
5,22.222,4029198,5,15,10000,10.0,200,5.0,3369,9,3,6,1383,41.05075690115761,247,738,557.3333333333334,1.7607243048782655,8.22346877573088
5,22.222,4029198,5,15,10000,10.0,200,6.0,3369,9,3,6,1383,41.05075690115761,247,738,557.3333333333334,1.7607243048782655,8.22346877573088
5,22.222,4029198,5,15,10000,10.0,300,4.0,3369,9,2,7,1383,41.05075690115761,687,738,712.5,2.1773867091604115,8.4470255410915
5,22.222,4029198,5,15,10000,10.0,300,5.0,3369,9,2,7,1383,41.05075690115761,687,738,712.5,2.1773867091604115,8.4470255410915
5,22.222,4029198,5,15,10000,10.0,300,6.0,3369,9,2,7,1383,41.05075690115761,687,738,712.5,2.1773867091604115,8.4470255410915
5,22.222,4029198,5,15,15000,15.0,100,4.0,5019,22,5,17,1690,33.67204622434748,109,1105,582.2,1.4764385284101276,7.82009327699203
5,22.222,4029198,5,15,15000,15.0,100,5.0,5019,22,5,17,1690,33.67204622434748,109,1105,582.2,1.4764385284101276,7.82009327699203
5,22.222,4029198,5,15,15000,15.0,100,6.0,5019,22,5,17,1690,33.67204622434748,109,1105,582.2,1.4764385284101276,7.82009327699203
5,22.222,4029198,5,15,15000,15.0,200,4.0,5019,22,4,18,1690,33.67204622434748,285,1105,700.5,1.621880204381744,8.712865570835504
5,22.222,4029198,5,15,15000,15.0,200,5.0,5019,22,4,18,1690,33.67204622434748,285,1105,700.5,1.621880204381744,8.712865570835504
5,22.222,4029198,5,15,15000,15.0,200,6.0,5019,22,4,18,1690,33.67204622434748,285,1105,700.5,1.621880204381744,8.712865570835504
5,22.222,4029198,5,15,15000,15.0,300,4.0,5019,22,3,19,1690,33.67204622434748,373,1105,839.0,1.739972185815738,8.449101123743754
5,22.222,4029198,5,15,15000,15.0,300,5.0,5019,22,3,19,1690,33.67204622434748,373,1105,839.0,1.739972185815738,8.449101123743754
5,22.222,4029198,5,15,15000,15.0,300,6.0,5019,22,3,19,1690,33.67204622434748,373,1105,839.0,1.739972185815738,8.449101123743754
5,22.222,4029198,5,15,20000,20.0,100,4.0,6772,38,5,33,1956,28.883638511518015,146,1467,785.0,1.494374179799083,8.193021348454268
5,22.222,4029198,5,15,20000,20.0,100,5.0,6772,38,5,33,1956,28.883638511518015,146,1467,785.0,1.494374179799083,8.193021348454268
5,22.222,4029198,5,15,20000,20.0,100,6.0,6772,38,5,33,1956,28.883638511518015,146,1467,785.0,1.494374179799083,8.193021348454268
5,22.222,4029198,5,15,20000,20.0,200,4.0,6772,38,4,34,1956,28.883638511518015,406,1467,944.75,1.6176102677833986,8.83421330400687
5,22.222,4029198,5,15,20000,20.0,200,5.0,6772,38,4,34,1956,28.883638511518015,406,1467,944.75,1.6176102677833986,8.83421330400687
5,22.222,4029198,5,15,20000,20.0,200,6.0,6772,38,4,34,1956,28.883638511518015,406,1467,944.75,1.6176102677833986,8.83421330400687
5,22.222,4029198,5,15,20000,20.0,300,4.0,6772,38,4,34,1956,28.883638511518015,406,1467,944.75,1.6176102677833986,8.83421330400687
5,22.222,4029198,5,15,20000,20.0,300,5.0,6772,38,4,34,1956,28.883638511518015,406,1467,944.75,1.6176102677833986,8.83421330400687
5,22.222,4029198,5,15,20000,20.0,300,6.0,6772,38,4,34,1956,28.883638511518015,406,1467,944.75,1.6176102677833986,8.83421330400687
6,26.666,4033642,2,5,5000,5.0,100,4.0,1646,15,2,13,644,39.12515188335358,349,367,358.0,2.1691012424184457,8.369663920282065
6,26.666,4033642,2,5,5000,5.0,100,5.0,1646,15,2,13,644,39.12515188335358,349,367,358.0,2.1691012424184457,8.369663920282065
6,26.666,4033642,2,5,5000,5.0,100,6.0,1646,15,2,13,644,39.12515188335358,349,367,358.0,2.1691012424184457,8.369663920282065
6,26.666,4033642,2,5,5000,5.0,200,4.0,1646,15,2,13,644,39.12515188335358,349,367,358.0,2.1691012424184457,8.369663920282065
6,26.666,4033642,2,5,5000,5.0,200,5.0,1646,15,2,13,644,39.12515188335358,349,367,358.0,2.1691012424184457,8.369663920282065
6,26.666,4033642,2,5,5000,5.0,200,6.0,1646,15,2,13,644,39.12515188335358,349,367,358.0,2.1691012424184457,8.369663920282065
6,26.666,4033642,2,5,5000,5.0,300,4.0,1646,15,2,13,644,39.12515188335358,349,367,358.0,2.1691012424184457,8.369663920282065
6,26.666,4033642,2,5,5000,5.0,300,5.0,1646,15,2,13,644,39.12515188335358,349,367,358.0,2.1691012424184457,8.369663920282065
6,26.666,4033642,2,5,5000,5.0,300,6.0,1646,15,2,13,644,39.12515188335358,349,367,358.0,2.1691012424184457,8.369663920282065
6,26.666,4033642,2,5,10000,10.0,100,4.0,3319,41,4,37,1056,31.816812292859296,210,739,466.25,1.622708512179242,8.386610181054696
6,26.666,4033642,2,5,10000,10.0,100,5.0,3319,41,4,37,1056,31.816812292859296,210,739,466.25,1.622708512179242,8.386610181054696
6,26.666,4033642,2,5,10000,10.0,100,6.0,3319,41,4,37,1056,31.816812292859296,210,739,466.25,1.622708512179242,8.386610181054696
6,26.666,4033642,2,5,10000,10.0,200,4.0,3319,41,4,37,1056,31.816812292859296,210,739,466.25,1.622708512179242,8.386610181054696
6,26.666,4033642,2,5,10000,10.0,200,5.0,3319,41,4,37,1056,31.816812292859296,210,739,466.25,1.622708512179242,8.386610181054696
6,26.666,4033642,2,5,10000,10.0,200,6.0,3319,41,4,37,1056,31.816812292859296,210,739,466.25,1.622708512179242,8.386610181054696
6,26.666,4033642,2,5,10000,10.0,300,4.0,3319,41,2,39,1056,31.816812292859296,704,739,721.5,2.1675457855363645,8.303285409378645
6,26.666,4033642,2,5,10000,10.0,300,5.0,3319,41,2,39,1056,31.816812292859296,704,739,721.5,2.1675457855363645,8.303285409378645
6,26.666,4033642,2,5,10000,10.0,300,6.0,3319,41,2,39,1056,31.816812292859296,704,739,721.5,2.1675457855363645,8.303285409378645
6,26.666,4033642,2,5,15000,15.0,100,4.0,5077,89,5,84,1378,27.142012999803033,109,1098,585.0,1.4719640788193804,7.514584238462558
6,26.666,4033642,2,5,15000,15.0,100,5.0,5077,89,5,84,1378,27.142012999803033,109,1098,585.0,1.4719640788193804,7.514584238462558
6,26.666,4033642,2,5,15000,15.0,100,6.0,5077,89,5,84,1378,27.142012999803033,109,1098,585.0,1.4719640788193804,7.514584238462558
6,26.666,4033642,2,5,15000,15.0,200,4.0,5077,89,4,85,1378,27.142012999803033,329,1098,704.0,1.6192943008947633,8.338603336967257
6,26.666,4033642,2,5,15000,15.0,200,5.0,5077,89,4,85,1378,27.142012999803033,329,1098,704.0,1.6192943008947633,8.338603336967257
6,26.666,4033642,2,5,15000,15.0,200,6.0,5077,89,4,85,1378,27.142012999803033,329,1098,704.0,1.6192943008947633,8.338603336967257
6,26.666,4033642,2,5,15000,15.0,300,4.0,5077,89,4,85,1378,27.142012999803033,329,1098,704.0,1.6192943008947633,8.338603336967257
6,26.666,4033642,2,5,15000,15.0,300,5.0,5077,89,4,85,1378,27.142012999803033,329,1098,704.0,1.6192943008947633,8.338603336967257
6,26.666,4033642,2,5,15000,15.0,300,6.0,5077,89,4,85,1378,27.142012999803033,329,1098,704.0,1.6192943008947633,8.338603336967257
6,26.666,4033642,2,5,20000,20.0,100,4.0,6748,133,5,128,1572,23.295791345583876,147,1481,786.6,1.4894312891971555,7.710699622237587
6,26.666,4033642,2,5,20000,20.0,100,5.0,6748,133,5,128,1572,23.295791345583876,147,1481,786.6,1.4894312891971555,7.710699622237587
6,26.666,4033642,2,5,20000,20.0,100,6.0,6748,133,5,128,1572,23.295791345583876,147,1481,786.6,1.4894312891971555,7.710699622237587
6,26.666,4033642,2,5,20000,20.0,200,4.0,6748,133,4,129,1572,23.295791345583876,432,1481,946.5,1.619193165904175,8.240086419117532
6,26.666,4033642,2,5,20000,20.0,200,5.0,6748,133,4,129,1572,23.295791345583876,432,1481,946.5,1.619193165904175,8.240086419117532
6,26.666,4033642,2,5,20000,20.0,200,6.0,6748,133,4,129,1572,23.295791345583876,432,1481,946.5,1.619193165904175,8.240086419117532
6,26.666,4033642,2,5,20000,20.0,300,4.0,6748,133,4,129,1572,23.295791345583876,432,1481,946.5,1.619193165904175,8.240086419117532
6,26.666,4033642,2,5,20000,20.0,300,5.0,6748,133,4,129,1572,23.295791345583876,432,1481,946.5,1.619193165904175,8.240086419117532
6,26.666,4033642,2,5,20000,20.0,300,6.0,6748,133,4,129,1572,23.295791345583876,432,1481,946.5,1.619193165904175,8.240086419117532
6,26.666,4033642,2,10,5000,5.0,100,4.0,1646,10,2,8,748,45.443499392466585,321,334,327.5,2.0704142956163594,7.18660686588907
6,26.666,4033642,2,10,5000,5.0,100,5.0,1646,10,2,8,748,45.443499392466585,321,334,327.5,2.0704142956163594,7.18660686588907
6,26.666,4033642,2,10,5000,5.0,100,6.0,1646,10,2,8,748,45.443499392466585,321,334,327.5,2.0704142956163594,7.18660686588907
6,26.666,4033642,2,10,5000,5.0,200,4.0,1646,10,2,8,748,45.443499392466585,321,334,327.5,2.0704142956163594,7.18660686588907
6,26.666,4033642,2,10,5000,5.0,200,5.0,1646,10,2,8,748,45.443499392466585,321,334,327.5,2.0704142956163594,7.18660686588907
6,26.666,4033642,2,10,5000,5.0,200,6.0,1646,10,2,8,748,45.443499392466585,321,334,327.5,2.0704142956163594,7.18660686588907
6,26.666,4033642,2,10,5000,5.0,300,4.0,1646,10,2,8,748,45.443499392466585,321,334,327.5,2.0704142956163594,7.18660686588907
6,26.666,4033642,2,10,5000,5.0,300,5.0,1646,10,2,8,748,45.443499392466585,321,334,327.5,2.0704142956163594,7.18660686588907
6,26.666,4033642,2,10,5000,5.0,300,6.0,1646,10,2,8,748,45.443499392466585,321,334,327.5,2.0704142956163594,7.18660686588907
6,26.666,4033642,2,10,10000,10.0,100,4.0,3319,9,4,5,1313,39.560108466405545,143,738,448.75,1.5318365080706344,6.983535236101989
6,26.666,4033642,2,10,10000,10.0,100,5.0,3319,9,4,5,1313,39.560108466405545,143,738,448.75,1.5318365080706344,6.983535236101989
6,26.666,4033642,2,10,10000,10.0,100,6.0,3319,9,4,5,1313,39.560108466405545,143,738,448.75,1.5318365080706344,6.983535236101989
6,26.666,4033642,2,10,10000,10.0,200,4.0,3319,9,3,6,1313,39.560108466405545,210,738,550.6666666666666,1.7339627333699912,7.698559145029745
6,26.666,4033642,2,10,10000,10.0,200,5.0,3319,9,3,6,1313,39.560108466405545,210,738,550.6666666666666,1.7339627333699912,7.698559145029745
6,26.666,4033642,2,10,10000,10.0,200,6.0,3319,9,3,6,1313,39.560108466405545,210,738,550.6666666666666,1.7339627333699912,7.698559145029745
6,26.666,4033642,2,10,10000,10.0,300,4.0,3319,9,2,7,1313,39.560108466405545,704,738,721.0,2.163697250716726,8.305278770321149
6,26.666,4033642,2,10,10000,10.0,300,5.0,3319,9,2,7,1313,39.560108466405545,704,738,721.0,2.163697250716726,8.305278770321149
6,26.666,4033642,2,10,10000,10.0,300,6.0,3319,9,2,7,1313,39.560108466405545,704,738,721.0,2.163697250716726,8.305278770321149
6,26.666,4033642,2,10,15000,15.0,100,4.0,5077,17,5,12,1941,38.23123892062242,109,1098,585.0,1.4719640788193804,7.514584238462558
6,26.666,4033642,2,10,15000,15.0,100,5.0,5077,17,5,12,1941,38.23123892062242,109,1098,585.0,1.4719640788193804,7.514584238462558
6,26.666,4033642,2,10,15000,15.0,100,6.0,5077,17,5,12,1941,38.23123892062242,109,1098,585.0,1.4719640788193804,7.514584238462558
6,26.666,4033642,2,10,15000,15.0,200,4.0,5077,17,4,13,1941,38.23123892062242,329,1098,704.0,1.6192943008947633,8.338603336967257
6,26.666,4033642,2,10,15000,15.0,200,5.0,5077,17,4,13,1941,38.23123892062242,329,1098,704.0,1.6192943008947633,8.338603336967257
6,26.666,4033642,2,10,15000,15.0,200,6.0,5077,17,4,13,1941,38.23123892062242,329,1098,704.0,1.6192943008947633,8.338603336967257
6,26.666,4033642,2,10,15000,15.0,300,4.0,5077,17,4,13,1941,38.23123892062242,329,1098,704.0,1.6192943008947633,8.338603336967257
6,26.666,4033642,2,10,15000,15.0,300,5.0,5077,17,4,13,1941,38.23123892062242,329,1098,704.0,1.6192943008947633,8.338603336967257
6,26.666,4033642,2,10,15000,15.0,300,6.0,5077,17,4,13,1941,38.23123892062242,329,1098,704.0,1.6192943008947633,8.338603336967257
6,26.666,4033642,2,10,20000,20.0,100,4.0,6748,25,5,20,2451,36.32187314759929,147,1479,786.2,1.487301412216291,7.711418326183024
6,26.666,4033642,2,10,20000,20.0,100,5.0,6748,25,5,20,2451,36.32187314759929,147,1479,786.2,1.487301412216291,7.711418326183024
6,26.666,4033642,2,10,20000,20.0,100,6.0,6748,25,5,20,2451,36.32187314759929,147,1479,786.2,1.487301412216291,7.711418326183024
6,26.666,4033642,2,10,20000,20.0,200,4.0,6748,25,4,21,2451,36.32187314759929,432,1479,946.0,1.6165308196780943,8.240984799049327
6,26.666,4033642,2,10,20000,20.0,200,5.0,6748,25,4,21,2451,36.32187314759929,432,1479,946.0,1.6165308196780943,8.240984799049327
6,26.666,4033642,2,10,20000,20.0,200,6.0,6748,25,4,21,2451,36.32187314759929,432,1479,946.0,1.6165308196780943,8.240984799049327
6,26.666,4033642,2,10,20000,20.0,300,4.0,6748,25,4,21,2451,36.32187314759929,432,1479,946.0,1.6165308196780943,8.240984799049327
6,26.666,4033642,2,10,20000,20.0,300,5.0,6748,25,4,21,2451,36.32187314759929,432,1479,946.0,1.6165308196780943,8.240984799049327
6,26.666,4033642,2,10,20000,20.0,300,6.0,6748,25,4,21,2451,36.32187314759929,432,1479,946.0,1.6165308196780943,8.240984799049327
6,26.666,4033642,2,15,5000,5.0,100,4.0,1646,5,2,3,881,53.523693803159176,305,315,310.0,2.0769868984115734,6.485482700881075
6,26.666,4033642,2,15,5000,5.0,100,5.0,1646,5,2,3,881,53.523693803159176,305,315,310.0,2.0769868984115734,6.485482700881075
6,26.666,4033642,2,15,5000,5.0,100,6.0,1646,5,2,3,881,53.523693803159176,305,315,310.0,2.0769868984115734,6.485482700881075
6,26.666,4033642,2,15,5000,5.0,200,4.0,1646,5,2,3,881,53.523693803159176,305,315,310.0,2.0769868984115734,6.485482700881075
6,26.666,4033642,2,15,5000,5.0,200,5.0,1646,5,2,3,881,53.523693803159176,305,315,310.0,2.0769868984115734,6.485482700881075
6,26.666,4033642,2,15,5000,5.0,200,6.0,1646,5,2,3,881,53.523693803159176,305,315,310.0,2.0769868984115734,6.485482700881075
6,26.666,4033642,2,15,5000,5.0,300,4.0,1646,5,2,3,881,53.523693803159176,305,315,310.0,2.0769868984115734,6.485482700881075
6,26.666,4033642,2,15,5000,5.0,300,5.0,1646,5,2,3,881,53.523693803159176,305,315,310.0,2.0769868984115734,6.485482700881075
6,26.666,4033642,2,15,5000,5.0,300,6.0,1646,5,2,3,881,53.523693803159176,305,315,310.0,2.0769868984115734,6.485482700881075
6,26.666,4033642,2,15,10000,10.0,100,4.0,3319,10,3,7,1353,40.76529075022597,191,728,539.3333333333334,1.7279053505450512,7.20712485370406
6,26.666,4033642,2,15,10000,10.0,100,5.0,3319,10,3,7,1353,40.76529075022597,191,728,539.3333333333334,1.7279053505450512,7.20712485370406
6,26.666,4033642,2,15,10000,10.0,100,6.0,3319,10,3,7,1353,40.76529075022597,191,728,539.3333333333334,1.7279053505450512,7.20712485370406
6,26.666,4033642,2,15,10000,10.0,200,4.0,3319,10,2,8,1353,40.76529075022597,699,728,713.5,2.1495968278324695,8.105175017332602
6,26.666,4033642,2,15,10000,10.0,200,5.0,3319,10,2,8,1353,40.76529075022597,699,728,713.5,2.1495968278324695,8.105175017332602
6,26.666,4033642,2,15,10000,10.0,200,6.0,3319,10,2,8,1353,40.76529075022597,699,728,713.5,2.1495968278324695,8.105175017332602
6,26.666,4033642,2,15,10000,10.0,300,4.0,3319,10,2,8,1353,40.76529075022597,699,728,713.5,2.1495968278324695,8.105175017332602
6,26.666,4033642,2,15,10000,10.0,300,5.0,3319,10,2,8,1353,40.76529075022597,699,728,713.5,2.1495968278324695,8.105175017332602
6,26.666,4033642,2,15,10000,10.0,300,6.0,3319,10,2,8,1353,40.76529075022597,699,728,713.5,2.1495968278324695,8.105175017332602
6,26.666,4033642,2,15,15000,15.0,100,4.0,5077,8,6,2,2074,40.85089619854244,109,1097,486.8333333333333,1.3139945075167583,6.122132942421757
6,26.666,4033642,2,15,15000,15.0,100,5.0,5077,8,6,2,2074,40.85089619854244,109,1097,486.8333333333333,1.3139945075167583,6.122132942421757
6,26.666,4033642,2,15,15000,15.0,100,6.0,5077,8,6,2,2074,40.85089619854244,109,1097,486.8333333333333,1.3139945075167583,6.122132942421757
6,26.666,4033642,2,15,15000,15.0,200,4.0,5077,8,4,4,2074,40.85089619854244,224,1097,674.75,1.544543070650392,6.987176777718521
6,26.666,4033642,2,15,15000,15.0,200,5.0,5077,8,4,4,2074,40.85089619854244,224,1097,674.75,1.544543070650392,6.987176777718521
6,26.666,4033642,2,15,15000,15.0,200,6.0,5077,8,4,4,2074,40.85089619854244,224,1097,674.75,1.544543070650392,6.987176777718521
6,26.666,4033642,2,15,15000,15.0,300,4.0,5077,8,3,5,2074,40.85089619854244,329,1097,825.0,1.7397861475657894,7.684330459728258
6,26.666,4033642,2,15,15000,15.0,300,5.0,5077,8,3,5,2074,40.85089619854244,329,1097,825.0,1.7397861475657894,7.684330459728258
6,26.666,4033642,2,15,15000,15.0,300,6.0,5077,8,3,5,2074,40.85089619854244,329,1097,825.0,1.7397861475657894,7.684330459728258
6,26.666,4033642,2,15,20000,20.0,100,4.0,6748,7,5,2,2718,40.27860106698281,147,1479,786.2,1.487301412216291,7.711418326183024
6,26.666,4033642,2,15,20000,20.0,100,5.0,6748,7,5,2,2718,40.27860106698281,147,1479,786.2,1.487301412216291,7.711418326183024
6,26.666,4033642,2,15,20000,20.0,100,6.0,6748,7,5,2,2718,40.27860106698281,147,1479,786.2,1.487301412216291,7.711418326183024
6,26.666,4033642,2,15,20000,20.0,200,4.0,6748,7,4,3,2718,40.27860106698281,432,1479,946.0,1.6165308196780943,8.240984799049327
6,26.666,4033642,2,15,20000,20.0,200,5.0,6748,7,4,3,2718,40.27860106698281,432,1479,946.0,1.6165308196780943,8.240984799049327
6,26.666,4033642,2,15,20000,20.0,200,6.0,6748,7,4,3,2718,40.27860106698281,432,1479,946.0,1.6165308196780943,8.240984799049327
6,26.666,4033642,2,15,20000,20.0,300,4.0,6748,7,4,3,2718,40.27860106698281,432,1479,946.0,1.6165308196780943,8.240984799049327
6,26.666,4033642,2,15,20000,20.0,300,5.0,6748,7,4,3,2718,40.27860106698281,432,1479,946.0,1.6165308196780943,8.240984799049327
6,26.666,4033642,2,15,20000,20.0,300,6.0,6748,7,4,3,2718,40.27860106698281,432,1479,946.0,1.6165308196780943,8.240984799049327
6,26.666,4033642,3,5,5000,5.0,100,4.0,1646,20,2,18,594,36.087484811664645,350,368,359.0,2.173753094335696,8.422466818193099
6,26.666,4033642,3,5,5000,5.0,100,5.0,1646,20,2,18,594,36.087484811664645,350,368,359.0,2.173753094335696,8.422466818193099
6,26.666,4033642,3,5,5000,5.0,100,6.0,1646,20,2,18,594,36.087484811664645,350,368,359.0,2.173753094335696,8.422466818193099
6,26.666,4033642,3,5,5000,5.0,200,4.0,1646,20,2,18,594,36.087484811664645,350,368,359.0,2.173753094335696,8.422466818193099
6,26.666,4033642,3,5,5000,5.0,200,5.0,1646,20,2,18,594,36.087484811664645,350,368,359.0,2.173753094335696,8.422466818193099
6,26.666,4033642,3,5,5000,5.0,200,6.0,1646,20,2,18,594,36.087484811664645,350,368,359.0,2.173753094335696,8.422466818193099
6,26.666,4033642,3,5,5000,5.0,300,4.0,1646,20,2,18,594,36.087484811664645,350,368,359.0,2.173753094335696,8.422466818193099
6,26.666,4033642,3,5,5000,5.0,300,5.0,1646,20,2,18,594,36.087484811664645,350,368,359.0,2.173753094335696,8.422466818193099
6,26.666,4033642,3,5,5000,5.0,300,6.0,1646,20,2,18,594,36.087484811664645,350,368,359.0,2.173753094335696,8.422466818193099
6,26.666,4033642,3,5,10000,10.0,100,4.0,3319,59,4,55,877,26.42362157276288,213,741,477.5,1.6166759887456124,9.219253189072683
6,26.666,4033642,3,5,10000,10.0,100,5.0,3319,59,4,55,877,26.42362157276288,213,741,477.5,1.6166759887456124,9.219253189072683
6,26.666,4033642,3,5,10000,10.0,100,6.0,3319,59,4,55,877,26.42362157276288,213,741,477.5,1.6166759887456124,9.219253189072683
6,26.666,4033642,3,5,10000,10.0,200,4.0,3319,59,4,55,877,26.42362157276288,213,741,477.5,1.6166759887456124,9.219253189072683
6,26.666,4033642,3,5,10000,10.0,200,5.0,3319,59,4,55,877,26.42362157276288,213,741,477.5,1.6166759887456124,9.219253189072683
6,26.666,4033642,3,5,10000,10.0,200,6.0,3319,59,4,55,877,26.42362157276288,213,741,477.5,1.6166759887456124,9.219253189072683
6,26.666,4033642,3,5,10000,10.0,300,4.0,3319,59,2,57,877,26.42362157276288,705,741,723.0,2.1692184909777756,8.347746637615174
6,26.666,4033642,3,5,10000,10.0,300,5.0,3319,59,2,57,877,26.42362157276288,705,741,723.0,2.1692184909777756,8.347746637615174
6,26.666,4033642,3,5,10000,10.0,300,6.0,3319,59,2,57,877,26.42362157276288,705,741,723.0,2.1692184909777756,8.347746637615174
6,26.666,4033642,3,5,15000,15.0,100,4.0,5077,110,5,105,1055,20.779988181997243,110,1102,598.6,1.4732282055845833,8.170927621943235
6,26.666,4033642,3,5,15000,15.0,100,5.0,5077,110,5,105,1055,20.779988181997243,110,1102,598.6,1.4732282055845833,8.170927621943235
6,26.666,4033642,3,5,15000,15.0,100,6.0,5077,110,5,105,1055,20.779988181997243,110,1102,598.6,1.4732282055845833,8.170927621943235
6,26.666,4033642,3,5,15000,15.0,200,4.0,5077,110,4,106,1055,20.779988181997243,338,1102,720.75,1.6104311875464354,9.145632459334879
6,26.666,4033642,3,5,15000,15.0,200,5.0,5077,110,4,106,1055,20.779988181997243,338,1102,720.75,1.6104311875464354,9.145632459334879
6,26.666,4033642,3,5,15000,15.0,200,6.0,5077,110,4,106,1055,20.779988181997243,338,1102,720.75,1.6104311875464354,9.145632459334879
6,26.666,4033642,3,5,15000,15.0,300,4.0,5077,110,4,106,1055,20.779988181997243,338,1102,720.75,1.6104311875464354,9.145632459334879
6,26.666,4033642,3,5,15000,15.0,300,5.0,5077,110,4,106,1055,20.779988181997243,338,1102,720.75,1.6104311875464354,9.145632459334879
6,26.666,4033642,3,5,15000,15.0,300,6.0,5077,110,4,106,1055,20.779988181997243,338,1102,720.75,1.6104311875464354,9.145632459334879
6,26.666,4033642,3,5,20000,20.0,100,4.0,6748,161,5,156,1067,15.81209247184351,148,1485,803.6,1.4906496717437254,8.29934212294447
6,26.666,4033642,3,5,20000,20.0,100,5.0,6748,161,5,156,1067,15.81209247184351,148,1485,803.6,1.4906496717437254,8.29934212294447
6,26.666,4033642,3,5,20000,20.0,100,6.0,6748,161,5,156,1067,15.81209247184351,148,1485,803.6,1.4906496717437254,8.29934212294447
6,26.666,4033642,3,5,20000,20.0,200,4.0,6748,161,4,157,1067,15.81209247184351,433,1485,967.5,1.6123097164228093,8.963386097169124
6,26.666,4033642,3,5,20000,20.0,200,5.0,6748,161,4,157,1067,15.81209247184351,433,1485,967.5,1.6123097164228093,8.963386097169124
6,26.666,4033642,3,5,20000,20.0,200,6.0,6748,161,4,157,1067,15.81209247184351,433,1485,967.5,1.6123097164228093,8.963386097169124
6,26.666,4033642,3,5,20000,20.0,300,4.0,6748,161,4,157,1067,15.81209247184351,433,1485,967.5,1.6123097164228093,8.963386097169124
6,26.666,4033642,3,5,20000,20.0,300,5.0,6748,161,4,157,1067,15.81209247184351,433,1485,967.5,1.6123097164228093,8.963386097169124
6,26.666,4033642,3,5,20000,20.0,300,6.0,6748,161,4,157,1067,15.81209247184351,433,1485,967.5,1.6123097164228093,8.963386097169124
6,26.666,4033642,3,10,5000,5.0,100,4.0,1646,8,2,6,674,40.94775212636695,350,367,358.5,2.175195821653388,8.387902595633204
6,26.666,4033642,3,10,5000,5.0,100,5.0,1646,8,2,6,674,40.94775212636695,350,367,358.5,2.175195821653388,8.387902595633204
6,26.666,4033642,3,10,5000,5.0,100,6.0,1646,8,2,6,674,40.94775212636695,350,367,358.5,2.175195821653388,8.387902595633204
6,26.666,4033642,3,10,5000,5.0,200,4.0,1646,8,2,6,674,40.94775212636695,350,367,358.5,2.175195821653388,8.387902595633204
6,26.666,4033642,3,10,5000,5.0,200,5.0,1646,8,2,6,674,40.94775212636695,350,367,358.5,2.175195821653388,8.387902595633204
6,26.666,4033642,3,10,5000,5.0,200,6.0,1646,8,2,6,674,40.94775212636695,350,367,358.5,2.175195821653388,8.387902595633204
6,26.666,4033642,3,10,5000,5.0,300,4.0,1646,8,2,6,674,40.94775212636695,350,367,358.5,2.175195821653388,8.387902595633204
6,26.666,4033642,3,10,5000,5.0,300,5.0,1646,8,2,6,674,40.94775212636695,350,367,358.5,2.175195821653388,8.387902595633204
6,26.666,4033642,3,10,5000,5.0,300,6.0,1646,8,2,6,674,40.94775212636695,350,367,358.5,2.175195821653388,8.387902595633204
6,26.666,4033642,3,10,10000,10.0,100,4.0,3319,15,4,11,1200,36.155468514612835,213,741,477.5,1.6166759887456124,9.219253189072683
6,26.666,4033642,3,10,10000,10.0,100,5.0,3319,15,4,11,1200,36.155468514612835,213,741,477.5,1.6166759887456124,9.219253189072683
6,26.666,4033642,3,10,10000,10.0,100,6.0,3319,15,4,11,1200,36.155468514612835,213,741,477.5,1.6166759887456124,9.219253189072683
6,26.666,4033642,3,10,10000,10.0,200,4.0,3319,15,4,11,1200,36.155468514612835,213,741,477.5,1.6166759887456124,9.219253189072683
6,26.666,4033642,3,10,10000,10.0,200,5.0,3319,15,4,11,1200,36.155468514612835,213,741,477.5,1.6166759887456124,9.219253189072683
6,26.666,4033642,3,10,10000,10.0,200,6.0,3319,15,4,11,1200,36.155468514612835,213,741,477.5,1.6166759887456124,9.219253189072683
6,26.666,4033642,3,10,10000,10.0,300,4.0,3319,15,2,13,1200,36.155468514612835,705,741,723.0,2.1692184909777756,8.347746637615174
6,26.666,4033642,3,10,10000,10.0,300,5.0,3319,15,2,13,1200,36.155468514612835,705,741,723.0,2.1692184909777756,8.347746637615174
6,26.666,4033642,3,10,10000,10.0,300,6.0,3319,15,2,13,1200,36.155468514612835,705,741,723.0,2.1692184909777756,8.347746637615174
6,26.666,4033642,3,10,15000,15.0,100,4.0,5077,28,5,23,1729,34.05554461296041,110,1101,598.4,1.4734339242636065,8.166250410270402
6,26.666,4033642,3,10,15000,15.0,100,5.0,5077,28,5,23,1729,34.05554461296041,110,1101,598.4,1.4734339242636065,8.166250410270402
6,26.666,4033642,3,10,15000,15.0,100,6.0,5077,28,5,23,1729,34.05554461296041,110,1101,598.4,1.4734339242636065,8.166250410270402
6,26.666,4033642,3,10,15000,15.0,200,4.0,5077,28,4,24,1729,34.05554461296041,338,1101,720.5,1.6106883358952144,9.139785944743839
6,26.666,4033642,3,10,15000,15.0,200,5.0,5077,28,4,24,1729,34.05554461296041,338,1101,720.5,1.6106883358952144,9.139785944743839
6,26.666,4033642,3,10,15000,15.0,200,6.0,5077,28,4,24,1729,34.05554461296041,338,1101,720.5,1.6106883358952144,9.139785944743839
6,26.666,4033642,3,10,15000,15.0,300,4.0,5077,28,4,24,1729,34.05554461296041,338,1101,720.5,1.6106883358952144,9.139785944743839
6,26.666,4033642,3,10,15000,15.0,300,5.0,5077,28,4,24,1729,34.05554461296041,338,1101,720.5,1.6106883358952144,9.139785944743839
6,26.666,4033642,3,10,15000,15.0,300,6.0,5077,28,4,24,1729,34.05554461296041,338,1101,720.5,1.6106883358952144,9.139785944743839
6,26.666,4033642,3,10,20000,20.0,100,4.0,6748,46,5,41,2067,30.631298162418496,148,1485,803.6,1.4906496717437254,8.29934212294447
6,26.666,4033642,3,10,20000,20.0,100,5.0,6748,46,5,41,2067,30.631298162418496,148,1485,803.6,1.4906496717437254,8.29934212294447
6,26.666,4033642,3,10,20000,20.0,100,6.0,6748,46,5,41,2067,30.631298162418496,148,1485,803.6,1.4906496717437254,8.29934212294447
6,26.666,4033642,3,10,20000,20.0,200,4.0,6748,46,4,42,2067,30.631298162418496,433,1485,967.5,1.6123097164228093,8.963386097169124
6,26.666,4033642,3,10,20000,20.0,200,5.0,6748,46,4,42,2067,30.631298162418496,433,1485,967.5,1.6123097164228093,8.963386097169124
6,26.666,4033642,3,10,20000,20.0,200,6.0,6748,46,4,42,2067,30.631298162418496,433,1485,967.5,1.6123097164228093,8.963386097169124
6,26.666,4033642,3,10,20000,20.0,300,4.0,6748,46,4,42,2067,30.631298162418496,433,1485,967.5,1.6123097164228093,8.963386097169124
6,26.666,4033642,3,10,20000,20.0,300,5.0,6748,46,4,42,2067,30.631298162418496,433,1485,967.5,1.6123097164228093,8.963386097169124
6,26.666,4033642,3,10,20000,20.0,300,6.0,6748,46,4,42,2067,30.631298162418496,433,1485,967.5,1.6123097164228093,8.963386097169124
6,26.666,4033642,3,15,5000,5.0,100,4.0,1646,7,2,5,703,42.70959902794654,347,364,355.5,2.1462101002243923,8.243753217076634
6,26.666,4033642,3,15,5000,5.0,100,5.0,1646,7,2,5,703,42.70959902794654,347,364,355.5,2.1462101002243923,8.243753217076634
6,26.666,4033642,3,15,5000,5.0,100,6.0,1646,7,2,5,703,42.70959902794654,347,364,355.5,2.1462101002243923,8.243753217076634
6,26.666,4033642,3,15,5000,5.0,200,4.0,1646,7,2,5,703,42.70959902794654,347,364,355.5,2.1462101002243923,8.243753217076634
6,26.666,4033642,3,15,5000,5.0,200,5.0,1646,7,2,5,703,42.70959902794654,347,364,355.5,2.1462101002243923,8.243753217076634
6,26.666,4033642,3,15,5000,5.0,200,6.0,1646,7,2,5,703,42.70959902794654,347,364,355.5,2.1462101002243923,8.243753217076634
6,26.666,4033642,3,15,5000,5.0,300,4.0,1646,7,2,5,703,42.70959902794654,347,364,355.5,2.1462101002243923,8.243753217076634
6,26.666,4033642,3,15,5000,5.0,300,5.0,1646,7,2,5,703,42.70959902794654,347,364,355.5,2.1462101002243923,8.243753217076634
6,26.666,4033642,3,15,5000,5.0,300,6.0,1646,7,2,5,703,42.70959902794654,347,364,355.5,2.1462101002243923,8.243753217076634
6,26.666,4033642,3,15,10000,10.0,100,4.0,3319,6,4,2,1320,39.77101536607412,213,739,477.0,1.617403129545333,9.2016700558862
6,26.666,4033642,3,15,10000,10.0,100,5.0,3319,6,4,2,1320,39.77101536607412,213,739,477.0,1.617403129545333,9.2016700558862
6,26.666,4033642,3,15,10000,10.0,100,6.0,3319,6,4,2,1320,39.77101536607412,213,739,477.0,1.617403129545333,9.2016700558862
6,26.666,4033642,3,15,10000,10.0,200,4.0,3319,6,4,2,1320,39.77101536607412,213,739,477.0,1.617403129545333,9.2016700558862
6,26.666,4033642,3,15,10000,10.0,200,5.0,3319,6,4,2,1320,39.77101536607412,213,739,477.0,1.617403129545333,9.2016700558862
6,26.666,4033642,3,15,10000,10.0,200,6.0,3319,6,4,2,1320,39.77101536607412,213,739,477.0,1.617403129545333,9.2016700558862
6,26.666,4033642,3,15,10000,10.0,300,4.0,3319,6,2,4,1320,39.77101536607412,705,739,722.0,2.170672772577217,8.312580371242209
6,26.666,4033642,3,15,10000,10.0,300,5.0,3319,6,2,4,1320,39.77101536607412,705,739,722.0,2.170672772577217,8.312580371242209
6,26.666,4033642,3,15,10000,10.0,300,6.0,3319,6,2,4,1320,39.77101536607412,705,739,722.0,2.170672772577217,8.312580371242209
6,26.666,4033642,3,15,15000,15.0,100,4.0,5077,13,5,8,1940,38.21154224935986,110,1101,598.4,1.4734339242636065,8.166250410270402
6,26.666,4033642,3,15,15000,15.0,100,5.0,5077,13,5,8,1940,38.21154224935986,110,1101,598.4,1.4734339242636065,8.166250410270402
6,26.666,4033642,3,15,15000,15.0,100,6.0,5077,13,5,8,1940,38.21154224935986,110,1101,598.4,1.4734339242636065,8.166250410270402
6,26.666,4033642,3,15,15000,15.0,200,4.0,5077,13,4,9,1940,38.21154224935986,338,1101,720.5,1.6106883358952144,9.139785944743839
6,26.666,4033642,3,15,15000,15.0,200,5.0,5077,13,4,9,1940,38.21154224935986,338,1101,720.5,1.6106883358952144,9.139785944743839
6,26.666,4033642,3,15,15000,15.0,200,6.0,5077,13,4,9,1940,38.21154224935986,338,1101,720.5,1.6106883358952144,9.139785944743839
6,26.666,4033642,3,15,15000,15.0,300,4.0,5077,13,4,9,1940,38.21154224935986,338,1101,720.5,1.6106883358952144,9.139785944743839
6,26.666,4033642,3,15,15000,15.0,300,5.0,5077,13,4,9,1940,38.21154224935986,338,1101,720.5,1.6106883358952144,9.139785944743839
6,26.666,4033642,3,15,15000,15.0,300,6.0,5077,13,4,9,1940,38.21154224935986,338,1101,720.5,1.6106883358952144,9.139785944743839
6,26.666,4033642,3,15,20000,20.0,100,4.0,6748,18,5,13,2453,36.35151155898044,148,1485,803.6,1.4906496717437254,8.29934212294447
6,26.666,4033642,3,15,20000,20.0,100,5.0,6748,18,5,13,2453,36.35151155898044,148,1485,803.6,1.4906496717437254,8.29934212294447
6,26.666,4033642,3,15,20000,20.0,100,6.0,6748,18,5,13,2453,36.35151155898044,148,1485,803.6,1.4906496717437254,8.29934212294447
6,26.666,4033642,3,15,20000,20.0,200,4.0,6748,18,4,14,2453,36.35151155898044,433,1485,967.5,1.6123097164228093,8.963386097169124
6,26.666,4033642,3,15,20000,20.0,200,5.0,6748,18,4,14,2453,36.35151155898044,433,1485,967.5,1.6123097164228093,8.963386097169124
6,26.666,4033642,3,15,20000,20.0,200,6.0,6748,18,4,14,2453,36.35151155898044,433,1485,967.5,1.6123097164228093,8.963386097169124
6,26.666,4033642,3,15,20000,20.0,300,4.0,6748,18,4,14,2453,36.35151155898044,433,1485,967.5,1.6123097164228093,8.963386097169124
6,26.666,4033642,3,15,20000,20.0,300,5.0,6748,18,4,14,2453,36.35151155898044,433,1485,967.5,1.6123097164228093,8.963386097169124
6,26.666,4033642,3,15,20000,20.0,300,6.0,6748,18,4,14,2453,36.35151155898044,433,1485,967.5,1.6123097164228093,8.963386097169124
6,26.666,4033642,4,5,5000,5.0,100,4.0,1646,27,4,23,538,32.68529769137302,101,368,232.0,1.6127561071906034,9.369266461025369
6,26.666,4033642,4,5,5000,5.0,100,5.0,1646,27,4,23,538,32.68529769137302,101,368,232.0,1.6127561071906034,9.369266461025369
6,26.666,4033642,4,5,5000,5.0,100,6.0,1646,27,4,23,538,32.68529769137302,101,368,232.0,1.6127561071906034,9.369266461025369
6,26.666,4033642,4,5,5000,5.0,200,4.0,1646,27,2,25,538,32.68529769137302,350,368,359.0,2.173753094335696,8.422466818193099
6,26.666,4033642,4,5,5000,5.0,200,5.0,1646,27,2,25,538,32.68529769137302,350,368,359.0,2.173753094335696,8.422466818193099
6,26.666,4033642,4,5,5000,5.0,200,6.0,1646,27,2,25,538,32.68529769137302,350,368,359.0,2.173753094335696,8.422466818193099
6,26.666,4033642,4,5,5000,5.0,300,4.0,1646,27,2,25,538,32.68529769137302,350,368,359.0,2.173753094335696,8.422466818193099
6,26.666,4033642,4,5,5000,5.0,300,5.0,1646,27,2,25,538,32.68529769137302,350,368,359.0,2.173753094335696,8.422466818193099
6,26.666,4033642,4,5,5000,5.0,300,6.0,1646,27,2,25,538,32.68529769137302,350,368,359.0,2.173753094335696,8.422466818193099
6,26.666,4033642,4,5,10000,10.0,100,4.0,3319,67,4,63,743,22.386260921964446,213,741,477.5,1.6166759887456124,9.219253189072683
6,26.666,4033642,4,5,10000,10.0,100,5.0,3319,67,4,63,743,22.386260921964446,213,741,477.5,1.6166759887456124,9.219253189072683
6,26.666,4033642,4,5,10000,10.0,100,6.0,3319,67,4,63,743,22.386260921964446,213,741,477.5,1.6166759887456124,9.219253189072683
6,26.666,4033642,4,5,10000,10.0,200,4.0,3319,67,4,63,743,22.386260921964446,213,741,477.5,1.6166759887456124,9.219253189072683
6,26.666,4033642,4,5,10000,10.0,200,5.0,3319,67,4,63,743,22.386260921964446,213,741,477.5,1.6166759887456124,9.219253189072683
6,26.666,4033642,4,5,10000,10.0,200,6.0,3319,67,4,63,743,22.386260921964446,213,741,477.5,1.6166759887456124,9.219253189072683
6,26.666,4033642,4,5,10000,10.0,300,4.0,3319,67,2,65,743,22.386260921964446,705,741,723.0,2.1692184909777756,8.347746637615174
6,26.666,4033642,4,5,10000,10.0,300,5.0,3319,67,2,65,743,22.386260921964446,705,741,723.0,2.1692184909777756,8.347746637615174
6,26.666,4033642,4,5,10000,10.0,300,6.0,3319,67,2,65,743,22.386260921964446,705,741,723.0,2.1692184909777756,8.347746637615174
6,26.666,4033642,4,5,15000,15.0,100,4.0,5077,124,5,119,724,14.260389994090998,110,1102,598.6,1.4732282055845833,8.170927621943235
6,26.666,4033642,4,5,15000,15.0,100,5.0,5077,124,5,119,724,14.260389994090998,110,1102,598.6,1.4732282055845833,8.170927621943235
6,26.666,4033642,4,5,15000,15.0,100,6.0,5077,124,5,119,724,14.260389994090998,110,1102,598.6,1.4732282055845833,8.170927621943235
6,26.666,4033642,4,5,15000,15.0,200,4.0,5077,124,4,120,724,14.260389994090998,338,1102,720.75,1.6104311875464354,9.145632459334879
6,26.666,4033642,4,5,15000,15.0,200,5.0,5077,124,4,120,724,14.260389994090998,338,1102,720.75,1.6104311875464354,9.145632459334879
6,26.666,4033642,4,5,15000,15.0,200,6.0,5077,124,4,120,724,14.260389994090998,338,1102,720.75,1.6104311875464354,9.145632459334879
6,26.666,4033642,4,5,15000,15.0,300,4.0,5077,124,4,120,724,14.260389994090998,338,1102,720.75,1.6104311875464354,9.145632459334879
6,26.666,4033642,4,5,15000,15.0,300,5.0,5077,124,4,120,724,14.260389994090998,338,1102,720.75,1.6104311875464354,9.145632459334879
6,26.666,4033642,4,5,15000,15.0,300,6.0,5077,124,4,120,724,14.260389994090998,338,1102,720.75,1.6104311875464354,9.145632459334879
6,26.666,4033642,4,5,20000,20.0,100,4.0,6748,155,5,150,639,9.469472436277416,148,1485,803.6,1.4906496717437254,8.29934212294447
6,26.666,4033642,4,5,20000,20.0,100,5.0,6748,155,5,150,639,9.469472436277416,148,1485,803.6,1.4906496717437254,8.29934212294447
6,26.666,4033642,4,5,20000,20.0,100,6.0,6748,155,5,150,639,9.469472436277416,148,1485,803.6,1.4906496717437254,8.29934212294447
6,26.666,4033642,4,5,20000,20.0,200,4.0,6748,155,4,151,639,9.469472436277416,433,1485,967.5,1.6123097164228093,8.963386097169124
6,26.666,4033642,4,5,20000,20.0,200,5.0,6748,155,4,151,639,9.469472436277416,433,1485,967.5,1.6123097164228093,8.963386097169124
6,26.666,4033642,4,5,20000,20.0,200,6.0,6748,155,4,151,639,9.469472436277416,433,1485,967.5,1.6123097164228093,8.963386097169124
6,26.666,4033642,4,5,20000,20.0,300,4.0,6748,155,4,151,639,9.469472436277416,433,1485,967.5,1.6123097164228093,8.963386097169124
6,26.666,4033642,4,5,20000,20.0,300,5.0,6748,155,4,151,639,9.469472436277416,433,1485,967.5,1.6123097164228093,8.963386097169124
6,26.666,4033642,4,5,20000,20.0,300,6.0,6748,155,4,151,639,9.469472436277416,433,1485,967.5,1.6123097164228093,8.963386097169124
6,26.666,4033642,4,10,5000,5.0,100,4.0,1646,7,3,4,673,40.88699878493317,109,368,275.6666666666667,1.727976590597901,8.978769925500908
6,26.666,4033642,4,10,5000,5.0,100,5.0,1646,7,3,4,673,40.88699878493317,109,368,275.6666666666667,1.727976590597901,8.978769925500908
6,26.666,4033642,4,10,5000,5.0,100,6.0,1646,7,3,4,673,40.88699878493317,109,368,275.6666666666667,1.727976590597901,8.978769925500908
6,26.666,4033642,4,10,5000,5.0,200,4.0,1646,7,2,5,673,40.88699878493317,350,368,359.0,2.173753094335696,8.422466818193099
6,26.666,4033642,4,10,5000,5.0,200,5.0,1646,7,2,5,673,40.88699878493317,350,368,359.0,2.173753094335696,8.422466818193099
6,26.666,4033642,4,10,5000,5.0,200,6.0,1646,7,2,5,673,40.88699878493317,350,368,359.0,2.173753094335696,8.422466818193099
6,26.666,4033642,4,10,5000,5.0,300,4.0,1646,7,2,5,673,40.88699878493317,350,368,359.0,2.173753094335696,8.422466818193099
6,26.666,4033642,4,10,5000,5.0,300,5.0,1646,7,2,5,673,40.88699878493317,350,368,359.0,2.173753094335696,8.422466818193099
6,26.666,4033642,4,10,5000,5.0,300,6.0,1646,7,2,5,673,40.88699878493317,350,368,359.0,2.173753094335696,8.422466818193099
6,26.666,4033642,4,10,10000,10.0,100,4.0,3319,21,4,17,1102,33.20277191925279,213,741,477.5,1.6166759887456124,9.219253189072683
6,26.666,4033642,4,10,10000,10.0,100,5.0,3319,21,4,17,1102,33.20277191925279,213,741,477.5,1.6166759887456124,9.219253189072683
6,26.666,4033642,4,10,10000,10.0,100,6.0,3319,21,4,17,1102,33.20277191925279,213,741,477.5,1.6166759887456124,9.219253189072683
6,26.666,4033642,4,10,10000,10.0,200,4.0,3319,21,4,17,1102,33.20277191925279,213,741,477.5,1.6166759887456124,9.219253189072683
6,26.666,4033642,4,10,10000,10.0,200,5.0,3319,21,4,17,1102,33.20277191925279,213,741,477.5,1.6166759887456124,9.219253189072683
6,26.666,4033642,4,10,10000,10.0,200,6.0,3319,21,4,17,1102,33.20277191925279,213,741,477.5,1.6166759887456124,9.219253189072683
6,26.666,4033642,4,10,10000,10.0,300,4.0,3319,21,2,19,1102,33.20277191925279,705,741,723.0,2.1692184909777756,8.347746637615174
6,26.666,4033642,4,10,10000,10.0,300,5.0,3319,21,2,19,1102,33.20277191925279,705,741,723.0,2.1692184909777756,8.347746637615174
6,26.666,4033642,4,10,10000,10.0,300,6.0,3319,21,2,19,1102,33.20277191925279,705,741,723.0,2.1692184909777756,8.347746637615174
6,26.666,4033642,4,10,15000,15.0,100,4.0,5077,38,5,33,1528,30.096513689186526,110,1102,598.6,1.4732282055845833,8.170927621943235
6,26.666,4033642,4,10,15000,15.0,100,5.0,5077,38,5,33,1528,30.096513689186526,110,1102,598.6,1.4732282055845833,8.170927621943235
6,26.666,4033642,4,10,15000,15.0,100,6.0,5077,38,5,33,1528,30.096513689186526,110,1102,598.6,1.4732282055845833,8.170927621943235
6,26.666,4033642,4,10,15000,15.0,200,4.0,5077,38,4,34,1528,30.096513689186526,338,1102,720.75,1.6104311875464354,9.145632459334879
6,26.666,4033642,4,10,15000,15.0,200,5.0,5077,38,4,34,1528,30.096513689186526,338,1102,720.75,1.6104311875464354,9.145632459334879
6,26.666,4033642,4,10,15000,15.0,200,6.0,5077,38,4,34,1528,30.096513689186526,338,1102,720.75,1.6104311875464354,9.145632459334879
6,26.666,4033642,4,10,15000,15.0,300,4.0,5077,38,4,34,1528,30.096513689186526,338,1102,720.75,1.6104311875464354,9.145632459334879
6,26.666,4033642,4,10,15000,15.0,300,5.0,5077,38,4,34,1528,30.096513689186526,338,1102,720.75,1.6104311875464354,9.145632459334879
6,26.666,4033642,4,10,15000,15.0,300,6.0,5077,38,4,34,1528,30.096513689186526,338,1102,720.75,1.6104311875464354,9.145632459334879
6,26.666,4033642,4,10,20000,20.0,100,4.0,6748,64,5,59,1650,24.451689389448724,148,1485,803.6,1.4906496717437254,8.29934212294447
6,26.666,4033642,4,10,20000,20.0,100,5.0,6748,64,5,59,1650,24.451689389448724,148,1485,803.6,1.4906496717437254,8.29934212294447
6,26.666,4033642,4,10,20000,20.0,100,6.0,6748,64,5,59,1650,24.451689389448724,148,1485,803.6,1.4906496717437254,8.29934212294447
6,26.666,4033642,4,10,20000,20.0,200,4.0,6748,64,4,60,1650,24.451689389448724,433,1485,967.5,1.6123097164228093,8.963386097169124
6,26.666,4033642,4,10,20000,20.0,200,5.0,6748,64,4,60,1650,24.451689389448724,433,1485,967.5,1.6123097164228093,8.963386097169124
6,26.666,4033642,4,10,20000,20.0,200,6.0,6748,64,4,60,1650,24.451689389448724,433,1485,967.5,1.6123097164228093,8.963386097169124
6,26.666,4033642,4,10,20000,20.0,300,4.0,6748,64,4,60,1650,24.451689389448724,433,1485,967.5,1.6123097164228093,8.963386097169124
6,26.666,4033642,4,10,20000,20.0,300,5.0,6748,64,4,60,1650,24.451689389448724,433,1485,967.5,1.6123097164228093,8.963386097169124
6,26.666,4033642,4,10,20000,20.0,300,6.0,6748,64,4,60,1650,24.451689389448724,433,1485,967.5,1.6123097164228093,8.963386097169124
6,26.666,4033642,4,15,5000,5.0,100,4.0,1646,7,2,5,684,41.55528554070474,350,367,358.5,2.175195821653388,8.387902595633204
6,26.666,4033642,4,15,5000,5.0,100,5.0,1646,7,2,5,684,41.55528554070474,350,367,358.5,2.175195821653388,8.387902595633204
6,26.666,4033642,4,15,5000,5.0,100,6.0,1646,7,2,5,684,41.55528554070474,350,367,358.5,2.175195821653388,8.387902595633204
6,26.666,4033642,4,15,5000,5.0,200,4.0,1646,7,2,5,684,41.55528554070474,350,367,358.5,2.175195821653388,8.387902595633204
6,26.666,4033642,4,15,5000,5.0,200,5.0,1646,7,2,5,684,41.55528554070474,350,367,358.5,2.175195821653388,8.387902595633204
6,26.666,4033642,4,15,5000,5.0,200,6.0,1646,7,2,5,684,41.55528554070474,350,367,358.5,2.175195821653388,8.387902595633204
6,26.666,4033642,4,15,5000,5.0,300,4.0,1646,7,2,5,684,41.55528554070474,350,367,358.5,2.175195821653388,8.387902595633204
6,26.666,4033642,4,15,5000,5.0,300,5.0,1646,7,2,5,684,41.55528554070474,350,367,358.5,2.175195821653388,8.387902595633204
6,26.666,4033642,4,15,5000,5.0,300,6.0,1646,7,2,5,684,41.55528554070474,350,367,358.5,2.175195821653388,8.387902595633204
6,26.666,4033642,4,15,10000,10.0,100,4.0,3319,7,4,3,1303,39.25881289545044,213,741,477.5,1.6166759887456124,9.219253189072683
6,26.666,4033642,4,15,10000,10.0,100,5.0,3319,7,4,3,1303,39.25881289545044,213,741,477.5,1.6166759887456124,9.219253189072683
6,26.666,4033642,4,15,10000,10.0,100,6.0,3319,7,4,3,1303,39.25881289545044,213,741,477.5,1.6166759887456124,9.219253189072683
6,26.666,4033642,4,15,10000,10.0,200,4.0,3319,7,4,3,1303,39.25881289545044,213,741,477.5,1.6166759887456124,9.219253189072683
6,26.666,4033642,4,15,10000,10.0,200,5.0,3319,7,4,3,1303,39.25881289545044,213,741,477.5,1.6166759887456124,9.219253189072683
6,26.666,4033642,4,15,10000,10.0,200,6.0,3319,7,4,3,1303,39.25881289545044,213,741,477.5,1.6166759887456124,9.219253189072683
6,26.666,4033642,4,15,10000,10.0,300,4.0,3319,7,2,5,1303,39.25881289545044,705,741,723.0,2.1692184909777756,8.347746637615174
6,26.666,4033642,4,15,10000,10.0,300,5.0,3319,7,2,5,1303,39.25881289545044,705,741,723.0,2.1692184909777756,8.347746637615174
6,26.666,4033642,4,15,10000,10.0,300,6.0,3319,7,2,5,1303,39.25881289545044,705,741,723.0,2.1692184909777756,8.347746637615174
6,26.666,4033642,4,15,15000,15.0,100,4.0,5077,16,5,11,1848,36.39944849320465,110,1102,598.6,1.4732282055845833,8.170927621943235
6,26.666,4033642,4,15,15000,15.0,100,5.0,5077,16,5,11,1848,36.39944849320465,110,1102,598.6,1.4732282055845833,8.170927621943235
6,26.666,4033642,4,15,15000,15.0,100,6.0,5077,16,5,11,1848,36.39944849320465,110,1102,598.6,1.4732282055845833,8.170927621943235
6,26.666,4033642,4,15,15000,15.0,200,4.0,5077,16,4,12,1848,36.39944849320465,338,1102,720.75,1.6104311875464354,9.145632459334879
6,26.666,4033642,4,15,15000,15.0,200,5.0,5077,16,4,12,1848,36.39944849320465,338,1102,720.75,1.6104311875464354,9.145632459334879
6,26.666,4033642,4,15,15000,15.0,200,6.0,5077,16,4,12,1848,36.39944849320465,338,1102,720.75,1.6104311875464354,9.145632459334879
6,26.666,4033642,4,15,15000,15.0,300,4.0,5077,16,4,12,1848,36.39944849320465,338,1102,720.75,1.6104311875464354,9.145632459334879
6,26.666,4033642,4,15,15000,15.0,300,5.0,5077,16,4,12,1848,36.39944849320465,338,1102,720.75,1.6104311875464354,9.145632459334879
6,26.666,4033642,4,15,15000,15.0,300,6.0,5077,16,4,12,1848,36.39944849320465,338,1102,720.75,1.6104311875464354,9.145632459334879
6,26.666,4033642,4,15,20000,20.0,100,4.0,6748,26,5,21,2222,32.928275044457614,148,1485,803.6,1.4906496717437254,8.29934212294447
6,26.666,4033642,4,15,20000,20.0,100,5.0,6748,26,5,21,2222,32.928275044457614,148,1485,803.6,1.4906496717437254,8.29934212294447
6,26.666,4033642,4,15,20000,20.0,100,6.0,6748,26,5,21,2222,32.928275044457614,148,1485,803.6,1.4906496717437254,8.29934212294447
6,26.666,4033642,4,15,20000,20.0,200,4.0,6748,26,4,22,2222,32.928275044457614,433,1485,967.5,1.6123097164228093,8.963386097169124
6,26.666,4033642,4,15,20000,20.0,200,5.0,6748,26,4,22,2222,32.928275044457614,433,1485,967.5,1.6123097164228093,8.963386097169124
6,26.666,4033642,4,15,20000,20.0,200,6.0,6748,26,4,22,2222,32.928275044457614,433,1485,967.5,1.6123097164228093,8.963386097169124
6,26.666,4033642,4,15,20000,20.0,300,4.0,6748,26,4,22,2222,32.928275044457614,433,1485,967.5,1.6123097164228093,8.963386097169124
6,26.666,4033642,4,15,20000,20.0,300,5.0,6748,26,4,22,2222,32.928275044457614,433,1485,967.5,1.6123097164228093,8.963386097169124
6,26.666,4033642,4,15,20000,20.0,300,6.0,6748,26,4,22,2222,32.928275044457614,433,1485,967.5,1.6123097164228093,8.963386097169124
6,26.666,4033642,5,5,5000,5.0,100,4.0,1646,31,4,27,483,29.34386391251519,101,368,232.0,1.6127561071906034,9.369266461025369
6,26.666,4033642,5,5,5000,5.0,100,5.0,1646,31,4,27,483,29.34386391251519,101,368,232.0,1.6127561071906034,9.369266461025369
6,26.666,4033642,5,5,5000,5.0,100,6.0,1646,31,4,27,483,29.34386391251519,101,368,232.0,1.6127561071906034,9.369266461025369
6,26.666,4033642,5,5,5000,5.0,200,4.0,1646,31,2,29,483,29.34386391251519,350,368,359.0,2.173753094335696,8.422466818193099
6,26.666,4033642,5,5,5000,5.0,200,5.0,1646,31,2,29,483,29.34386391251519,350,368,359.0,2.173753094335696,8.422466818193099
6,26.666,4033642,5,5,5000,5.0,200,6.0,1646,31,2,29,483,29.34386391251519,350,368,359.0,2.173753094335696,8.422466818193099
6,26.666,4033642,5,5,5000,5.0,300,4.0,1646,31,2,29,483,29.34386391251519,350,368,359.0,2.173753094335696,8.422466818193099
6,26.666,4033642,5,5,5000,5.0,300,5.0,1646,31,2,29,483,29.34386391251519,350,368,359.0,2.173753094335696,8.422466818193099
6,26.666,4033642,5,5,5000,5.0,300,6.0,1646,31,2,29,483,29.34386391251519,350,368,359.0,2.173753094335696,8.422466818193099
6,26.666,4033642,5,5,10000,10.0,100,4.0,3319,77,4,73,528,15.908406146429648,213,741,477.5,1.6166759887456124,9.219253189072683
6,26.666,4033642,5,5,10000,10.0,100,5.0,3319,77,4,73,528,15.908406146429648,213,741,477.5,1.6166759887456124,9.219253189072683
6,26.666,4033642,5,5,10000,10.0,100,6.0,3319,77,4,73,528,15.908406146429648,213,741,477.5,1.6166759887456124,9.219253189072683
6,26.666,4033642,5,5,10000,10.0,200,4.0,3319,77,4,73,528,15.908406146429648,213,741,477.5,1.6166759887456124,9.219253189072683
6,26.666,4033642,5,5,10000,10.0,200,5.0,3319,77,4,73,528,15.908406146429648,213,741,477.5,1.6166759887456124,9.219253189072683
6,26.666,4033642,5,5,10000,10.0,200,6.0,3319,77,4,73,528,15.908406146429648,213,741,477.5,1.6166759887456124,9.219253189072683
6,26.666,4033642,5,5,10000,10.0,300,4.0,3319,77,2,75,528,15.908406146429648,705,741,723.0,2.1692184909777756,8.347746637615174
6,26.666,4033642,5,5,10000,10.0,300,5.0,3319,77,2,75,528,15.908406146429648,705,741,723.0,2.1692184909777756,8.347746637615174
6,26.666,4033642,5,5,10000,10.0,300,6.0,3319,77,2,75,528,15.908406146429648,705,741,723.0,2.1692184909777756,8.347746637615174
6,26.666,4033642,5,5,15000,15.0,100,4.0,5077,104,5,99,421,8.29229860153634,110,1102,598.6,1.4732282055845833,8.170927621943235
6,26.666,4033642,5,5,15000,15.0,100,5.0,5077,104,5,99,421,8.29229860153634,110,1102,598.6,1.4732282055845833,8.170927621943235
6,26.666,4033642,5,5,15000,15.0,100,6.0,5077,104,5,99,421,8.29229860153634,110,1102,598.6,1.4732282055845833,8.170927621943235
6,26.666,4033642,5,5,15000,15.0,200,4.0,5077,104,4,100,421,8.29229860153634,338,1102,720.75,1.6104311875464354,9.145632459334879
6,26.666,4033642,5,5,15000,15.0,200,5.0,5077,104,4,100,421,8.29229860153634,338,1102,720.75,1.6104311875464354,9.145632459334879
6,26.666,4033642,5,5,15000,15.0,200,6.0,5077,104,4,100,421,8.29229860153634,338,1102,720.75,1.6104311875464354,9.145632459334879
6,26.666,4033642,5,5,15000,15.0,300,4.0,5077,104,4,100,421,8.29229860153634,338,1102,720.75,1.6104311875464354,9.145632459334879
6,26.666,4033642,5,5,15000,15.0,300,5.0,5077,104,4,100,421,8.29229860153634,338,1102,720.75,1.6104311875464354,9.145632459334879
6,26.666,4033642,5,5,15000,15.0,300,6.0,5077,104,4,100,421,8.29229860153634,338,1102,720.75,1.6104311875464354,9.145632459334879
6,26.666,4033642,5,5,20000,20.0,100,4.0,6748,110,5,105,349,5.17190278601067,148,1485,803.6,1.4906496717437254,8.29934212294447
6,26.666,4033642,5,5,20000,20.0,100,5.0,6748,110,5,105,349,5.17190278601067,148,1485,803.6,1.4906496717437254,8.29934212294447
6,26.666,4033642,5,5,20000,20.0,100,6.0,6748,110,5,105,349,5.17190278601067,148,1485,803.6,1.4906496717437254,8.29934212294447
6,26.666,4033642,5,5,20000,20.0,200,4.0,6748,110,4,106,349,5.17190278601067,433,1485,967.5,1.6123097164228093,8.963386097169124
6,26.666,4033642,5,5,20000,20.0,200,5.0,6748,110,4,106,349,5.17190278601067,433,1485,967.5,1.6123097164228093,8.963386097169124
6,26.666,4033642,5,5,20000,20.0,200,6.0,6748,110,4,106,349,5.17190278601067,433,1485,967.5,1.6123097164228093,8.963386097169124
6,26.666,4033642,5,5,20000,20.0,300,4.0,6748,110,4,106,349,5.17190278601067,433,1485,967.5,1.6123097164228093,8.963386097169124
6,26.666,4033642,5,5,20000,20.0,300,5.0,6748,110,4,106,349,5.17190278601067,433,1485,967.5,1.6123097164228093,8.963386097169124
6,26.666,4033642,5,5,20000,20.0,300,6.0,6748,110,4,106,349,5.17190278601067,433,1485,967.5,1.6123097164228093,8.963386097169124
6,26.666,4033642,5,10,5000,5.0,100,4.0,1646,7,4,3,662,40.2187120291616,101,368,232.0,1.6127561071906034,9.369266461025369
6,26.666,4033642,5,10,5000,5.0,100,5.0,1646,7,4,3,662,40.2187120291616,101,368,232.0,1.6127561071906034,9.369266461025369
6,26.666,4033642,5,10,5000,5.0,100,6.0,1646,7,4,3,662,40.2187120291616,101,368,232.0,1.6127561071906034,9.369266461025369
6,26.666,4033642,5,10,5000,5.0,200,4.0,1646,7,2,5,662,40.2187120291616,350,368,359.0,2.173753094335696,8.422466818193099
6,26.666,4033642,5,10,5000,5.0,200,5.0,1646,7,2,5,662,40.2187120291616,350,368,359.0,2.173753094335696,8.422466818193099
6,26.666,4033642,5,10,5000,5.0,200,6.0,1646,7,2,5,662,40.2187120291616,350,368,359.0,2.173753094335696,8.422466818193099
6,26.666,4033642,5,10,5000,5.0,300,4.0,1646,7,2,5,662,40.2187120291616,350,368,359.0,2.173753094335696,8.422466818193099
6,26.666,4033642,5,10,5000,5.0,300,5.0,1646,7,2,5,662,40.2187120291616,350,368,359.0,2.173753094335696,8.422466818193099
6,26.666,4033642,5,10,5000,5.0,300,6.0,1646,7,2,5,662,40.2187120291616,350,368,359.0,2.173753094335696,8.422466818193099
6,26.666,4033642,5,10,10000,10.0,100,4.0,3319,26,4,22,994,29.948779752937632,213,741,477.5,1.6166759887456124,9.219253189072683
6,26.666,4033642,5,10,10000,10.0,100,5.0,3319,26,4,22,994,29.948779752937632,213,741,477.5,1.6166759887456124,9.219253189072683
6,26.666,4033642,5,10,10000,10.0,100,6.0,3319,26,4,22,994,29.948779752937632,213,741,477.5,1.6166759887456124,9.219253189072683
6,26.666,4033642,5,10,10000,10.0,200,4.0,3319,26,4,22,994,29.948779752937632,213,741,477.5,1.6166759887456124,9.219253189072683
6,26.666,4033642,5,10,10000,10.0,200,5.0,3319,26,4,22,994,29.948779752937632,213,741,477.5,1.6166759887456124,9.219253189072683
6,26.666,4033642,5,10,10000,10.0,200,6.0,3319,26,4,22,994,29.948779752937632,213,741,477.5,1.6166759887456124,9.219253189072683
6,26.666,4033642,5,10,10000,10.0,300,4.0,3319,26,2,24,994,29.948779752937632,705,741,723.0,2.1692184909777756,8.347746637615174
6,26.666,4033642,5,10,10000,10.0,300,5.0,3319,26,2,24,994,29.948779752937632,705,741,723.0,2.1692184909777756,8.347746637615174
6,26.666,4033642,5,10,10000,10.0,300,6.0,3319,26,2,24,994,29.948779752937632,705,741,723.0,2.1692184909777756,8.347746637615174
6,26.666,4033642,5,10,15000,15.0,100,4.0,5077,54,5,49,1127,22.19814851290132,110,1102,598.6,1.4732282055845833,8.170927621943235
6,26.666,4033642,5,10,15000,15.0,100,5.0,5077,54,5,49,1127,22.19814851290132,110,1102,598.6,1.4732282055845833,8.170927621943235
6,26.666,4033642,5,10,15000,15.0,100,6.0,5077,54,5,49,1127,22.19814851290132,110,1102,598.6,1.4732282055845833,8.170927621943235
6,26.666,4033642,5,10,15000,15.0,200,4.0,5077,54,4,50,1127,22.19814851290132,338,1102,720.75,1.6104311875464354,9.145632459334879
6,26.666,4033642,5,10,15000,15.0,200,5.0,5077,54,4,50,1127,22.19814851290132,338,1102,720.75,1.6104311875464354,9.145632459334879
6,26.666,4033642,5,10,15000,15.0,200,6.0,5077,54,4,50,1127,22.19814851290132,338,1102,720.75,1.6104311875464354,9.145632459334879
6,26.666,4033642,5,10,15000,15.0,300,4.0,5077,54,4,50,1127,22.19814851290132,338,1102,720.75,1.6104311875464354,9.145632459334879
6,26.666,4033642,5,10,15000,15.0,300,5.0,5077,54,4,50,1127,22.19814851290132,338,1102,720.75,1.6104311875464354,9.145632459334879
6,26.666,4033642,5,10,15000,15.0,300,6.0,5077,54,4,50,1127,22.19814851290132,338,1102,720.75,1.6104311875464354,9.145632459334879
6,26.666,4033642,5,10,20000,20.0,100,4.0,6748,72,5,67,1087,16.10847658565501,148,1485,803.6,1.4906496717437254,8.29934212294447
6,26.666,4033642,5,10,20000,20.0,100,5.0,6748,72,5,67,1087,16.10847658565501,148,1485,803.6,1.4906496717437254,8.29934212294447
6,26.666,4033642,5,10,20000,20.0,100,6.0,6748,72,5,67,1087,16.10847658565501,148,1485,803.6,1.4906496717437254,8.29934212294447
6,26.666,4033642,5,10,20000,20.0,200,4.0,6748,72,4,68,1087,16.10847658565501,433,1485,967.5,1.6123097164228093,8.963386097169124
6,26.666,4033642,5,10,20000,20.0,200,5.0,6748,72,4,68,1087,16.10847658565501,433,1485,967.5,1.6123097164228093,8.963386097169124
6,26.666,4033642,5,10,20000,20.0,200,6.0,6748,72,4,68,1087,16.10847658565501,433,1485,967.5,1.6123097164228093,8.963386097169124
6,26.666,4033642,5,10,20000,20.0,300,4.0,6748,72,4,68,1087,16.10847658565501,433,1485,967.5,1.6123097164228093,8.963386097169124
6,26.666,4033642,5,10,20000,20.0,300,5.0,6748,72,4,68,1087,16.10847658565501,433,1485,967.5,1.6123097164228093,8.963386097169124
6,26.666,4033642,5,10,20000,20.0,300,6.0,6748,72,4,68,1087,16.10847658565501,433,1485,967.5,1.6123097164228093,8.963386097169124
6,26.666,4033642,5,15,5000,5.0,100,4.0,1646,7,2,5,683,41.49453219927096,350,368,359.0,2.173753094335696,8.422466818193099
6,26.666,4033642,5,15,5000,5.0,100,5.0,1646,7,2,5,683,41.49453219927096,350,368,359.0,2.173753094335696,8.422466818193099
6,26.666,4033642,5,15,5000,5.0,100,6.0,1646,7,2,5,683,41.49453219927096,350,368,359.0,2.173753094335696,8.422466818193099
6,26.666,4033642,5,15,5000,5.0,200,4.0,1646,7,2,5,683,41.49453219927096,350,368,359.0,2.173753094335696,8.422466818193099
6,26.666,4033642,5,15,5000,5.0,200,5.0,1646,7,2,5,683,41.49453219927096,350,368,359.0,2.173753094335696,8.422466818193099
6,26.666,4033642,5,15,5000,5.0,200,6.0,1646,7,2,5,683,41.49453219927096,350,368,359.0,2.173753094335696,8.422466818193099
6,26.666,4033642,5,15,5000,5.0,300,4.0,1646,7,2,5,683,41.49453219927096,350,368,359.0,2.173753094335696,8.422466818193099
6,26.666,4033642,5,15,5000,5.0,300,5.0,1646,7,2,5,683,41.49453219927096,350,368,359.0,2.173753094335696,8.422466818193099
6,26.666,4033642,5,15,5000,5.0,300,6.0,1646,7,2,5,683,41.49453219927096,350,368,359.0,2.173753094335696,8.422466818193099
6,26.666,4033642,5,15,10000,10.0,100,4.0,3319,13,4,9,1187,35.7637842723712,213,741,477.5,1.6166759887456124,9.219253189072683
6,26.666,4033642,5,15,10000,10.0,100,5.0,3319,13,4,9,1187,35.7637842723712,213,741,477.5,1.6166759887456124,9.219253189072683
6,26.666,4033642,5,15,10000,10.0,100,6.0,3319,13,4,9,1187,35.7637842723712,213,741,477.5,1.6166759887456124,9.219253189072683
6,26.666,4033642,5,15,10000,10.0,200,4.0,3319,13,4,9,1187,35.7637842723712,213,741,477.5,1.6166759887456124,9.219253189072683
6,26.666,4033642,5,15,10000,10.0,200,5.0,3319,13,4,9,1187,35.7637842723712,213,741,477.5,1.6166759887456124,9.219253189072683
6,26.666,4033642,5,15,10000,10.0,200,6.0,3319,13,4,9,1187,35.7637842723712,213,741,477.5,1.6166759887456124,9.219253189072683
6,26.666,4033642,5,15,10000,10.0,300,4.0,3319,13,2,11,1187,35.7637842723712,705,741,723.0,2.1692184909777756,8.347746637615174
6,26.666,4033642,5,15,10000,10.0,300,5.0,3319,13,2,11,1187,35.7637842723712,705,741,723.0,2.1692184909777756,8.347746637615174
6,26.666,4033642,5,15,10000,10.0,300,6.0,3319,13,2,11,1187,35.7637842723712,705,741,723.0,2.1692184909777756,8.347746637615174
6,26.666,4033642,5,15,15000,15.0,100,4.0,5077,22,5,17,1659,32.67677762458145,110,1102,598.6,1.4732282055845833,8.170927621943235
6,26.666,4033642,5,15,15000,15.0,100,5.0,5077,22,5,17,1659,32.67677762458145,110,1102,598.6,1.4732282055845833,8.170927621943235
6,26.666,4033642,5,15,15000,15.0,100,6.0,5077,22,5,17,1659,32.67677762458145,110,1102,598.6,1.4732282055845833,8.170927621943235
6,26.666,4033642,5,15,15000,15.0,200,4.0,5077,22,4,18,1659,32.67677762458145,338,1102,720.75,1.6104311875464354,9.145632459334879
6,26.666,4033642,5,15,15000,15.0,200,5.0,5077,22,4,18,1659,32.67677762458145,338,1102,720.75,1.6104311875464354,9.145632459334879
6,26.666,4033642,5,15,15000,15.0,200,6.0,5077,22,4,18,1659,32.67677762458145,338,1102,720.75,1.6104311875464354,9.145632459334879
6,26.666,4033642,5,15,15000,15.0,300,4.0,5077,22,4,18,1659,32.67677762458145,338,1102,720.75,1.6104311875464354,9.145632459334879
6,26.666,4033642,5,15,15000,15.0,300,5.0,5077,22,4,18,1659,32.67677762458145,338,1102,720.75,1.6104311875464354,9.145632459334879
6,26.666,4033642,5,15,15000,15.0,300,6.0,5077,22,4,18,1659,32.67677762458145,338,1102,720.75,1.6104311875464354,9.145632459334879
6,26.666,4033642,5,15,20000,20.0,100,4.0,6748,33,5,28,1881,27.874925903971548,148,1485,803.6,1.4906496717437254,8.29934212294447
6,26.666,4033642,5,15,20000,20.0,100,5.0,6748,33,5,28,1881,27.874925903971548,148,1485,803.6,1.4906496717437254,8.29934212294447
6,26.666,4033642,5,15,20000,20.0,100,6.0,6748,33,5,28,1881,27.874925903971548,148,1485,803.6,1.4906496717437254,8.29934212294447
6,26.666,4033642,5,15,20000,20.0,200,4.0,6748,33,4,29,1881,27.874925903971548,433,1485,967.5,1.6123097164228093,8.963386097169124
6,26.666,4033642,5,15,20000,20.0,200,5.0,6748,33,4,29,1881,27.874925903971548,433,1485,967.5,1.6123097164228093,8.963386097169124
6,26.666,4033642,5,15,20000,20.0,200,6.0,6748,33,4,29,1881,27.874925903971548,433,1485,967.5,1.6123097164228093,8.963386097169124
6,26.666,4033642,5,15,20000,20.0,300,4.0,6748,33,4,29,1881,27.874925903971548,433,1485,967.5,1.6123097164228093,8.963386097169124
6,26.666,4033642,5,15,20000,20.0,300,5.0,6748,33,4,29,1881,27.874925903971548,433,1485,967.5,1.6123097164228093,8.963386097169124
6,26.666,4033642,5,15,20000,20.0,300,6.0,6748,33,4,29,1881,27.874925903971548,433,1485,967.5,1.6123097164228093,8.963386097169124
7,31.111,4038087,2,5,5000,5.0,100,4.0,1678,15,4,11,598,35.63766388557807,117,371,238.75,1.600060948143542,8.183968881641489
7,31.111,4038087,2,5,5000,5.0,100,5.0,1678,15,4,11,598,35.63766388557807,117,371,238.75,1.600060948143542,8.183968881641489
7,31.111,4038087,2,5,5000,5.0,100,6.0,1678,15,4,11,598,35.63766388557807,117,371,238.75,1.600060948143542,8.183968881641489
7,31.111,4038087,2,5,5000,5.0,200,4.0,1678,15,2,13,598,35.63766388557807,349,371,360.0,2.182403766565958,8.169453701823475
7,31.111,4038087,2,5,5000,5.0,200,5.0,1678,15,2,13,598,35.63766388557807,349,371,360.0,2.182403766565958,8.169453701823475
7,31.111,4038087,2,5,5000,5.0,200,6.0,1678,15,2,13,598,35.63766388557807,349,371,360.0,2.182403766565958,8.169453701823475
7,31.111,4038087,2,5,5000,5.0,300,4.0,1678,15,2,13,598,35.63766388557807,349,371,360.0,2.182403766565958,8.169453701823475
7,31.111,4038087,2,5,5000,5.0,300,5.0,1678,15,2,13,598,35.63766388557807,349,371,360.0,2.182403766565958,8.169453701823475
7,31.111,4038087,2,5,5000,5.0,300,6.0,1678,15,2,13,598,35.63766388557807,349,371,360.0,2.182403766565958,8.169453701823475
7,31.111,4038087,2,5,10000,10.0,100,4.0,3412,52,4,48,1060,31.066822977725675,235,729,475.25,1.5987962469429247,8.217202742232512
7,31.111,4038087,2,5,10000,10.0,100,5.0,3412,52,4,48,1060,31.066822977725675,235,729,475.25,1.5987962469429247,8.217202742232512
7,31.111,4038087,2,5,10000,10.0,100,6.0,3412,52,4,48,1060,31.066822977725675,235,729,475.25,1.5987962469429247,8.217202742232512
7,31.111,4038087,2,5,10000,10.0,200,4.0,3412,52,4,48,1060,31.066822977725675,235,729,475.25,1.5987962469429247,8.217202742232512
7,31.111,4038087,2,5,10000,10.0,200,5.0,3412,52,4,48,1060,31.066822977725675,235,729,475.25,1.5987962469429247,8.217202742232512
7,31.111,4038087,2,5,10000,10.0,200,6.0,3412,52,4,48,1060,31.066822977725675,235,729,475.25,1.5987962469429247,8.217202742232512
7,31.111,4038087,2,5,10000,10.0,300,4.0,3412,52,2,50,1060,31.066822977725675,697,729,713.0,2.204773902184623,8.199501942634804
7,31.111,4038087,2,5,10000,10.0,300,5.0,3412,52,2,50,1060,31.066822977725675,697,729,713.0,2.204773902184623,8.199501942634804
7,31.111,4038087,2,5,10000,10.0,300,6.0,3412,52,2,50,1060,31.066822977725675,697,729,713.0,2.204773902184623,8.199501942634804
7,31.111,4038087,2,5,15000,15.0,100,4.0,5047,91,5,86,1367,27.085397265702397,111,1096,589.8,1.4701960030932961,7.2981735313751575
7,31.111,4038087,2,5,15000,15.0,100,5.0,5047,91,5,86,1367,27.085397265702397,111,1096,589.8,1.4701960030932961,7.2981735313751575
7,31.111,4038087,2,5,15000,15.0,100,6.0,5047,91,5,86,1367,27.085397265702397,111,1096,589.8,1.4701960030932961,7.2981735313751575
7,31.111,4038087,2,5,15000,15.0,200,4.0,5047,91,4,87,1367,27.085397265702397,323,1096,709.5,1.6107921702871497,8.053283603289534
7,31.111,4038087,2,5,15000,15.0,200,5.0,5047,91,4,87,1367,27.085397265702397,323,1096,709.5,1.6107921702871497,8.053283603289534
7,31.111,4038087,2,5,15000,15.0,200,6.0,5047,91,4,87,1367,27.085397265702397,323,1096,709.5,1.6107921702871497,8.053283603289534
7,31.111,4038087,2,5,15000,15.0,300,4.0,5047,91,4,87,1367,27.085397265702397,323,1096,709.5,1.6107921702871497,8.053283603289534
7,31.111,4038087,2,5,15000,15.0,300,5.0,5047,91,4,87,1367,27.085397265702397,323,1096,709.5,1.6107921702871497,8.053283603289534
7,31.111,4038087,2,5,15000,15.0,300,6.0,5047,91,4,87,1367,27.085397265702397,323,1096,709.5,1.6107921702871497,8.053283603289534
7,31.111,4038087,2,5,20000,20.0,100,4.0,6695,149,5,144,1493,22.300224047796863,148,1468,779.4,1.4949585469866047,7.629711568535981
7,31.111,4038087,2,5,20000,20.0,100,5.0,6695,149,5,144,1493,22.300224047796863,148,1468,779.4,1.4949585469866047,7.629711568535981
7,31.111,4038087,2,5,20000,20.0,100,6.0,6695,149,5,144,1493,22.300224047796863,148,1468,779.4,1.4949585469866047,7.629711568535981
7,31.111,4038087,2,5,20000,20.0,200,4.0,6695,149,4,145,1493,22.300224047796863,402,1468,937.25,1.6261421443324253,8.120592416385685
7,31.111,4038087,2,5,20000,20.0,200,5.0,6695,149,4,145,1493,22.300224047796863,402,1468,937.25,1.6261421443324253,8.120592416385685
7,31.111,4038087,2,5,20000,20.0,200,6.0,6695,149,4,145,1493,22.300224047796863,402,1468,937.25,1.6261421443324253,8.120592416385685
7,31.111,4038087,2,5,20000,20.0,300,4.0,6695,149,4,145,1493,22.300224047796863,402,1468,937.25,1.6261421443324253,8.120592416385685
7,31.111,4038087,2,5,20000,20.0,300,5.0,6695,149,4,145,1493,22.300224047796863,402,1468,937.25,1.6261421443324253,8.120592416385685
7,31.111,4038087,2,5,20000,20.0,300,6.0,6695,149,4,145,1493,22.300224047796863,402,1468,937.25,1.6261421443324253,8.120592416385685
7,31.111,4038087,2,10,5000,5.0,100,4.0,1678,11,3,8,707,42.13349225268176,100,341,258.3333333333333,1.7004375126544895,6.345248683331339
7,31.111,4038087,2,10,5000,5.0,100,5.0,1678,11,3,8,707,42.13349225268176,100,341,258.3333333333333,1.7004375126544895,6.345248683331339
7,31.111,4038087,2,10,5000,5.0,100,6.0,1678,11,3,8,707,42.13349225268176,100,341,258.3333333333333,1.7004375126544895,6.345248683331339
7,31.111,4038087,2,10,5000,5.0,200,4.0,1678,11,2,9,707,42.13349225268176,334,341,337.5,2.1416636040108328,7.310504682377228
7,31.111,4038087,2,10,5000,5.0,200,5.0,1678,11,2,9,707,42.13349225268176,334,341,337.5,2.1416636040108328,7.310504682377228
7,31.111,4038087,2,10,5000,5.0,200,6.0,1678,11,2,9,707,42.13349225268176,334,341,337.5,2.1416636040108328,7.310504682377228
7,31.111,4038087,2,10,5000,5.0,300,4.0,1678,11,2,9,707,42.13349225268176,334,341,337.5,2.1416636040108328,7.310504682377228
7,31.111,4038087,2,10,5000,5.0,300,5.0,1678,11,2,9,707,42.13349225268176,334,341,337.5,2.1416636040108328,7.310504682377228
7,31.111,4038087,2,10,5000,5.0,300,6.0,1678,11,2,9,707,42.13349225268176,334,341,337.5,2.1416636040108328,7.310504682377228
7,31.111,4038087,2,10,10000,10.0,100,4.0,3412,8,4,4,1372,40.211019929660026,235,729,474.75,1.5981840965968113,8.203985592803999
7,31.111,4038087,2,10,10000,10.0,100,5.0,3412,8,4,4,1372,40.211019929660026,235,729,474.75,1.5981840965968113,8.203985592803999
7,31.111,4038087,2,10,10000,10.0,100,6.0,3412,8,4,4,1372,40.211019929660026,235,729,474.75,1.5981840965968113,8.203985592803999
7,31.111,4038087,2,10,10000,10.0,200,4.0,3412,8,4,4,1372,40.211019929660026,235,729,474.75,1.5981840965968113,8.203985592803999
7,31.111,4038087,2,10,10000,10.0,200,5.0,3412,8,4,4,1372,40.211019929660026,235,729,474.75,1.5981840965968113,8.203985592803999
7,31.111,4038087,2,10,10000,10.0,200,6.0,3412,8,4,4,1372,40.211019929660026,235,729,474.75,1.5981840965968113,8.203985592803999
7,31.111,4038087,2,10,10000,10.0,300,4.0,3412,8,2,6,1372,40.211019929660026,695,729,712.0,2.203549601492396,8.17306764377778
7,31.111,4038087,2,10,10000,10.0,300,5.0,3412,8,2,6,1372,40.211019929660026,695,729,712.0,2.203549601492396,8.17306764377778
7,31.111,4038087,2,10,10000,10.0,300,6.0,3412,8,2,6,1372,40.211019929660026,695,729,712.0,2.203549601492396,8.17306764377778
7,31.111,4038087,2,10,15000,15.0,100,4.0,5047,14,5,9,1931,38.26035268476323,111,1096,589.8,1.4701960030932961,7.2981735313751575
7,31.111,4038087,2,10,15000,15.0,100,5.0,5047,14,5,9,1931,38.26035268476323,111,1096,589.8,1.4701960030932961,7.2981735313751575
7,31.111,4038087,2,10,15000,15.0,100,6.0,5047,14,5,9,1931,38.26035268476323,111,1096,589.8,1.4701960030932961,7.2981735313751575
7,31.111,4038087,2,10,15000,15.0,200,4.0,5047,14,4,10,1931,38.26035268476323,323,1096,709.5,1.6107921702871497,8.053283603289534
7,31.111,4038087,2,10,15000,15.0,200,5.0,5047,14,4,10,1931,38.26035268476323,323,1096,709.5,1.6107921702871497,8.053283603289534
7,31.111,4038087,2,10,15000,15.0,200,6.0,5047,14,4,10,1931,38.26035268476323,323,1096,709.5,1.6107921702871497,8.053283603289534
7,31.111,4038087,2,10,15000,15.0,300,4.0,5047,14,4,10,1931,38.26035268476323,323,1096,709.5,1.6107921702871497,8.053283603289534
7,31.111,4038087,2,10,15000,15.0,300,5.0,5047,14,4,10,1931,38.26035268476323,323,1096,709.5,1.6107921702871497,8.053283603289534
7,31.111,4038087,2,10,15000,15.0,300,6.0,5047,14,4,10,1931,38.26035268476323,323,1096,709.5,1.6107921702871497,8.053283603289534
7,31.111,4038087,2,10,20000,20.0,100,4.0,6695,20,5,15,2522,37.66990291262136,148,1468,779.4,1.4949585469866047,7.629711568535981
7,31.111,4038087,2,10,20000,20.0,100,5.0,6695,20,5,15,2522,37.66990291262136,148,1468,779.4,1.4949585469866047,7.629711568535981
7,31.111,4038087,2,10,20000,20.0,100,6.0,6695,20,5,15,2522,37.66990291262136,148,1468,779.4,1.4949585469866047,7.629711568535981
7,31.111,4038087,2,10,20000,20.0,200,4.0,6695,20,4,16,2522,37.66990291262136,402,1468,937.25,1.6261421443324253,8.120592416385685
7,31.111,4038087,2,10,20000,20.0,200,5.0,6695,20,4,16,2522,37.66990291262136,402,1468,937.25,1.6261421443324253,8.120592416385685
7,31.111,4038087,2,10,20000,20.0,200,6.0,6695,20,4,16,2522,37.66990291262136,402,1468,937.25,1.6261421443324253,8.120592416385685
7,31.111,4038087,2,10,20000,20.0,300,4.0,6695,20,4,16,2522,37.66990291262136,402,1468,937.25,1.6261421443324253,8.120592416385685
7,31.111,4038087,2,10,20000,20.0,300,5.0,6695,20,4,16,2522,37.66990291262136,402,1468,937.25,1.6261421443324253,8.120592416385685
7,31.111,4038087,2,10,20000,20.0,300,6.0,6695,20,4,16,2522,37.66990291262136,402,1468,937.25,1.6261421443324253,8.120592416385685
7,31.111,4038087,2,15,5000,5.0,100,4.0,1678,6,2,4,847,50.476758045292016,305,322,313.5,2.1107401942761093,6.245592950651012
7,31.111,4038087,2,15,5000,5.0,100,5.0,1678,6,2,4,847,50.476758045292016,305,322,313.5,2.1107401942761093,6.245592950651012
7,31.111,4038087,2,15,5000,5.0,100,6.0,1678,6,2,4,847,50.476758045292016,305,322,313.5,2.1107401942761093,6.245592950651012
7,31.111,4038087,2,15,5000,5.0,200,4.0,1678,6,2,4,847,50.476758045292016,305,322,313.5,2.1107401942761093,6.245592950651012
7,31.111,4038087,2,15,5000,5.0,200,5.0,1678,6,2,4,847,50.476758045292016,305,322,313.5,2.1107401942761093,6.245592950651012
7,31.111,4038087,2,15,5000,5.0,200,6.0,1678,6,2,4,847,50.476758045292016,305,322,313.5,2.1107401942761093,6.245592950651012
7,31.111,4038087,2,15,5000,5.0,300,4.0,1678,6,2,4,847,50.476758045292016,305,322,313.5,2.1107401942761093,6.245592950651012
7,31.111,4038087,2,15,5000,5.0,300,5.0,1678,6,2,4,847,50.476758045292016,305,322,313.5,2.1107401942761093,6.245592950651012
7,31.111,4038087,2,15,5000,5.0,300,6.0,1678,6,2,4,847,50.476758045292016,305,322,313.5,2.1107401942761093,6.245592950651012
7,31.111,4038087,2,15,10000,10.0,100,4.0,3412,9,3,6,1418,41.559202813599065,240,698,543.6666666666666,1.739390786119355,7.411604054500525
7,31.111,4038087,2,15,10000,10.0,100,5.0,3412,9,3,6,1418,41.559202813599065,240,698,543.6666666666666,1.739390786119355,7.411604054500525
7,31.111,4038087,2,15,10000,10.0,100,6.0,3412,9,3,6,1418,41.559202813599065,240,698,543.6666666666666,1.739390786119355,7.411604054500525
7,31.111,4038087,2,15,10000,10.0,200,4.0,3412,9,3,6,1418,41.559202813599065,240,698,543.6666666666666,1.739390786119355,7.411604054500525
7,31.111,4038087,2,15,10000,10.0,200,5.0,3412,9,3,6,1418,41.559202813599065,240,698,543.6666666666666,1.739390786119355,7.411604054500525
7,31.111,4038087,2,15,10000,10.0,200,6.0,3412,9,3,6,1418,41.559202813599065,240,698,543.6666666666666,1.739390786119355,7.411604054500525
7,31.111,4038087,2,15,10000,10.0,300,4.0,3412,9,2,7,1418,41.559202813599065,693,698,695.5,2.2059786752520747,7.819206472915351
7,31.111,4038087,2,15,10000,10.0,300,5.0,3412,9,2,7,1418,41.559202813599065,693,698,695.5,2.2059786752520747,7.819206472915351
7,31.111,4038087,2,15,10000,10.0,300,6.0,3412,9,2,7,1418,41.559202813599065,693,698,695.5,2.2059786752520747,7.819206472915351
7,31.111,4038087,2,15,15000,15.0,100,4.0,5047,6,5,1,2051,40.6380027739251,111,1096,589.2,1.4696960444341993,7.288026494850264
7,31.111,4038087,2,15,15000,15.0,100,5.0,5047,6,5,1,2051,40.6380027739251,111,1096,589.2,1.4696960444341993,7.288026494850264
7,31.111,4038087,2,15,15000,15.0,100,6.0,5047,6,5,1,2051,40.6380027739251,111,1096,589.2,1.4696960444341993,7.288026494850264
7,31.111,4038087,2,15,15000,15.0,200,4.0,5047,6,4,2,2051,40.6380027739251,323,1096,708.75,1.6101672219632788,8.040599807633418
7,31.111,4038087,2,15,15000,15.0,200,5.0,5047,6,4,2,2051,40.6380027739251,323,1096,708.75,1.6101672219632788,8.040599807633418
7,31.111,4038087,2,15,15000,15.0,200,6.0,5047,6,4,2,2051,40.6380027739251,323,1096,708.75,1.6101672219632788,8.040599807633418
7,31.111,4038087,2,15,15000,15.0,300,4.0,5047,6,4,2,2051,40.6380027739251,323,1096,708.75,1.6101672219632788,8.040599807633418
7,31.111,4038087,2,15,15000,15.0,300,5.0,5047,6,4,2,2051,40.6380027739251,323,1096,708.75,1.6101672219632788,8.040599807633418
7,31.111,4038087,2,15,15000,15.0,300,6.0,5047,6,4,2,2051,40.6380027739251,323,1096,708.75,1.6101672219632788,8.040599807633418
7,31.111,4038087,2,15,20000,20.0,100,4.0,6695,6,5,1,2735,40.85138162808066,148,1468,779.4,1.494958546986605,7.629711568535981
7,31.111,4038087,2,15,20000,20.0,100,5.0,6695,6,5,1,2735,40.85138162808066,148,1468,779.4,1.494958546986605,7.629711568535981
7,31.111,4038087,2,15,20000,20.0,100,6.0,6695,6,5,1,2735,40.85138162808066,148,1468,779.4,1.494958546986605,7.629711568535981
7,31.111,4038087,2,15,20000,20.0,200,4.0,6695,6,4,2,2735,40.85138162808066,402,1468,937.25,1.6261421443324253,8.120592416385685
7,31.111,4038087,2,15,20000,20.0,200,5.0,6695,6,4,2,2735,40.85138162808066,402,1468,937.25,1.6261421443324253,8.120592416385685
7,31.111,4038087,2,15,20000,20.0,200,6.0,6695,6,4,2,2735,40.85138162808066,402,1468,937.25,1.6261421443324253,8.120592416385685
7,31.111,4038087,2,15,20000,20.0,300,4.0,6695,6,4,2,2735,40.85138162808066,402,1468,937.25,1.6261421443324253,8.120592416385685
7,31.111,4038087,2,15,20000,20.0,300,5.0,6695,6,4,2,2735,40.85138162808066,402,1468,937.25,1.6261421443324253,8.120592416385685
7,31.111,4038087,2,15,20000,20.0,300,6.0,6695,6,4,2,2735,40.85138162808066,402,1468,937.25,1.6261421443324253,8.120592416385685
7,31.111,4038087,3,5,5000,5.0,100,4.0,1678,21,4,17,549,32.717520858164484,117,372,244.25,1.5893460488808413,9.002879047571122
7,31.111,4038087,3,5,5000,5.0,100,5.0,1678,21,4,17,549,32.717520858164484,117,372,244.25,1.5893460488808413,9.002879047571122
7,31.111,4038087,3,5,5000,5.0,100,6.0,1678,21,4,17,549,32.717520858164484,117,372,244.25,1.5893460488808413,9.002879047571122
7,31.111,4038087,3,5,5000,5.0,200,4.0,1678,21,2,19,549,32.717520858164484,349,372,360.5,2.1809073034037745,8.204632064239464
7,31.111,4038087,3,5,5000,5.0,200,5.0,1678,21,2,19,549,32.717520858164484,349,372,360.5,2.1809073034037745,8.204632064239464
7,31.111,4038087,3,5,5000,5.0,200,6.0,1678,21,2,19,549,32.717520858164484,349,372,360.5,2.1809073034037745,8.204632064239464
7,31.111,4038087,3,5,5000,5.0,300,4.0,1678,21,2,19,549,32.717520858164484,349,372,360.5,2.1809073034037745,8.204632064239464
7,31.111,4038087,3,5,5000,5.0,300,5.0,1678,21,2,19,549,32.717520858164484,349,372,360.5,2.1809073034037745,8.204632064239464
7,31.111,4038087,3,5,5000,5.0,300,6.0,1678,21,2,19,549,32.717520858164484,349,372,360.5,2.1809073034037745,8.204632064239464
7,31.111,4038087,3,5,10000,10.0,100,4.0,3412,72,4,68,877,25.703399765533412,236,732,486.75,1.5944878898702204,8.96015732280192
7,31.111,4038087,3,5,10000,10.0,100,5.0,3412,72,4,68,877,25.703399765533412,236,732,486.75,1.5944878898702204,8.96015732280192
7,31.111,4038087,3,5,10000,10.0,100,6.0,3412,72,4,68,877,25.703399765533412,236,732,486.75,1.5944878898702204,8.96015732280192
7,31.111,4038087,3,5,10000,10.0,200,4.0,3412,72,4,68,877,25.703399765533412,236,732,486.75,1.5944878898702204,8.96015732280192
7,31.111,4038087,3,5,10000,10.0,200,5.0,3412,72,4,68,877,25.703399765533412,236,732,486.75,1.5944878898702204,8.96015732280192
7,31.111,4038087,3,5,10000,10.0,200,6.0,3412,72,4,68,877,25.703399765533412,236,732,486.75,1.5944878898702204,8.96015732280192
7,31.111,4038087,3,5,10000,10.0,300,4.0,3412,72,2,70,877,25.703399765533412,697,732,714.5,2.202445900090957,8.252835253451195
7,31.111,4038087,3,5,10000,10.0,300,5.0,3412,72,2,70,877,25.703399765533412,697,732,714.5,2.202445900090957,8.252835253451195
7,31.111,4038087,3,5,10000,10.0,300,6.0,3412,72,2,70,877,25.703399765533412,697,732,714.5,2.202445900090957,8.252835253451195
7,31.111,4038087,3,5,15000,15.0,100,4.0,5047,123,5,118,996,19.73449574004359,111,1101,601.6,1.4712176946291167,7.781101460028947
7,31.111,4038087,3,5,15000,15.0,100,5.0,5047,123,5,118,996,19.73449574004359,111,1101,601.6,1.4712176946291167,7.781101460028947
7,31.111,4038087,3,5,15000,15.0,100,6.0,5047,123,5,118,996,19.73449574004359,111,1101,601.6,1.4712176946291167,7.781101460028947
7,31.111,4038087,3,5,15000,15.0,200,4.0,5047,123,4,119,996,19.73449574004359,324,1101,724.25,1.6120692847069256,8.656943514106771
7,31.111,4038087,3,5,15000,15.0,200,5.0,5047,123,4,119,996,19.73449574004359,324,1101,724.25,1.6120692847069256,8.656943514106771
7,31.111,4038087,3,5,15000,15.0,200,6.0,5047,123,4,119,996,19.73449574004359,324,1101,724.25,1.6120692847069256,8.656943514106771
7,31.111,4038087,3,5,15000,15.0,300,4.0,5047,123,4,119,996,19.73449574004359,324,1101,724.25,1.6120692847069256,8.656943514106771
7,31.111,4038087,3,5,15000,15.0,300,5.0,5047,123,4,119,996,19.73449574004359,324,1101,724.25,1.6120692847069256,8.656943514106771
7,31.111,4038087,3,5,15000,15.0,300,6.0,5047,123,4,119,996,19.73449574004359,324,1101,724.25,1.6120692847069256,8.656943514106771
7,31.111,4038087,3,5,20000,20.0,100,4.0,6695,172,5,167,970,14.488424197162061,148,1475,793.8,1.493737094876019,8.098967127157431
7,31.111,4038087,3,5,20000,20.0,100,5.0,6695,172,5,167,970,14.488424197162061,148,1475,793.8,1.493737094876019,8.098967127157431
7,31.111,4038087,3,5,20000,20.0,100,6.0,6695,172,5,167,970,14.488424197162061,148,1475,793.8,1.493737094876019,8.098967127157431
7,31.111,4038087,3,5,20000,20.0,200,4.0,6695,172,4,168,970,14.488424197162061,403,1475,955.25,1.624615329194193,8.707161864662497
7,31.111,4038087,3,5,20000,20.0,200,5.0,6695,172,4,168,970,14.488424197162061,403,1475,955.25,1.624615329194193,8.707161864662497
7,31.111,4038087,3,5,20000,20.0,200,6.0,6695,172,4,168,970,14.488424197162061,403,1475,955.25,1.624615329194193,8.707161864662497
7,31.111,4038087,3,5,20000,20.0,300,4.0,6695,172,4,168,970,14.488424197162061,403,1475,955.25,1.624615329194193,8.707161864662497
7,31.111,4038087,3,5,20000,20.0,300,5.0,6695,172,4,168,970,14.488424197162061,403,1475,955.25,1.624615329194193,8.707161864662497
7,31.111,4038087,3,5,20000,20.0,300,6.0,6695,172,4,168,970,14.488424197162061,403,1475,955.25,1.624615329194193,8.707161864662497
7,31.111,4038087,3,10,5000,5.0,100,4.0,1678,6,4,2,649,38.67699642431466,117,371,244.0,1.5900942804619331,8.985289866363127
7,31.111,4038087,3,10,5000,5.0,100,5.0,1678,6,4,2,649,38.67699642431466,117,371,244.0,1.5900942804619331,8.985289866363127
7,31.111,4038087,3,10,5000,5.0,100,6.0,1678,6,4,2,649,38.67699642431466,117,371,244.0,1.5900942804619331,8.985289866363127
7,31.111,4038087,3,10,5000,5.0,200,4.0,1678,6,2,4,649,38.67699642431466,349,371,360.0,2.182403766565958,8.169453701823475
7,31.111,4038087,3,10,5000,5.0,200,5.0,1678,6,2,4,649,38.67699642431466,349,371,360.0,2.182403766565958,8.169453701823475
7,31.111,4038087,3,10,5000,5.0,200,6.0,1678,6,2,4,649,38.67699642431466,349,371,360.0,2.182403766565958,8.169453701823475
7,31.111,4038087,3,10,5000,5.0,300,4.0,1678,6,2,4,649,38.67699642431466,349,371,360.0,2.182403766565958,8.169453701823475
7,31.111,4038087,3,10,5000,5.0,300,5.0,1678,6,2,4,649,38.67699642431466,349,371,360.0,2.182403766565958,8.169453701823475
7,31.111,4038087,3,10,5000,5.0,300,6.0,1678,6,2,4,649,38.67699642431466,349,371,360.0,2.182403766565958,8.169453701823475
7,31.111,4038087,3,10,10000,10.0,100,4.0,3412,14,4,10,1275,37.36811254396248,236,731,486.5,1.5948765116393075,8.951358355562338
7,31.111,4038087,3,10,10000,10.0,100,5.0,3412,14,4,10,1275,37.36811254396248,236,731,486.5,1.5948765116393075,8.951358355562338
7,31.111,4038087,3,10,10000,10.0,100,6.0,3412,14,4,10,1275,37.36811254396248,236,731,486.5,1.5948765116393075,8.951358355562338
7,31.111,4038087,3,10,10000,10.0,200,4.0,3412,14,4,10,1275,37.36811254396248,236,731,486.5,1.5948765116393075,8.951358355562338
7,31.111,4038087,3,10,10000,10.0,200,5.0,3412,14,4,10,1275,37.36811254396248,236,731,486.5,1.5948765116393075,8.951358355562338
7,31.111,4038087,3,10,10000,10.0,200,6.0,3412,14,4,10,1275,37.36811254396248,236,731,486.5,1.5948765116393075,8.951358355562338
7,31.111,4038087,3,10,10000,10.0,300,4.0,3412,14,2,12,1275,37.36811254396248,697,731,714.0,2.203223143629131,8.235237318972032
7,31.111,4038087,3,10,10000,10.0,300,5.0,3412,14,2,12,1275,37.36811254396248,697,731,714.0,2.203223143629131,8.235237318972032
7,31.111,4038087,3,10,10000,10.0,300,6.0,3412,14,2,12,1275,37.36811254396248,697,731,714.0,2.203223143629131,8.235237318972032
7,31.111,4038087,3,10,15000,15.0,100,4.0,5047,25,5,20,1750,34.674063800277395,111,1101,601.6,1.4712176946291167,7.781101460028947
7,31.111,4038087,3,10,15000,15.0,100,5.0,5047,25,5,20,1750,34.674063800277395,111,1101,601.6,1.4712176946291167,7.781101460028947
7,31.111,4038087,3,10,15000,15.0,100,6.0,5047,25,5,20,1750,34.674063800277395,111,1101,601.6,1.4712176946291167,7.781101460028947
7,31.111,4038087,3,10,15000,15.0,200,4.0,5047,25,4,21,1750,34.674063800277395,324,1101,724.25,1.6120692847069256,8.656943514106771
7,31.111,4038087,3,10,15000,15.0,200,5.0,5047,25,4,21,1750,34.674063800277395,324,1101,724.25,1.6120692847069256,8.656943514106771
7,31.111,4038087,3,10,15000,15.0,200,6.0,5047,25,4,21,1750,34.674063800277395,324,1101,724.25,1.6120692847069256,8.656943514106771
7,31.111,4038087,3,10,15000,15.0,300,4.0,5047,25,4,21,1750,34.674063800277395,324,1101,724.25,1.6120692847069256,8.656943514106771
7,31.111,4038087,3,10,15000,15.0,300,5.0,5047,25,4,21,1750,34.674063800277395,324,1101,724.25,1.6120692847069256,8.656943514106771
7,31.111,4038087,3,10,15000,15.0,300,6.0,5047,25,4,21,1750,34.674063800277395,324,1101,724.25,1.6120692847069256,8.656943514106771
7,31.111,4038087,3,10,20000,20.0,100,4.0,6695,49,5,44,2050,30.61986557132188,148,1475,793.8,1.493737094876019,8.098967127157431
7,31.111,4038087,3,10,20000,20.0,100,5.0,6695,49,5,44,2050,30.61986557132188,148,1475,793.8,1.493737094876019,8.098967127157431
7,31.111,4038087,3,10,20000,20.0,100,6.0,6695,49,5,44,2050,30.61986557132188,148,1475,793.8,1.493737094876019,8.098967127157431
7,31.111,4038087,3,10,20000,20.0,200,4.0,6695,49,4,45,2050,30.61986557132188,403,1475,955.25,1.624615329194193,8.707161864662497
7,31.111,4038087,3,10,20000,20.0,200,5.0,6695,49,4,45,2050,30.61986557132188,403,1475,955.25,1.624615329194193,8.707161864662497
7,31.111,4038087,3,10,20000,20.0,200,6.0,6695,49,4,45,2050,30.61986557132188,403,1475,955.25,1.624615329194193,8.707161864662497
7,31.111,4038087,3,10,20000,20.0,300,4.0,6695,49,4,45,2050,30.61986557132188,403,1475,955.25,1.624615329194193,8.707161864662497
7,31.111,4038087,3,10,20000,20.0,300,5.0,6695,49,4,45,2050,30.61986557132188,403,1475,955.25,1.624615329194193,8.707161864662497
7,31.111,4038087,3,10,20000,20.0,300,6.0,6695,49,4,45,2050,30.61986557132188,403,1475,955.25,1.624615329194193,8.707161864662497
7,31.111,4038087,3,15,5000,5.0,100,4.0,1678,7,3,4,684,40.76281287246722,106,365,273.3333333333333,1.72435577526919,6.971195572558123
7,31.111,4038087,3,15,5000,5.0,100,5.0,1678,7,3,4,684,40.76281287246722,106,365,273.3333333333333,1.72435577526919,6.971195572558123
7,31.111,4038087,3,15,5000,5.0,100,6.0,1678,7,3,4,684,40.76281287246722,106,365,273.3333333333333,1.72435577526919,6.971195572558123
7,31.111,4038087,3,15,5000,5.0,200,4.0,1678,7,2,5,684,40.76281287246722,349,365,357.0,2.178794365074081,8.000862807371915
7,31.111,4038087,3,15,5000,5.0,200,5.0,1678,7,2,5,684,40.76281287246722,349,365,357.0,2.178794365074081,8.000862807371915
7,31.111,4038087,3,15,5000,5.0,200,6.0,1678,7,2,5,684,40.76281287246722,349,365,357.0,2.178794365074081,8.000862807371915
7,31.111,4038087,3,15,5000,5.0,300,4.0,1678,7,2,5,684,40.76281287246722,349,365,357.0,2.178794365074081,8.000862807371915
7,31.111,4038087,3,15,5000,5.0,300,5.0,1678,7,2,5,684,40.76281287246722,349,365,357.0,2.178794365074081,8.000862807371915
7,31.111,4038087,3,15,5000,5.0,300,6.0,1678,7,2,5,684,40.76281287246722,349,365,357.0,2.178794365074081,8.000862807371915
7,31.111,4038087,3,15,10000,10.0,100,4.0,3412,6,4,2,1382,40.50410316529894,236,729,486.0,1.5956518909170534,8.933490667393723
7,31.111,4038087,3,15,10000,10.0,100,5.0,3412,6,4,2,1382,40.50410316529894,236,729,486.0,1.5956518909170534,8.933490667393723
7,31.111,4038087,3,15,10000,10.0,100,6.0,3412,6,4,2,1382,40.50410316529894,236,729,486.0,1.5956518909170534,8.933490667393723
7,31.111,4038087,3,15,10000,10.0,200,4.0,3412,6,4,2,1382,40.50410316529894,236,729,486.0,1.5956518909170534,8.933490667393723
7,31.111,4038087,3,15,10000,10.0,200,5.0,3412,6,4,2,1382,40.50410316529894,236,729,486.0,1.5956518909170534,8.933490667393723
7,31.111,4038087,3,15,10000,10.0,200,6.0,3412,6,4,2,1382,40.50410316529894,236,729,486.0,1.5956518909170534,8.933490667393723
7,31.111,4038087,3,15,10000,10.0,300,4.0,3412,6,2,4,1382,40.50410316529894,697,729,713.0,2.204773902184623,8.199501942634804
7,31.111,4038087,3,15,10000,10.0,300,5.0,3412,6,2,4,1382,40.50410316529894,697,729,713.0,2.204773902184623,8.199501942634804
7,31.111,4038087,3,15,10000,10.0,300,6.0,3412,6,2,4,1382,40.50410316529894,697,729,713.0,2.204773902184623,8.199501942634804
7,31.111,4038087,3,15,15000,15.0,100,4.0,5047,9,5,4,1958,38.795323954824646,111,1101,601.6,1.4712176946291167,7.781101460028947
7,31.111,4038087,3,15,15000,15.0,100,5.0,5047,9,5,4,1958,38.795323954824646,111,1101,601.6,1.4712176946291167,7.781101460028947
7,31.111,4038087,3,15,15000,15.0,100,6.0,5047,9,5,4,1958,38.795323954824646,111,1101,601.6,1.4712176946291167,7.781101460028947
7,31.111,4038087,3,15,15000,15.0,200,4.0,5047,9,4,5,1958,38.795323954824646,324,1101,724.25,1.6120692847069256,8.656943514106771
7,31.111,4038087,3,15,15000,15.0,200,5.0,5047,9,4,5,1958,38.795323954824646,324,1101,724.25,1.6120692847069256,8.656943514106771
7,31.111,4038087,3,15,15000,15.0,200,6.0,5047,9,4,5,1958,38.795323954824646,324,1101,724.25,1.6120692847069256,8.656943514106771
7,31.111,4038087,3,15,15000,15.0,300,4.0,5047,9,4,5,1958,38.795323954824646,324,1101,724.25,1.6120692847069256,8.656943514106771
7,31.111,4038087,3,15,15000,15.0,300,5.0,5047,9,4,5,1958,38.795323954824646,324,1101,724.25,1.6120692847069256,8.656943514106771
7,31.111,4038087,3,15,15000,15.0,300,6.0,5047,9,4,5,1958,38.795323954824646,324,1101,724.25,1.6120692847069256,8.656943514106771
7,31.111,4038087,3,15,20000,20.0,100,4.0,6695,13,5,8,2559,38.22255414488424,148,1475,793.8,1.493737094876019,8.098967127157431
7,31.111,4038087,3,15,20000,20.0,100,5.0,6695,13,5,8,2559,38.22255414488424,148,1475,793.8,1.493737094876019,8.098967127157431
7,31.111,4038087,3,15,20000,20.0,100,6.0,6695,13,5,8,2559,38.22255414488424,148,1475,793.8,1.493737094876019,8.098967127157431
7,31.111,4038087,3,15,20000,20.0,200,4.0,6695,13,4,9,2559,38.22255414488424,403,1475,955.25,1.624615329194193,8.707161864662497
7,31.111,4038087,3,15,20000,20.0,200,5.0,6695,13,4,9,2559,38.22255414488424,403,1475,955.25,1.624615329194193,8.707161864662497
7,31.111,4038087,3,15,20000,20.0,200,6.0,6695,13,4,9,2559,38.22255414488424,403,1475,955.25,1.624615329194193,8.707161864662497
7,31.111,4038087,3,15,20000,20.0,300,4.0,6695,13,4,9,2559,38.22255414488424,403,1475,955.25,1.624615329194193,8.707161864662497
7,31.111,4038087,3,15,20000,20.0,300,5.0,6695,13,4,9,2559,38.22255414488424,403,1475,955.25,1.624615329194193,8.707161864662497
7,31.111,4038087,3,15,20000,20.0,300,6.0,6695,13,4,9,2559,38.22255414488424,403,1475,955.25,1.624615329194193,8.707161864662497
7,31.111,4038087,4,5,5000,5.0,100,4.0,1678,25,4,21,521,31.048867699642432,117,372,244.25,1.5893460488808413,9.002879047571122
7,31.111,4038087,4,5,5000,5.0,100,5.0,1678,25,4,21,521,31.048867699642432,117,372,244.25,1.5893460488808413,9.002879047571122
7,31.111,4038087,4,5,5000,5.0,100,6.0,1678,25,4,21,521,31.048867699642432,117,372,244.25,1.5893460488808413,9.002879047571122
7,31.111,4038087,4,5,5000,5.0,200,4.0,1678,25,2,23,521,31.048867699642432,349,372,360.5,2.1809073034037745,8.204632064239464
7,31.111,4038087,4,5,5000,5.0,200,5.0,1678,25,2,23,521,31.048867699642432,349,372,360.5,2.1809073034037745,8.204632064239464
7,31.111,4038087,4,5,5000,5.0,200,6.0,1678,25,2,23,521,31.048867699642432,349,372,360.5,2.1809073034037745,8.204632064239464
7,31.111,4038087,4,5,5000,5.0,300,4.0,1678,25,2,23,521,31.048867699642432,349,372,360.5,2.1809073034037745,8.204632064239464
7,31.111,4038087,4,5,5000,5.0,300,5.0,1678,25,2,23,521,31.048867699642432,349,372,360.5,2.1809073034037745,8.204632064239464
7,31.111,4038087,4,5,5000,5.0,300,6.0,1678,25,2,23,521,31.048867699642432,349,372,360.5,2.1809073034037745,8.204632064239464
7,31.111,4038087,4,5,10000,10.0,100,4.0,3412,83,4,79,696,20.398593200468934,236,732,486.75,1.5944878898702204,8.96015732280192
7,31.111,4038087,4,5,10000,10.0,100,5.0,3412,83,4,79,696,20.398593200468934,236,732,486.75,1.5944878898702204,8.96015732280192
7,31.111,4038087,4,5,10000,10.0,100,6.0,3412,83,4,79,696,20.398593200468934,236,732,486.75,1.5944878898702204,8.96015732280192
7,31.111,4038087,4,5,10000,10.0,200,4.0,3412,83,4,79,696,20.398593200468934,236,732,486.75,1.5944878898702204,8.96015732280192
7,31.111,4038087,4,5,10000,10.0,200,5.0,3412,83,4,79,696,20.398593200468934,236,732,486.75,1.5944878898702204,8.96015732280192
7,31.111,4038087,4,5,10000,10.0,200,6.0,3412,83,4,79,696,20.398593200468934,236,732,486.75,1.5944878898702204,8.96015732280192
7,31.111,4038087,4,5,10000,10.0,300,4.0,3412,83,2,81,696,20.398593200468934,697,732,714.5,2.202445900090957,8.252835253451195
7,31.111,4038087,4,5,10000,10.0,300,5.0,3412,83,2,81,696,20.398593200468934,697,732,714.5,2.202445900090957,8.252835253451195
7,31.111,4038087,4,5,10000,10.0,300,6.0,3412,83,2,81,696,20.398593200468934,697,732,714.5,2.202445900090957,8.252835253451195
7,31.111,4038087,4,5,15000,15.0,100,4.0,5047,127,5,122,660,13.077075490390332,111,1101,601.6,1.4712176946291167,7.781101460028947
7,31.111,4038087,4,5,15000,15.0,100,5.0,5047,127,5,122,660,13.077075490390332,111,1101,601.6,1.4712176946291167,7.781101460028947
7,31.111,4038087,4,5,15000,15.0,100,6.0,5047,127,5,122,660,13.077075490390332,111,1101,601.6,1.4712176946291167,7.781101460028947
7,31.111,4038087,4,5,15000,15.0,200,4.0,5047,127,4,123,660,13.077075490390332,324,1101,724.25,1.6120692847069256,8.656943514106771
7,31.111,4038087,4,5,15000,15.0,200,5.0,5047,127,4,123,660,13.077075490390332,324,1101,724.25,1.6120692847069256,8.656943514106771
7,31.111,4038087,4,5,15000,15.0,200,6.0,5047,127,4,123,660,13.077075490390332,324,1101,724.25,1.6120692847069256,8.656943514106771
7,31.111,4038087,4,5,15000,15.0,300,4.0,5047,127,4,123,660,13.077075490390332,324,1101,724.25,1.6120692847069256,8.656943514106771
7,31.111,4038087,4,5,15000,15.0,300,5.0,5047,127,4,123,660,13.077075490390332,324,1101,724.25,1.6120692847069256,8.656943514106771
7,31.111,4038087,4,5,15000,15.0,300,6.0,5047,127,4,123,660,13.077075490390332,324,1101,724.25,1.6120692847069256,8.656943514106771
7,31.111,4038087,4,5,20000,20.0,100,4.0,6695,153,5,148,626,9.35026138909634,148,1475,793.8,1.493737094876019,8.098967127157431
7,31.111,4038087,4,5,20000,20.0,100,5.0,6695,153,5,148,626,9.35026138909634,148,1475,793.8,1.493737094876019,8.098967127157431
7,31.111,4038087,4,5,20000,20.0,100,6.0,6695,153,5,148,626,9.35026138909634,148,1475,793.8,1.493737094876019,8.098967127157431
7,31.111,4038087,4,5,20000,20.0,200,4.0,6695,153,4,149,626,9.35026138909634,403,1475,955.25,1.624615329194193,8.707161864662497
7,31.111,4038087,4,5,20000,20.0,200,5.0,6695,153,4,149,626,9.35026138909634,403,1475,955.25,1.624615329194193,8.707161864662497
7,31.111,4038087,4,5,20000,20.0,200,6.0,6695,153,4,149,626,9.35026138909634,403,1475,955.25,1.624615329194193,8.707161864662497
7,31.111,4038087,4,5,20000,20.0,300,4.0,6695,153,4,149,626,9.35026138909634,403,1475,955.25,1.624615329194193,8.707161864662497
7,31.111,4038087,4,5,20000,20.0,300,5.0,6695,153,4,149,626,9.35026138909634,403,1475,955.25,1.624615329194193,8.707161864662497
7,31.111,4038087,4,5,20000,20.0,300,6.0,6695,153,4,149,626,9.35026138909634,403,1475,955.25,1.624615329194193,8.707161864662497
7,31.111,4038087,4,10,5000,5.0,100,4.0,1678,7,4,3,637,37.961859356376635,117,371,244.0,1.5900942804619331,8.985289866363127
7,31.111,4038087,4,10,5000,5.0,100,5.0,1678,7,4,3,637,37.961859356376635,117,371,244.0,1.5900942804619331,8.985289866363127
7,31.111,4038087,4,10,5000,5.0,100,6.0,1678,7,4,3,637,37.961859356376635,117,371,244.0,1.5900942804619331,8.985289866363127
7,31.111,4038087,4,10,5000,5.0,200,4.0,1678,7,2,5,637,37.961859356376635,349,371,360.0,2.182403766565958,8.169453701823475
7,31.111,4038087,4,10,5000,5.0,200,5.0,1678,7,2,5,637,37.961859356376635,349,371,360.0,2.182403766565958,8.169453701823475
7,31.111,4038087,4,10,5000,5.0,200,6.0,1678,7,2,5,637,37.961859356376635,349,371,360.0,2.182403766565958,8.169453701823475
7,31.111,4038087,4,10,5000,5.0,300,4.0,1678,7,2,5,637,37.961859356376635,349,371,360.0,2.182403766565958,8.169453701823475
7,31.111,4038087,4,10,5000,5.0,300,5.0,1678,7,2,5,637,37.961859356376635,349,371,360.0,2.182403766565958,8.169453701823475
7,31.111,4038087,4,10,5000,5.0,300,6.0,1678,7,2,5,637,37.961859356376635,349,371,360.0,2.182403766565958,8.169453701823475
7,31.111,4038087,4,10,10000,10.0,100,4.0,3412,18,4,14,1210,35.4630715123095,236,732,486.75,1.5944878898702204,8.96015732280192
7,31.111,4038087,4,10,10000,10.0,100,5.0,3412,18,4,14,1210,35.4630715123095,236,732,486.75,1.5944878898702204,8.96015732280192
7,31.111,4038087,4,10,10000,10.0,100,6.0,3412,18,4,14,1210,35.4630715123095,236,732,486.75,1.5944878898702204,8.96015732280192
7,31.111,4038087,4,10,10000,10.0,200,4.0,3412,18,4,14,1210,35.4630715123095,236,732,486.75,1.5944878898702204,8.96015732280192
7,31.111,4038087,4,10,10000,10.0,200,5.0,3412,18,4,14,1210,35.4630715123095,236,732,486.75,1.5944878898702204,8.96015732280192
7,31.111,4038087,4,10,10000,10.0,200,6.0,3412,18,4,14,1210,35.4630715123095,236,732,486.75,1.5944878898702204,8.96015732280192
7,31.111,4038087,4,10,10000,10.0,300,4.0,3412,18,2,16,1210,35.4630715123095,697,732,714.5,2.202445900090957,8.252835253451195
7,31.111,4038087,4,10,10000,10.0,300,5.0,3412,18,2,16,1210,35.4630715123095,697,732,714.5,2.202445900090957,8.252835253451195
7,31.111,4038087,4,10,10000,10.0,300,6.0,3412,18,2,16,1210,35.4630715123095,697,732,714.5,2.202445900090957,8.252835253451195
7,31.111,4038087,4,10,15000,15.0,100,4.0,5047,33,5,28,1586,31.424608678422825,111,1101,601.6,1.4712176946291167,7.781101460028947
7,31.111,4038087,4,10,15000,15.0,100,5.0,5047,33,5,28,1586,31.424608678422825,111,1101,601.6,1.4712176946291167,7.781101460028947
7,31.111,4038087,4,10,15000,15.0,100,6.0,5047,33,5,28,1586,31.424608678422825,111,1101,601.6,1.4712176946291167,7.781101460028947
7,31.111,4038087,4,10,15000,15.0,200,4.0,5047,33,4,29,1586,31.424608678422825,324,1101,724.25,1.6120692847069256,8.656943514106771
7,31.111,4038087,4,10,15000,15.0,200,5.0,5047,33,4,29,1586,31.424608678422825,324,1101,724.25,1.6120692847069256,8.656943514106771
7,31.111,4038087,4,10,15000,15.0,200,6.0,5047,33,4,29,1586,31.424608678422825,324,1101,724.25,1.6120692847069256,8.656943514106771
7,31.111,4038087,4,10,15000,15.0,300,4.0,5047,33,4,29,1586,31.424608678422825,324,1101,724.25,1.6120692847069256,8.656943514106771
7,31.111,4038087,4,10,15000,15.0,300,5.0,5047,33,4,29,1586,31.424608678422825,324,1101,724.25,1.6120692847069256,8.656943514106771
7,31.111,4038087,4,10,15000,15.0,300,6.0,5047,33,4,29,1586,31.424608678422825,324,1101,724.25,1.6120692847069256,8.656943514106771
7,31.111,4038087,4,10,20000,20.0,100,4.0,6695,64,5,59,1668,24.91411501120239,148,1475,793.8,1.493737094876019,8.098967127157431
7,31.111,4038087,4,10,20000,20.0,100,5.0,6695,64,5,59,1668,24.91411501120239,148,1475,793.8,1.493737094876019,8.098967127157431
7,31.111,4038087,4,10,20000,20.0,100,6.0,6695,64,5,59,1668,24.91411501120239,148,1475,793.8,1.493737094876019,8.098967127157431
7,31.111,4038087,4,10,20000,20.0,200,4.0,6695,64,4,60,1668,24.91411501120239,403,1475,955.25,1.624615329194193,8.707161864662497
7,31.111,4038087,4,10,20000,20.0,200,5.0,6695,64,4,60,1668,24.91411501120239,403,1475,955.25,1.624615329194193,8.707161864662497
7,31.111,4038087,4,10,20000,20.0,200,6.0,6695,64,4,60,1668,24.91411501120239,403,1475,955.25,1.624615329194193,8.707161864662497
7,31.111,4038087,4,10,20000,20.0,300,4.0,6695,64,4,60,1668,24.91411501120239,403,1475,955.25,1.624615329194193,8.707161864662497
7,31.111,4038087,4,10,20000,20.0,300,5.0,6695,64,4,60,1668,24.91411501120239,403,1475,955.25,1.624615329194193,8.707161864662497
7,31.111,4038087,4,10,20000,20.0,300,6.0,6695,64,4,60,1668,24.91411501120239,403,1475,955.25,1.624615329194193,8.707161864662497
7,31.111,4038087,4,15,5000,5.0,100,4.0,1678,5,4,1,663,39.51132300357568,117,371,244.0,1.5900942804619331,8.985289866363127
7,31.111,4038087,4,15,5000,5.0,100,5.0,1678,5,4,1,663,39.51132300357568,117,371,244.0,1.5900942804619331,8.985289866363127
7,31.111,4038087,4,15,5000,5.0,100,6.0,1678,5,4,1,663,39.51132300357568,117,371,244.0,1.5900942804619331,8.985289866363127
7,31.111,4038087,4,15,5000,5.0,200,4.0,1678,5,2,3,663,39.51132300357568,349,371,360.0,2.182403766565958,8.169453701823475
7,31.111,4038087,4,15,5000,5.0,200,5.0,1678,5,2,3,663,39.51132300357568,349,371,360.0,2.182403766565958,8.169453701823475
7,31.111,4038087,4,15,5000,5.0,200,6.0,1678,5,2,3,663,39.51132300357568,349,371,360.0,2.182403766565958,8.169453701823475
7,31.111,4038087,4,15,5000,5.0,300,4.0,1678,5,2,3,663,39.51132300357568,349,371,360.0,2.182403766565958,8.169453701823475
7,31.111,4038087,4,15,5000,5.0,300,5.0,1678,5,2,3,663,39.51132300357568,349,371,360.0,2.182403766565958,8.169453701823475
7,31.111,4038087,4,15,5000,5.0,300,6.0,1678,5,2,3,663,39.51132300357568,349,371,360.0,2.182403766565958,8.169453701823475
7,31.111,4038087,4,15,10000,10.0,100,4.0,3412,9,4,5,1331,39.009378663540446,236,732,486.75,1.5944878898702204,8.96015732280192
7,31.111,4038087,4,15,10000,10.0,100,5.0,3412,9,4,5,1331,39.009378663540446,236,732,486.75,1.5944878898702204,8.96015732280192
7,31.111,4038087,4,15,10000,10.0,100,6.0,3412,9,4,5,1331,39.009378663540446,236,732,486.75,1.5944878898702204,8.96015732280192
7,31.111,4038087,4,15,10000,10.0,200,4.0,3412,9,4,5,1331,39.009378663540446,236,732,486.75,1.5944878898702204,8.96015732280192
7,31.111,4038087,4,15,10000,10.0,200,5.0,3412,9,4,5,1331,39.009378663540446,236,732,486.75,1.5944878898702204,8.96015732280192
7,31.111,4038087,4,15,10000,10.0,200,6.0,3412,9,4,5,1331,39.009378663540446,236,732,486.75,1.5944878898702204,8.96015732280192
7,31.111,4038087,4,15,10000,10.0,300,4.0,3412,9,2,7,1331,39.009378663540446,697,732,714.5,2.202445900090957,8.252835253451195
7,31.111,4038087,4,15,10000,10.0,300,5.0,3412,9,2,7,1331,39.009378663540446,697,732,714.5,2.202445900090957,8.252835253451195
7,31.111,4038087,4,15,10000,10.0,300,6.0,3412,9,2,7,1331,39.009378663540446,697,732,714.5,2.202445900090957,8.252835253451195
7,31.111,4038087,4,15,15000,15.0,100,4.0,5047,13,5,8,1877,37.19041014464038,111,1101,601.6,1.4712176946291167,7.781101460028947
7,31.111,4038087,4,15,15000,15.0,100,5.0,5047,13,5,8,1877,37.19041014464038,111,1101,601.6,1.4712176946291167,7.781101460028947
7,31.111,4038087,4,15,15000,15.0,100,6.0,5047,13,5,8,1877,37.19041014464038,111,1101,601.6,1.4712176946291167,7.781101460028947
7,31.111,4038087,4,15,15000,15.0,200,4.0,5047,13,4,9,1877,37.19041014464038,324,1101,724.25,1.6120692847069256,8.656943514106771
7,31.111,4038087,4,15,15000,15.0,200,5.0,5047,13,4,9,1877,37.19041014464038,324,1101,724.25,1.6120692847069256,8.656943514106771
7,31.111,4038087,4,15,15000,15.0,200,6.0,5047,13,4,9,1877,37.19041014464038,324,1101,724.25,1.6120692847069256,8.656943514106771
7,31.111,4038087,4,15,15000,15.0,300,4.0,5047,13,4,9,1877,37.19041014464038,324,1101,724.25,1.6120692847069256,8.656943514106771
7,31.111,4038087,4,15,15000,15.0,300,5.0,5047,13,4,9,1877,37.19041014464038,324,1101,724.25,1.6120692847069256,8.656943514106771
7,31.111,4038087,4,15,15000,15.0,300,6.0,5047,13,4,9,1877,37.19041014464038,324,1101,724.25,1.6120692847069256,8.656943514106771
7,31.111,4038087,4,15,20000,20.0,100,4.0,6695,28,5,23,2243,33.5026138909634,148,1475,793.8,1.493737094876019,8.098967127157431
7,31.111,4038087,4,15,20000,20.0,100,5.0,6695,28,5,23,2243,33.5026138909634,148,1475,793.8,1.493737094876019,8.098967127157431
7,31.111,4038087,4,15,20000,20.0,100,6.0,6695,28,5,23,2243,33.5026138909634,148,1475,793.8,1.493737094876019,8.098967127157431
7,31.111,4038087,4,15,20000,20.0,200,4.0,6695,28,4,24,2243,33.5026138909634,403,1475,955.25,1.624615329194193,8.707161864662497
7,31.111,4038087,4,15,20000,20.0,200,5.0,6695,28,4,24,2243,33.5026138909634,403,1475,955.25,1.624615329194193,8.707161864662497
7,31.111,4038087,4,15,20000,20.0,200,6.0,6695,28,4,24,2243,33.5026138909634,403,1475,955.25,1.624615329194193,8.707161864662497
7,31.111,4038087,4,15,20000,20.0,300,4.0,6695,28,4,24,2243,33.5026138909634,403,1475,955.25,1.624615329194193,8.707161864662497
7,31.111,4038087,4,15,20000,20.0,300,5.0,6695,28,4,24,2243,33.5026138909634,403,1475,955.25,1.624615329194193,8.707161864662497
7,31.111,4038087,4,15,20000,20.0,300,6.0,6695,28,4,24,2243,33.5026138909634,403,1475,955.25,1.624615329194193,8.707161864662497
7,31.111,4038087,5,5,5000,5.0,100,4.0,1678,32,4,28,442,26.34088200238379,117,372,244.25,1.5893460488808413,9.002879047571122
7,31.111,4038087,5,5,5000,5.0,100,5.0,1678,32,4,28,442,26.34088200238379,117,372,244.25,1.5893460488808413,9.002879047571122
7,31.111,4038087,5,5,5000,5.0,100,6.0,1678,32,4,28,442,26.34088200238379,117,372,244.25,1.5893460488808413,9.002879047571122
7,31.111,4038087,5,5,5000,5.0,200,4.0,1678,32,2,30,442,26.34088200238379,349,372,360.5,2.1809073034037745,8.204632064239464
7,31.111,4038087,5,5,5000,5.0,200,5.0,1678,32,2,30,442,26.34088200238379,349,372,360.5,2.1809073034037745,8.204632064239464
7,31.111,4038087,5,5,5000,5.0,200,6.0,1678,32,2,30,442,26.34088200238379,349,372,360.5,2.1809073034037745,8.204632064239464
7,31.111,4038087,5,5,5000,5.0,300,4.0,1678,32,2,30,442,26.34088200238379,349,372,360.5,2.1809073034037745,8.204632064239464
7,31.111,4038087,5,5,5000,5.0,300,5.0,1678,32,2,30,442,26.34088200238379,349,372,360.5,2.1809073034037745,8.204632064239464
7,31.111,4038087,5,5,5000,5.0,300,6.0,1678,32,2,30,442,26.34088200238379,349,372,360.5,2.1809073034037745,8.204632064239464
7,31.111,4038087,5,5,10000,10.0,100,4.0,3412,84,4,80,470,13.774912075029308,236,732,486.75,1.5944878898702204,8.96015732280192
7,31.111,4038087,5,5,10000,10.0,100,5.0,3412,84,4,80,470,13.774912075029308,236,732,486.75,1.5944878898702204,8.96015732280192
7,31.111,4038087,5,5,10000,10.0,100,6.0,3412,84,4,80,470,13.774912075029308,236,732,486.75,1.5944878898702204,8.96015732280192
7,31.111,4038087,5,5,10000,10.0,200,4.0,3412,84,4,80,470,13.774912075029308,236,732,486.75,1.5944878898702204,8.96015732280192
7,31.111,4038087,5,5,10000,10.0,200,5.0,3412,84,4,80,470,13.774912075029308,236,732,486.75,1.5944878898702204,8.96015732280192
7,31.111,4038087,5,5,10000,10.0,200,6.0,3412,84,4,80,470,13.774912075029308,236,732,486.75,1.5944878898702204,8.96015732280192
7,31.111,4038087,5,5,10000,10.0,300,4.0,3412,84,2,82,470,13.774912075029308,697,732,714.5,2.202445900090957,8.252835253451195
7,31.111,4038087,5,5,10000,10.0,300,5.0,3412,84,2,82,470,13.774912075029308,697,732,714.5,2.202445900090957,8.252835253451195
7,31.111,4038087,5,5,10000,10.0,300,6.0,3412,84,2,82,470,13.774912075029308,697,732,714.5,2.202445900090957,8.252835253451195
7,31.111,4038087,5,5,15000,15.0,100,4.0,5047,104,5,99,408,8.084010303150386,111,1101,601.6,1.4712176946291167,7.781101460028947
7,31.111,4038087,5,5,15000,15.0,100,5.0,5047,104,5,99,408,8.084010303150386,111,1101,601.6,1.4712176946291167,7.781101460028947
7,31.111,4038087,5,5,15000,15.0,100,6.0,5047,104,5,99,408,8.084010303150386,111,1101,601.6,1.4712176946291167,7.781101460028947
7,31.111,4038087,5,5,15000,15.0,200,4.0,5047,104,4,100,408,8.084010303150386,324,1101,724.25,1.6120692847069256,8.656943514106771
7,31.111,4038087,5,5,15000,15.0,200,5.0,5047,104,4,100,408,8.084010303150386,324,1101,724.25,1.6120692847069256,8.656943514106771
7,31.111,4038087,5,5,15000,15.0,200,6.0,5047,104,4,100,408,8.084010303150386,324,1101,724.25,1.6120692847069256,8.656943514106771
7,31.111,4038087,5,5,15000,15.0,300,4.0,5047,104,4,100,408,8.084010303150386,324,1101,724.25,1.6120692847069256,8.656943514106771
7,31.111,4038087,5,5,15000,15.0,300,5.0,5047,104,4,100,408,8.084010303150386,324,1101,724.25,1.6120692847069256,8.656943514106771
7,31.111,4038087,5,5,15000,15.0,300,6.0,5047,104,4,100,408,8.084010303150386,324,1101,724.25,1.6120692847069256,8.656943514106771
7,31.111,4038087,5,5,20000,20.0,100,4.0,6695,104,5,99,339,5.063480209111277,148,1475,793.8,1.493737094876019,8.098967127157431
7,31.111,4038087,5,5,20000,20.0,100,5.0,6695,104,5,99,339,5.063480209111277,148,1475,793.8,1.493737094876019,8.098967127157431
7,31.111,4038087,5,5,20000,20.0,100,6.0,6695,104,5,99,339,5.063480209111277,148,1475,793.8,1.493737094876019,8.098967127157431
7,31.111,4038087,5,5,20000,20.0,200,4.0,6695,104,4,100,339,5.063480209111277,403,1475,955.25,1.624615329194193,8.707161864662497
7,31.111,4038087,5,5,20000,20.0,200,5.0,6695,104,4,100,339,5.063480209111277,403,1475,955.25,1.624615329194193,8.707161864662497
7,31.111,4038087,5,5,20000,20.0,200,6.0,6695,104,4,100,339,5.063480209111277,403,1475,955.25,1.624615329194193,8.707161864662497
7,31.111,4038087,5,5,20000,20.0,300,4.0,6695,104,4,100,339,5.063480209111277,403,1475,955.25,1.624615329194193,8.707161864662497
7,31.111,4038087,5,5,20000,20.0,300,5.0,6695,104,4,100,339,5.063480209111277,403,1475,955.25,1.624615329194193,8.707161864662497
7,31.111,4038087,5,5,20000,20.0,300,6.0,6695,104,4,100,339,5.063480209111277,403,1475,955.25,1.624615329194193,8.707161864662497
7,31.111,4038087,5,10,5000,5.0,100,4.0,1678,7,4,3,633,37.723480333730635,117,372,244.25,1.5893460488808413,9.002879047571122
7,31.111,4038087,5,10,5000,5.0,100,5.0,1678,7,4,3,633,37.723480333730635,117,372,244.25,1.5893460488808413,9.002879047571122
7,31.111,4038087,5,10,5000,5.0,100,6.0,1678,7,4,3,633,37.723480333730635,117,372,244.25,1.5893460488808413,9.002879047571122
7,31.111,4038087,5,10,5000,5.0,200,4.0,1678,7,2,5,633,37.723480333730635,349,372,360.5,2.1809073034037745,8.204632064239464
7,31.111,4038087,5,10,5000,5.0,200,5.0,1678,7,2,5,633,37.723480333730635,349,372,360.5,2.1809073034037745,8.204632064239464
7,31.111,4038087,5,10,5000,5.0,200,6.0,1678,7,2,5,633,37.723480333730635,349,372,360.5,2.1809073034037745,8.204632064239464
7,31.111,4038087,5,10,5000,5.0,300,4.0,1678,7,2,5,633,37.723480333730635,349,372,360.5,2.1809073034037745,8.204632064239464
7,31.111,4038087,5,10,5000,5.0,300,5.0,1678,7,2,5,633,37.723480333730635,349,372,360.5,2.1809073034037745,8.204632064239464
7,31.111,4038087,5,10,5000,5.0,300,6.0,1678,7,2,5,633,37.723480333730635,349,372,360.5,2.1809073034037745,8.204632064239464
7,31.111,4038087,5,10,10000,10.0,100,4.0,3412,30,4,26,1028,30.128956623681127,236,732,486.75,1.5944878898702204,8.96015732280192
7,31.111,4038087,5,10,10000,10.0,100,5.0,3412,30,4,26,1028,30.128956623681127,236,732,486.75,1.5944878898702204,8.96015732280192
7,31.111,4038087,5,10,10000,10.0,100,6.0,3412,30,4,26,1028,30.128956623681127,236,732,486.75,1.5944878898702204,8.96015732280192
7,31.111,4038087,5,10,10000,10.0,200,4.0,3412,30,4,26,1028,30.128956623681127,236,732,486.75,1.5944878898702204,8.96015732280192
7,31.111,4038087,5,10,10000,10.0,200,5.0,3412,30,4,26,1028,30.128956623681127,236,732,486.75,1.5944878898702204,8.96015732280192
7,31.111,4038087,5,10,10000,10.0,200,6.0,3412,30,4,26,1028,30.128956623681127,236,732,486.75,1.5944878898702204,8.96015732280192
7,31.111,4038087,5,10,10000,10.0,300,4.0,3412,30,2,28,1028,30.128956623681127,697,732,714.5,2.202445900090957,8.252835253451195
7,31.111,4038087,5,10,10000,10.0,300,5.0,3412,30,2,28,1028,30.128956623681127,697,732,714.5,2.202445900090957,8.252835253451195
7,31.111,4038087,5,10,10000,10.0,300,6.0,3412,30,2,28,1028,30.128956623681127,697,732,714.5,2.202445900090957,8.252835253451195
7,31.111,4038087,5,10,15000,15.0,100,4.0,5047,56,5,51,1100,21.795125817317217,111,1101,601.6,1.4712176946291167,7.781101460028947
7,31.111,4038087,5,10,15000,15.0,100,5.0,5047,56,5,51,1100,21.795125817317217,111,1101,601.6,1.4712176946291167,7.781101460028947
7,31.111,4038087,5,10,15000,15.0,100,6.0,5047,56,5,51,1100,21.795125817317217,111,1101,601.6,1.4712176946291167,7.781101460028947
7,31.111,4038087,5,10,15000,15.0,200,4.0,5047,56,4,52,1100,21.795125817317217,324,1101,724.25,1.6120692847069256,8.656943514106771
7,31.111,4038087,5,10,15000,15.0,200,5.0,5047,56,4,52,1100,21.795125817317217,324,1101,724.25,1.6120692847069256,8.656943514106771
7,31.111,4038087,5,10,15000,15.0,200,6.0,5047,56,4,52,1100,21.795125817317217,324,1101,724.25,1.6120692847069256,8.656943514106771
7,31.111,4038087,5,10,15000,15.0,300,4.0,5047,56,4,52,1100,21.795125817317217,324,1101,724.25,1.6120692847069256,8.656943514106771
7,31.111,4038087,5,10,15000,15.0,300,5.0,5047,56,4,52,1100,21.795125817317217,324,1101,724.25,1.6120692847069256,8.656943514106771
7,31.111,4038087,5,10,15000,15.0,300,6.0,5047,56,4,52,1100,21.795125817317217,324,1101,724.25,1.6120692847069256,8.656943514106771
7,31.111,4038087,5,10,20000,20.0,100,4.0,6695,79,5,74,1016,15.175504107542942,148,1475,793.8,1.493737094876019,8.098967127157431
7,31.111,4038087,5,10,20000,20.0,100,5.0,6695,79,5,74,1016,15.175504107542942,148,1475,793.8,1.493737094876019,8.098967127157431
7,31.111,4038087,5,10,20000,20.0,100,6.0,6695,79,5,74,1016,15.175504107542942,148,1475,793.8,1.493737094876019,8.098967127157431
7,31.111,4038087,5,10,20000,20.0,200,4.0,6695,79,4,75,1016,15.175504107542942,403,1475,955.25,1.624615329194193,8.707161864662497
7,31.111,4038087,5,10,20000,20.0,200,5.0,6695,79,4,75,1016,15.175504107542942,403,1475,955.25,1.624615329194193,8.707161864662497
7,31.111,4038087,5,10,20000,20.0,200,6.0,6695,79,4,75,1016,15.175504107542942,403,1475,955.25,1.624615329194193,8.707161864662497
7,31.111,4038087,5,10,20000,20.0,300,4.0,6695,79,4,75,1016,15.175504107542942,403,1475,955.25,1.624615329194193,8.707161864662497
7,31.111,4038087,5,10,20000,20.0,300,5.0,6695,79,4,75,1016,15.175504107542942,403,1475,955.25,1.624615329194193,8.707161864662497
7,31.111,4038087,5,10,20000,20.0,300,6.0,6695,79,4,75,1016,15.175504107542942,403,1475,955.25,1.624615329194193,8.707161864662497
7,31.111,4038087,5,15,5000,5.0,100,4.0,1678,6,4,2,647,38.55780691299166,117,372,244.25,1.5893460488808413,9.002879047571122
7,31.111,4038087,5,15,5000,5.0,100,5.0,1678,6,4,2,647,38.55780691299166,117,372,244.25,1.5893460488808413,9.002879047571122
7,31.111,4038087,5,15,5000,5.0,100,6.0,1678,6,4,2,647,38.55780691299166,117,372,244.25,1.5893460488808413,9.002879047571122
7,31.111,4038087,5,15,5000,5.0,200,4.0,1678,6,2,4,647,38.55780691299166,349,372,360.5,2.1809073034037745,8.204632064239464
7,31.111,4038087,5,15,5000,5.0,200,5.0,1678,6,2,4,647,38.55780691299166,349,372,360.5,2.1809073034037745,8.204632064239464
7,31.111,4038087,5,15,5000,5.0,200,6.0,1678,6,2,4,647,38.55780691299166,349,372,360.5,2.1809073034037745,8.204632064239464
7,31.111,4038087,5,15,5000,5.0,300,4.0,1678,6,2,4,647,38.55780691299166,349,372,360.5,2.1809073034037745,8.204632064239464
7,31.111,4038087,5,15,5000,5.0,300,5.0,1678,6,2,4,647,38.55780691299166,349,372,360.5,2.1809073034037745,8.204632064239464
7,31.111,4038087,5,15,5000,5.0,300,6.0,1678,6,2,4,647,38.55780691299166,349,372,360.5,2.1809073034037745,8.204632064239464
7,31.111,4038087,5,15,10000,10.0,100,4.0,3412,12,4,8,1270,37.22157092614302,236,732,486.75,1.5944878898702204,8.96015732280192
7,31.111,4038087,5,15,10000,10.0,100,5.0,3412,12,4,8,1270,37.22157092614302,236,732,486.75,1.5944878898702204,8.96015732280192
7,31.111,4038087,5,15,10000,10.0,100,6.0,3412,12,4,8,1270,37.22157092614302,236,732,486.75,1.5944878898702204,8.96015732280192
7,31.111,4038087,5,15,10000,10.0,200,4.0,3412,12,4,8,1270,37.22157092614302,236,732,486.75,1.5944878898702204,8.96015732280192
7,31.111,4038087,5,15,10000,10.0,200,5.0,3412,12,4,8,1270,37.22157092614302,236,732,486.75,1.5944878898702204,8.96015732280192
7,31.111,4038087,5,15,10000,10.0,200,6.0,3412,12,4,8,1270,37.22157092614302,236,732,486.75,1.5944878898702204,8.96015732280192
7,31.111,4038087,5,15,10000,10.0,300,4.0,3412,12,2,10,1270,37.22157092614302,697,732,714.5,2.202445900090957,8.252835253451195
7,31.111,4038087,5,15,10000,10.0,300,5.0,3412,12,2,10,1270,37.22157092614302,697,732,714.5,2.202445900090957,8.252835253451195
7,31.111,4038087,5,15,10000,10.0,300,6.0,3412,12,2,10,1270,37.22157092614302,697,732,714.5,2.202445900090957,8.252835253451195
7,31.111,4038087,5,15,15000,15.0,100,4.0,5047,22,5,17,1650,32.69268872597583,111,1101,601.6,1.4712176946291167,7.781101460028947
7,31.111,4038087,5,15,15000,15.0,100,5.0,5047,22,5,17,1650,32.69268872597583,111,1101,601.6,1.4712176946291167,7.781101460028947
7,31.111,4038087,5,15,15000,15.0,100,6.0,5047,22,5,17,1650,32.69268872597583,111,1101,601.6,1.4712176946291167,7.781101460028947
7,31.111,4038087,5,15,15000,15.0,200,4.0,5047,22,4,18,1650,32.69268872597583,324,1101,724.25,1.6120692847069256,8.656943514106771
7,31.111,4038087,5,15,15000,15.0,200,5.0,5047,22,4,18,1650,32.69268872597583,324,1101,724.25,1.6120692847069256,8.656943514106771
7,31.111,4038087,5,15,15000,15.0,200,6.0,5047,22,4,18,1650,32.69268872597583,324,1101,724.25,1.6120692847069256,8.656943514106771
7,31.111,4038087,5,15,15000,15.0,300,4.0,5047,22,4,18,1650,32.69268872597583,324,1101,724.25,1.6120692847069256,8.656943514106771
7,31.111,4038087,5,15,15000,15.0,300,5.0,5047,22,4,18,1650,32.69268872597583,324,1101,724.25,1.6120692847069256,8.656943514106771
7,31.111,4038087,5,15,15000,15.0,300,6.0,5047,22,4,18,1650,32.69268872597583,324,1101,724.25,1.6120692847069256,8.656943514106771
7,31.111,4038087,5,15,20000,20.0,100,4.0,6695,35,5,30,1912,28.55862584017924,148,1475,793.8,1.493737094876019,8.098967127157431
7,31.111,4038087,5,15,20000,20.0,100,5.0,6695,35,5,30,1912,28.55862584017924,148,1475,793.8,1.493737094876019,8.098967127157431
7,31.111,4038087,5,15,20000,20.0,100,6.0,6695,35,5,30,1912,28.55862584017924,148,1475,793.8,1.493737094876019,8.098967127157431
7,31.111,4038087,5,15,20000,20.0,200,4.0,6695,35,4,31,1912,28.55862584017924,403,1475,955.25,1.624615329194193,8.707161864662497
7,31.111,4038087,5,15,20000,20.0,200,5.0,6695,35,4,31,1912,28.55862584017924,403,1475,955.25,1.624615329194193,8.707161864662497
7,31.111,4038087,5,15,20000,20.0,200,6.0,6695,35,4,31,1912,28.55862584017924,403,1475,955.25,1.624615329194193,8.707161864662497
7,31.111,4038087,5,15,20000,20.0,300,4.0,6695,35,4,31,1912,28.55862584017924,403,1475,955.25,1.624615329194193,8.707161864662497
7,31.111,4038087,5,15,20000,20.0,300,5.0,6695,35,4,31,1912,28.55862584017924,403,1475,955.25,1.624615329194193,8.707161864662497
7,31.111,4038087,5,15,20000,20.0,300,6.0,6695,35,4,31,1912,28.55862584017924,403,1475,955.25,1.624615329194193,8.707161864662497
8,35.555,4042531,2,5,5000,5.0,100,4.0,1740,16,4,12,697,40.05747126436781,101,366,234.0,1.5995991564328649,7.787330164890177
8,35.555,4042531,2,5,5000,5.0,100,5.0,1740,16,4,12,697,40.05747126436781,101,366,234.0,1.5995991564328649,7.787330164890177
8,35.555,4042531,2,5,5000,5.0,100,6.0,1740,16,4,12,697,40.05747126436781,101,366,234.0,1.5995991564328649,7.787330164890177
8,35.555,4042531,2,5,5000,5.0,200,4.0,1740,16,2,14,697,40.05747126436781,346,366,356.0,2.2451709600720147,8.256178845649565
8,35.555,4042531,2,5,5000,5.0,200,5.0,1740,16,2,14,697,40.05747126436781,346,366,356.0,2.2451709600720147,8.256178845649565
8,35.555,4042531,2,5,5000,5.0,200,6.0,1740,16,2,14,697,40.05747126436781,346,366,356.0,2.2451709600720147,8.256178845649565
8,35.555,4042531,2,5,5000,5.0,300,4.0,1740,16,2,14,697,40.05747126436781,346,366,356.0,2.2451709600720147,8.256178845649565
8,35.555,4042531,2,5,5000,5.0,300,5.0,1740,16,2,14,697,40.05747126436781,346,366,356.0,2.2451709600720147,8.256178845649565
8,35.555,4042531,2,5,5000,5.0,300,6.0,1740,16,2,14,697,40.05747126436781,346,366,356.0,2.2451709600720147,8.256178845649565
8,35.555,4042531,2,5,10000,10.0,100,4.0,3392,53,4,49,1104,32.54716981132076,189,732,470.5,1.6330256962995904,7.896705988332966
8,35.555,4042531,2,5,10000,10.0,100,5.0,3392,53,4,49,1104,32.54716981132076,189,732,470.5,1.6330256962995904,7.896705988332966
8,35.555,4042531,2,5,10000,10.0,100,6.0,3392,53,4,49,1104,32.54716981132076,189,732,470.5,1.6330256962995904,7.896705988332966
8,35.555,4042531,2,5,10000,10.0,200,4.0,3392,53,3,50,1104,32.54716981132076,254,732,564.3333333333334,1.788335759328209,7.631075758077743
8,35.555,4042531,2,5,10000,10.0,200,5.0,3392,53,3,50,1104,32.54716981132076,254,732,564.3333333333334,1.788335759328209,7.631075758077743
8,35.555,4042531,2,5,10000,10.0,200,6.0,3392,53,3,50,1104,32.54716981132076,254,732,564.3333333333334,1.788335759328209,7.631075758077743
8,35.555,4042531,2,5,10000,10.0,300,4.0,3392,53,2,51,1104,32.54716981132076,707,732,719.5,2.220529692930575,8.291217875402273
8,35.555,4042531,2,5,10000,10.0,300,5.0,3392,53,2,51,1104,32.54716981132076,707,732,719.5,2.220529692930575,8.291217875402273
8,35.555,4042531,2,5,10000,10.0,300,6.0,3392,53,2,51,1104,32.54716981132076,707,732,719.5,2.220529692930575,8.291217875402273
8,35.555,4042531,2,5,15000,15.0,100,4.0,5019,100,5,95,1363,27.156804144251844,112,1111,580.2,1.4849787054066979,7.348054084915337
8,35.555,4042531,2,5,15000,15.0,100,5.0,5019,100,5,95,1363,27.156804144251844,112,1111,580.2,1.4849787054066979,7.348054084915337
8,35.555,4042531,2,5,15000,15.0,100,6.0,5019,100,5,95,1363,27.156804144251844,112,1111,580.2,1.4849787054066979,7.348054084915337
8,35.555,4042531,2,5,15000,15.0,200,4.0,5019,100,4,96,1363,27.156804144251844,284,1111,697.25,1.6382948951966059,8.090315878279235
8,35.555,4042531,2,5,15000,15.0,200,5.0,5019,100,4,96,1363,27.156804144251844,284,1111,697.25,1.6382948951966059,8.090315878279235
8,35.555,4042531,2,5,15000,15.0,200,6.0,5019,100,4,96,1363,27.156804144251844,284,1111,697.25,1.6382948951966059,8.090315878279235
8,35.555,4042531,2,5,15000,15.0,300,4.0,5019,100,3,97,1363,27.156804144251844,344,1111,835.0,1.7752634493677961,7.627185269533595
8,35.555,4042531,2,5,15000,15.0,300,5.0,5019,100,3,97,1363,27.156804144251844,344,1111,835.0,1.7752634493677961,7.627185269533595
8,35.555,4042531,2,5,15000,15.0,300,6.0,5019,100,3,97,1363,27.156804144251844,344,1111,835.0,1.7752634493677961,7.627185269533595
8,35.555,4042531,2,5,20000,20.0,100,4.0,6710,153,5,148,1479,22.04172876304024,147,1474,789.6,1.4884542434330539,8.144570106383561
8,35.555,4042531,2,5,20000,20.0,100,5.0,6710,153,5,148,1479,22.04172876304024,147,1474,789.6,1.4884542434330539,8.144570106383561
8,35.555,4042531,2,5,20000,20.0,100,6.0,6710,153,5,148,1479,22.04172876304024,147,1474,789.6,1.4884542434330539,8.144570106383561
8,35.555,4042531,2,5,20000,20.0,200,4.0,6710,153,4,149,1479,22.04172876304024,396,1474,950.25,1.6279411001312805,8.747996746482354
8,35.555,4042531,2,5,20000,20.0,200,5.0,6710,153,4,149,1479,22.04172876304024,396,1474,950.25,1.6279411001312805,8.747996746482354
8,35.555,4042531,2,5,20000,20.0,200,6.0,6710,153,4,149,1479,22.04172876304024,396,1474,950.25,1.6279411001312805,8.747996746482354
8,35.555,4042531,2,5,20000,20.0,300,4.0,6710,153,4,149,1479,22.04172876304024,396,1474,950.25,1.6279411001312805,8.747996746482354
8,35.555,4042531,2,5,20000,20.0,300,5.0,6710,153,4,149,1479,22.04172876304024,396,1474,950.25,1.6279411001312805,8.747996746482354
8,35.555,4042531,2,5,20000,20.0,300,6.0,6710,153,4,149,1479,22.04172876304024,396,1474,950.25,1.6279411001312805,8.747996746482354
8,35.555,4042531,2,10,5000,5.0,100,4.0,1740,8,3,5,807,46.37931034482759,123,336,264.3333333333333,1.7723810157742985,7.12083951073065
8,35.555,4042531,2,10,5000,5.0,100,5.0,1740,8,3,5,807,46.37931034482759,123,336,264.3333333333333,1.7723810157742985,7.12083951073065
8,35.555,4042531,2,10,5000,5.0,100,6.0,1740,8,3,5,807,46.37931034482759,123,336,264.3333333333333,1.7723810157742985,7.12083951073065
8,35.555,4042531,2,10,5000,5.0,200,4.0,1740,8,2,6,807,46.37931034482759,334,336,335.0,2.2294834240087846,7.401635459099094
8,35.555,4042531,2,10,5000,5.0,200,5.0,1740,8,2,6,807,46.37931034482759,334,336,335.0,2.2294834240087846,7.401635459099094
8,35.555,4042531,2,10,5000,5.0,200,6.0,1740,8,2,6,807,46.37931034482759,334,336,335.0,2.2294834240087846,7.401635459099094
8,35.555,4042531,2,10,5000,5.0,300,4.0,1740,8,2,6,807,46.37931034482759,334,336,335.0,2.2294834240087846,7.401635459099094
8,35.555,4042531,2,10,5000,5.0,300,5.0,1740,8,2,6,807,46.37931034482759,334,336,335.0,2.2294834240087846,7.401635459099094
8,35.555,4042531,2,10,5000,5.0,300,6.0,1740,8,2,6,807,46.37931034482759,334,336,335.0,2.2294834240087846,7.401635459099094
8,35.555,4042531,2,10,10000,10.0,100,4.0,3392,7,4,3,1419,41.83372641509434,128,732,454.25,1.6005404715931155,7.334246284993371
8,35.555,4042531,2,10,10000,10.0,100,5.0,3392,7,4,3,1419,41.83372641509434,128,732,454.25,1.6005404715931155,7.334246284993371
8,35.555,4042531,2,10,10000,10.0,100,6.0,3392,7,4,3,1419,41.83372641509434,128,732,454.25,1.6005404715931155,7.334246284993371
8,35.555,4042531,2,10,10000,10.0,200,4.0,3392,7,3,4,1419,41.83372641509434,254,732,563.0,1.7865464838123357,7.607602526807855
8,35.555,4042531,2,10,10000,10.0,200,5.0,3392,7,3,4,1419,41.83372641509434,254,732,563.0,1.7865464838123357,7.607602526807855
8,35.555,4042531,2,10,10000,10.0,200,6.0,3392,7,3,4,1419,41.83372641509434,254,732,563.0,1.7865464838123357,7.607602526807855
8,35.555,4042531,2,10,10000,10.0,300,4.0,3392,7,2,5,1419,41.83372641509434,703,732,717.5,2.2178457796567654,8.25600802849744
8,35.555,4042531,2,10,10000,10.0,300,5.0,3392,7,2,5,1419,41.83372641509434,703,732,717.5,2.2178457796567654,8.25600802849744
8,35.555,4042531,2,10,10000,10.0,300,6.0,3392,7,2,5,1419,41.83372641509434,703,732,717.5,2.2178457796567654,8.25600802849744
8,35.555,4042531,2,10,15000,15.0,100,4.0,5019,8,5,3,2054,40.924486949591554,112,1111,580.2,1.4849787054066979,7.348054084915337
8,35.555,4042531,2,10,15000,15.0,100,5.0,5019,8,5,3,2054,40.924486949591554,112,1111,580.2,1.4849787054066979,7.348054084915337
8,35.555,4042531,2,10,15000,15.0,100,6.0,5019,8,5,3,2054,40.924486949591554,112,1111,580.2,1.4849787054066979,7.348054084915337
8,35.555,4042531,2,10,15000,15.0,200,4.0,5019,8,4,4,2054,40.924486949591554,284,1111,697.25,1.6382948951966059,8.090315878279235
8,35.555,4042531,2,10,15000,15.0,200,5.0,5019,8,4,4,2054,40.924486949591554,284,1111,697.25,1.6382948951966059,8.090315878279235
8,35.555,4042531,2,10,15000,15.0,200,6.0,5019,8,4,4,2054,40.924486949591554,284,1111,697.25,1.6382948951966059,8.090315878279235
8,35.555,4042531,2,10,15000,15.0,300,4.0,5019,8,3,5,2054,40.924486949591554,344,1111,835.0,1.7752634493677961,7.627185269533595
8,35.555,4042531,2,10,15000,15.0,300,5.0,5019,8,3,5,2054,40.924486949591554,344,1111,835.0,1.7752634493677961,7.627185269533595
8,35.555,4042531,2,10,15000,15.0,300,6.0,5019,8,3,5,2054,40.924486949591554,344,1111,835.0,1.7752634493677961,7.627185269533595
8,35.555,4042531,2,10,20000,20.0,100,4.0,6710,19,5,14,2565,38.22652757078986,147,1474,789.6,1.4884542434330539,8.144570106383561
8,35.555,4042531,2,10,20000,20.0,100,5.0,6710,19,5,14,2565,38.22652757078986,147,1474,789.6,1.4884542434330539,8.144570106383561
8,35.555,4042531,2,10,20000,20.0,100,6.0,6710,19,5,14,2565,38.22652757078986,147,1474,789.6,1.4884542434330539,8.144570106383561
8,35.555,4042531,2,10,20000,20.0,200,4.0,6710,19,4,15,2565,38.22652757078986,396,1474,950.25,1.6279411001312805,8.747996746482354
8,35.555,4042531,2,10,20000,20.0,200,5.0,6710,19,4,15,2565,38.22652757078986,396,1474,950.25,1.6279411001312805,8.747996746482354
8,35.555,4042531,2,10,20000,20.0,200,6.0,6710,19,4,15,2565,38.22652757078986,396,1474,950.25,1.6279411001312805,8.747996746482354
8,35.555,4042531,2,10,20000,20.0,300,4.0,6710,19,4,15,2565,38.22652757078986,396,1474,950.25,1.6279411001312805,8.747996746482354
8,35.555,4042531,2,10,20000,20.0,300,5.0,6710,19,4,15,2565,38.22652757078986,396,1474,950.25,1.6279411001312805,8.747996746482354
8,35.555,4042531,2,10,20000,20.0,300,6.0,6710,19,4,15,2565,38.22652757078986,396,1474,950.25,1.6279411001312805,8.747996746482354
8,35.555,4042531,2,15,5000,5.0,100,4.0,1740,7,2,5,908,52.18390804597701,305,318,311.5,2.1848724174120395,6.4658291162193535
8,35.555,4042531,2,15,5000,5.0,100,5.0,1740,7,2,5,908,52.18390804597701,305,318,311.5,2.1848724174120395,6.4658291162193535
8,35.555,4042531,2,15,5000,5.0,100,6.0,1740,7,2,5,908,52.18390804597701,305,318,311.5,2.1848724174120395,6.4658291162193535
8,35.555,4042531,2,15,5000,5.0,200,4.0,1740,7,2,5,908,52.18390804597701,305,318,311.5,2.1848724174120395,6.4658291162193535
8,35.555,4042531,2,15,5000,5.0,200,5.0,1740,7,2,5,908,52.18390804597701,305,318,311.5,2.1848724174120395,6.4658291162193535
8,35.555,4042531,2,15,5000,5.0,200,6.0,1740,7,2,5,908,52.18390804597701,305,318,311.5,2.1848724174120395,6.4658291162193535
8,35.555,4042531,2,15,5000,5.0,300,4.0,1740,7,2,5,908,52.18390804597701,305,318,311.5,2.1848724174120395,6.4658291162193535
8,35.555,4042531,2,15,5000,5.0,300,5.0,1740,7,2,5,908,52.18390804597701,305,318,311.5,2.1848724174120395,6.4658291162193535
8,35.555,4042531,2,15,5000,5.0,300,6.0,1740,7,2,5,908,52.18390804597701,305,318,311.5,2.1848724174120395,6.4658291162193535
8,35.555,4042531,2,15,10000,10.0,100,4.0,3392,9,3,6,1448,42.68867924528302,254,704,552.6666666666666,1.790124925276628,7.397434977525382
8,35.555,4042531,2,15,10000,10.0,100,5.0,3392,9,3,6,1448,42.68867924528302,254,704,552.6666666666666,1.790124925276628,7.397434977525382
8,35.555,4042531,2,15,10000,10.0,100,6.0,3392,9,3,6,1448,42.68867924528302,254,704,552.6666666666666,1.790124925276628,7.397434977525382
8,35.555,4042531,2,15,10000,10.0,200,4.0,3392,9,3,6,1448,42.68867924528302,254,704,552.6666666666666,1.790124925276628,7.397434977525382
8,35.555,4042531,2,15,10000,10.0,200,5.0,3392,9,3,6,1448,42.68867924528302,254,704,552.6666666666666,1.790124925276628,7.397434977525382
8,35.555,4042531,2,15,10000,10.0,200,6.0,3392,9,3,6,1448,42.68867924528302,254,704,552.6666666666666,1.790124925276628,7.397434977525382
8,35.555,4042531,2,15,10000,10.0,300,4.0,3392,9,2,7,1448,42.68867924528302,700,704,702.0,2.2232134418532037,7.940756704573731
8,35.555,4042531,2,15,10000,10.0,300,5.0,3392,9,2,7,1448,42.68867924528302,700,704,702.0,2.2232134418532037,7.940756704573731
8,35.555,4042531,2,15,10000,10.0,300,6.0,3392,9,2,7,1448,42.68867924528302,700,704,702.0,2.2232134418532037,7.940756704573731
8,35.555,4042531,2,15,15000,15.0,100,4.0,5019,7,6,1,2080,41.44251842996613,106,1111,483.5,1.3611116175481237,6.217690854644257
8,35.555,4042531,2,15,15000,15.0,100,5.0,5019,7,6,1,2080,41.44251842996613,106,1111,483.5,1.3611116175481237,6.217690854644257
8,35.555,4042531,2,15,15000,15.0,100,6.0,5019,7,6,1,2080,41.44251842996613,106,1111,483.5,1.3611116175481237,6.217690854644257
8,35.555,4042531,2,15,15000,15.0,200,4.0,5019,7,3,4,2080,41.44251842996613,344,1111,835.0,1.7752634493677961,7.627185269533595
8,35.555,4042531,2,15,15000,15.0,200,5.0,5019,7,3,4,2080,41.44251842996613,344,1111,835.0,1.7752634493677961,7.627185269533595
8,35.555,4042531,2,15,15000,15.0,200,6.0,5019,7,3,4,2080,41.44251842996613,344,1111,835.0,1.7752634493677961,7.627185269533595
8,35.555,4042531,2,15,15000,15.0,300,4.0,5019,7,3,4,2080,41.44251842996613,344,1111,835.0,1.7752634493677961,7.627185269533595
8,35.555,4042531,2,15,15000,15.0,300,5.0,5019,7,3,4,2080,41.44251842996613,344,1111,835.0,1.7752634493677961,7.627185269533595
8,35.555,4042531,2,15,15000,15.0,300,6.0,5019,7,3,4,2080,41.44251842996613,344,1111,835.0,1.7752634493677961,7.627185269533595
8,35.555,4042531,2,15,20000,20.0,100,4.0,6710,5,5,0,2762,41.16244411326379,147,1474,789.6,1.4884542434330539,8.144570106383561
8,35.555,4042531,2,15,20000,20.0,100,5.0,6710,5,5,0,2762,41.16244411326379,147,1474,789.6,1.4884542434330539,8.144570106383561
8,35.555,4042531,2,15,20000,20.0,100,6.0,6710,5,5,0,2762,41.16244411326379,147,1474,789.6,1.4884542434330539,8.144570106383561
8,35.555,4042531,2,15,20000,20.0,200,4.0,6710,5,4,1,2762,41.16244411326379,396,1474,950.25,1.6279411001312805,8.747996746482354
8,35.555,4042531,2,15,20000,20.0,200,5.0,6710,5,4,1,2762,41.16244411326379,396,1474,950.25,1.6279411001312805,8.747996746482354
8,35.555,4042531,2,15,20000,20.0,200,6.0,6710,5,4,1,2762,41.16244411326379,396,1474,950.25,1.6279411001312805,8.747996746482354
8,35.555,4042531,2,15,20000,20.0,300,4.0,6710,5,4,1,2762,41.16244411326379,396,1474,950.25,1.6279411001312805,8.747996746482354
8,35.555,4042531,2,15,20000,20.0,300,5.0,6710,5,4,1,2762,41.16244411326379,396,1474,950.25,1.6279411001312805,8.747996746482354
8,35.555,4042531,2,15,20000,20.0,300,6.0,6710,5,4,1,2762,41.16244411326379,396,1474,950.25,1.6279411001312805,8.747996746482354
8,35.555,4042531,3,5,5000,5.0,100,4.0,1740,25,4,21,622,35.747126436781606,103,367,239.5,1.6056422313232996,8.446737840033192
8,35.555,4042531,3,5,5000,5.0,100,5.0,1740,25,4,21,622,35.747126436781606,103,367,239.5,1.6056422313232996,8.446737840033192
8,35.555,4042531,3,5,5000,5.0,100,6.0,1740,25,4,21,622,35.747126436781606,103,367,239.5,1.6056422313232996,8.446737840033192
8,35.555,4042531,3,5,5000,5.0,200,4.0,1740,25,2,23,622,35.747126436781606,347,367,357.0,2.244863752706676,8.301354215671612
8,35.555,4042531,3,5,5000,5.0,200,5.0,1740,25,2,23,622,35.747126436781606,347,367,357.0,2.244863752706676,8.301354215671612
8,35.555,4042531,3,5,5000,5.0,200,6.0,1740,25,2,23,622,35.747126436781606,347,367,357.0,2.244863752706676,8.301354215671612
8,35.555,4042531,3,5,5000,5.0,300,4.0,1740,25,2,23,622,35.747126436781606,347,367,357.0,2.244863752706676,8.301354215671612
8,35.555,4042531,3,5,5000,5.0,300,5.0,1740,25,2,23,622,35.747126436781606,347,367,357.0,2.244863752706676,8.301354215671612
8,35.555,4042531,3,5,5000,5.0,300,6.0,1740,25,2,23,622,35.747126436781606,347,367,357.0,2.244863752706676,8.301354215671612
8,35.555,4042531,3,5,10000,10.0,100,4.0,3392,80,4,76,844,24.882075471698112,190,736,478.0,1.6424711546122832,8.32765308076631
8,35.555,4042531,3,5,10000,10.0,100,5.0,3392,80,4,76,844,24.882075471698112,190,736,478.0,1.6424711546122832,8.32765308076631
8,35.555,4042531,3,5,10000,10.0,100,6.0,3392,80,4,76,844,24.882075471698112,190,736,478.0,1.6424711546122832,8.32765308076631
8,35.555,4042531,3,5,10000,10.0,200,4.0,3392,80,3,77,844,24.882075471698112,278,736,574.0,1.7908088511857636,8.210586902327899
8,35.555,4042531,3,5,10000,10.0,200,5.0,3392,80,3,77,844,24.882075471698112,278,736,574.0,1.7908088511857636,8.210586902327899
8,35.555,4042531,3,5,10000,10.0,200,6.0,3392,80,3,77,844,24.882075471698112,278,736,574.0,1.7908088511857636,8.210586902327899
8,35.555,4042531,3,5,10000,10.0,300,4.0,3392,80,2,78,844,24.882075471698112,708,736,722.0,2.2388196088012524,8.318460552032938
8,35.555,4042531,3,5,10000,10.0,300,5.0,3392,80,2,78,844,24.882075471698112,708,736,722.0,2.2388196088012524,8.318460552032938
8,35.555,4042531,3,5,10000,10.0,300,6.0,3392,80,2,78,844,24.882075471698112,708,736,722.0,2.2388196088012524,8.318460552032938
8,35.555,4042531,3,5,15000,15.0,100,4.0,5019,128,5,123,968,19.28671050009962,112,1117,590.2,1.4861229716558177,7.781228256308869
8,35.555,4042531,3,5,15000,15.0,100,5.0,5019,128,5,123,968,19.28671050009962,112,1117,590.2,1.4861229716558177,7.781228256308869
8,35.555,4042531,3,5,15000,15.0,100,6.0,5019,128,5,123,968,19.28671050009962,112,1117,590.2,1.4861229716558177,7.781228256308869
8,35.555,4042531,3,5,15000,15.0,200,4.0,5019,128,4,124,968,19.28671050009962,285,1117,709.75,1.6397252280080057,8.631783592521149
8,35.555,4042531,3,5,15000,15.0,200,5.0,5019,128,4,124,968,19.28671050009962,285,1117,709.75,1.6397252280080057,8.631783592521149
8,35.555,4042531,3,5,15000,15.0,200,6.0,5019,128,4,124,968,19.28671050009962,285,1117,709.75,1.6397252280080057,8.631783592521149
8,35.555,4042531,3,5,15000,15.0,300,4.0,5019,128,3,125,968,19.28671050009962,386,1117,851.3333333333334,1.7710050334390317,8.353094771549754
8,35.555,4042531,3,5,15000,15.0,300,5.0,5019,128,3,125,968,19.28671050009962,386,1117,851.3333333333334,1.7710050334390317,8.353094771549754
8,35.555,4042531,3,5,15000,15.0,300,6.0,5019,128,3,125,968,19.28671050009962,386,1117,851.3333333333334,1.7710050334390317,8.353094771549754
8,35.555,4042531,3,5,20000,20.0,100,4.0,6710,167,5,162,947,14.113263785394933,147,1482,791.6,1.4942934575433306,8.161535891611468
8,35.555,4042531,3,5,20000,20.0,100,5.0,6710,167,5,162,947,14.113263785394933,147,1482,791.6,1.4942934575433306,8.161535891611468
8,35.555,4042531,3,5,20000,20.0,100,6.0,6710,167,5,162,947,14.113263785394933,147,1482,791.6,1.4942934575433306,8.161535891611468
8,35.555,4042531,3,5,20000,20.0,200,4.0,6710,167,4,163,947,14.113263785394933,397,1482,952.75,1.6352401177691263,8.769203978017238
8,35.555,4042531,3,5,20000,20.0,200,5.0,6710,167,4,163,947,14.113263785394933,397,1482,952.75,1.6352401177691263,8.769203978017238
8,35.555,4042531,3,5,20000,20.0,200,6.0,6710,167,4,163,947,14.113263785394933,397,1482,952.75,1.6352401177691263,8.769203978017238
8,35.555,4042531,3,5,20000,20.0,300,4.0,6710,167,4,163,947,14.113263785394933,397,1482,952.75,1.6352401177691263,8.769203978017238
8,35.555,4042531,3,5,20000,20.0,300,5.0,6710,167,4,163,947,14.113263785394933,397,1482,952.75,1.6352401177691263,8.769203978017238
8,35.555,4042531,3,5,20000,20.0,300,6.0,6710,167,4,163,947,14.113263785394933,397,1482,952.75,1.6352401177691263,8.769203978017238
8,35.555,4042531,3,10,5000,5.0,100,4.0,1740,5,4,1,751,43.160919540229884,102,366,238.5,1.6073524186412071,8.293578593399412
8,35.555,4042531,3,10,5000,5.0,100,5.0,1740,5,4,1,751,43.160919540229884,102,366,238.5,1.6073524186412071,8.293578593399412
8,35.555,4042531,3,10,5000,5.0,100,6.0,1740,5,4,1,751,43.160919540229884,102,366,238.5,1.6073524186412071,8.293578593399412
8,35.555,4042531,3,10,5000,5.0,200,4.0,1740,5,2,3,751,43.160919540229884,347,366,356.5,2.246469264004771,8.26745323228344
8,35.555,4042531,3,10,5000,5.0,200,5.0,1740,5,2,3,751,43.160919540229884,347,366,356.5,2.246469264004771,8.26745323228344
8,35.555,4042531,3,10,5000,5.0,200,6.0,1740,5,2,3,751,43.160919540229884,347,366,356.5,2.246469264004771,8.26745323228344
8,35.555,4042531,3,10,5000,5.0,300,4.0,1740,5,2,3,751,43.160919540229884,347,366,356.5,2.246469264004771,8.26745323228344
8,35.555,4042531,3,10,5000,5.0,300,5.0,1740,5,2,3,751,43.160919540229884,347,366,356.5,2.246469264004771,8.26745323228344
8,35.555,4042531,3,10,5000,5.0,300,6.0,1740,5,2,3,751,43.160919540229884,347,366,356.5,2.246469264004771,8.26745323228344
8,35.555,4042531,3,10,10000,10.0,100,4.0,3392,9,4,5,1361,40.12382075471698,190,736,477.75,1.6427756499736021,8.300669690180165
8,35.555,4042531,3,10,10000,10.0,100,5.0,3392,9,4,5,1361,40.12382075471698,190,736,477.75,1.6427756499736021,8.300669690180165
8,35.555,4042531,3,10,10000,10.0,100,6.0,3392,9,4,5,1361,40.12382075471698,190,736,477.75,1.6427756499736021,8.300669690180165
8,35.555,4042531,3,10,10000,10.0,200,4.0,3392,9,3,6,1361,40.12382075471698,277,736,573.6666666666666,1.7912148450008554,8.174609048213037
8,35.555,4042531,3,10,10000,10.0,200,5.0,3392,9,3,6,1361,40.12382075471698,277,736,573.6666666666666,1.7912148450008554,8.174609048213037
8,35.555,4042531,3,10,10000,10.0,200,6.0,3392,9,3,6,1361,40.12382075471698,277,736,573.6666666666666,1.7912148450008554,8.174609048213037
8,35.555,4042531,3,10,10000,10.0,300,4.0,3392,9,2,7,1361,40.12382075471698,708,736,722.0,2.2388196088012524,8.318460552032938
8,35.555,4042531,3,10,10000,10.0,300,5.0,3392,9,2,7,1361,40.12382075471698,708,736,722.0,2.2388196088012524,8.318460552032938
8,35.555,4042531,3,10,10000,10.0,300,6.0,3392,9,2,7,1361,40.12382075471698,708,736,722.0,2.2388196088012524,8.318460552032938
8,35.555,4042531,3,10,15000,15.0,100,4.0,5019,25,5,20,1792,35.70432357043236,112,1117,590.2,1.4861229716558177,7.781228256308869
8,35.555,4042531,3,10,15000,15.0,100,5.0,5019,25,5,20,1792,35.70432357043236,112,1117,590.2,1.4861229716558177,7.781228256308869
8,35.555,4042531,3,10,15000,15.0,100,6.0,5019,25,5,20,1792,35.70432357043236,112,1117,590.2,1.4861229716558177,7.781228256308869
8,35.555,4042531,3,10,15000,15.0,200,4.0,5019,25,4,21,1792,35.70432357043236,285,1117,709.75,1.6397252280080057,8.631783592521149
8,35.555,4042531,3,10,15000,15.0,200,5.0,5019,25,4,21,1792,35.70432357043236,285,1117,709.75,1.6397252280080057,8.631783592521149
8,35.555,4042531,3,10,15000,15.0,200,6.0,5019,25,4,21,1792,35.70432357043236,285,1117,709.75,1.6397252280080057,8.631783592521149
8,35.555,4042531,3,10,15000,15.0,300,4.0,5019,25,3,22,1792,35.70432357043236,386,1117,851.3333333333334,1.7710050334390317,8.353094771549754
8,35.555,4042531,3,10,15000,15.0,300,5.0,5019,25,3,22,1792,35.70432357043236,386,1117,851.3333333333334,1.7710050334390317,8.353094771549754
8,35.555,4042531,3,10,15000,15.0,300,6.0,5019,25,3,22,1792,35.70432357043236,386,1117,851.3333333333334,1.7710050334390317,8.353094771549754
8,35.555,4042531,3,10,20000,20.0,100,4.0,6710,46,5,41,2106,31.385991058122205,147,1482,791.6,1.4942934575433306,8.161535891611468
8,35.555,4042531,3,10,20000,20.0,100,5.0,6710,46,5,41,2106,31.385991058122205,147,1482,791.6,1.4942934575433306,8.161535891611468
8,35.555,4042531,3,10,20000,20.0,100,6.0,6710,46,5,41,2106,31.385991058122205,147,1482,791.6,1.4942934575433306,8.161535891611468
8,35.555,4042531,3,10,20000,20.0,200,4.0,6710,46,4,42,2106,31.385991058122205,397,1482,952.75,1.6352401177691263,8.769203978017238
8,35.555,4042531,3,10,20000,20.0,200,5.0,6710,46,4,42,2106,31.385991058122205,397,1482,952.75,1.6352401177691263,8.769203978017238
8,35.555,4042531,3,10,20000,20.0,200,6.0,6710,46,4,42,2106,31.385991058122205,397,1482,952.75,1.6352401177691263,8.769203978017238
8,35.555,4042531,3,10,20000,20.0,300,4.0,6710,46,4,42,2106,31.385991058122205,397,1482,952.75,1.6352401177691263,8.769203978017238
8,35.555,4042531,3,10,20000,20.0,300,5.0,6710,46,4,42,2106,31.385991058122205,397,1482,952.75,1.6352401177691263,8.769203978017238
8,35.555,4042531,3,10,20000,20.0,300,6.0,6710,46,4,42,2106,31.385991058122205,397,1482,952.75,1.6352401177691263,8.769203978017238
8,35.555,4042531,3,15,5000,5.0,100,4.0,1740,6,3,3,782,44.94252873563219,123,355,274.6666666666667,1.7808243058259958,7.5199695142218514
8,35.555,4042531,3,15,5000,5.0,100,5.0,1740,6,3,3,782,44.94252873563219,123,355,274.6666666666667,1.7808243058259958,7.5199695142218514
8,35.555,4042531,3,15,5000,5.0,100,6.0,1740,6,3,3,782,44.94252873563219,123,355,274.6666666666667,1.7808243058259958,7.5199695142218514
8,35.555,4042531,3,15,5000,5.0,200,4.0,1740,6,2,4,782,44.94252873563219,346,355,350.5,2.2421483590863307,8.000330464335896
8,35.555,4042531,3,15,5000,5.0,200,5.0,1740,6,2,4,782,44.94252873563219,346,355,350.5,2.2421483590863307,8.000330464335896
8,35.555,4042531,3,15,5000,5.0,200,6.0,1740,6,2,4,782,44.94252873563219,346,355,350.5,2.2421483590863307,8.000330464335896
8,35.555,4042531,3,15,5000,5.0,300,4.0,1740,6,2,4,782,44.94252873563219,346,355,350.5,2.2421483590863307,8.000330464335896
8,35.555,4042531,3,15,5000,5.0,300,5.0,1740,6,2,4,782,44.94252873563219,346,355,350.5,2.2421483590863307,8.000330464335896
8,35.555,4042531,3,15,5000,5.0,300,6.0,1740,6,2,4,782,44.94252873563219,346,355,350.5,2.2421483590863307,8.000330464335896
8,35.555,4042531,3,15,10000,10.0,100,4.0,3392,5,4,1,1408,41.509433962264154,190,735,477.0,1.64379033015825,8.24390914857306
8,35.555,4042531,3,15,10000,10.0,100,5.0,3392,5,4,1,1408,41.509433962264154,190,735,477.0,1.64379033015825,8.24390914857306
8,35.555,4042531,3,15,10000,10.0,100,6.0,3392,5,4,1,1408,41.509433962264154,190,735,477.0,1.64379033015825,8.24390914857306
8,35.555,4042531,3,15,10000,10.0,200,4.0,3392,5,3,2,1408,41.509433962264154,275,735,572.6666666666666,1.792567751913719,8.098928326070231
8,35.555,4042531,3,15,10000,10.0,200,5.0,3392,5,3,2,1408,41.509433962264154,275,735,572.6666666666666,1.792567751913719,8.098928326070231
8,35.555,4042531,3,15,10000,10.0,200,6.0,3392,5,3,2,1408,41.509433962264154,275,735,572.6666666666666,1.792567751913719,8.098928326070231
8,35.555,4042531,3,15,10000,10.0,300,4.0,3392,5,2,3,1408,41.509433962264154,708,735,721.5,2.2396245598106876,8.301721286774303
8,35.555,4042531,3,15,10000,10.0,300,5.0,3392,5,2,3,1408,41.509433962264154,708,735,721.5,2.2396245598106876,8.301721286774303
8,35.555,4042531,3,15,10000,10.0,300,6.0,3392,5,2,3,1408,41.509433962264154,708,735,721.5,2.2396245598106876,8.301721286774303
8,35.555,4042531,3,15,15000,15.0,100,4.0,5019,6,5,1,2051,40.86471408647141,112,1117,590.2,1.4861229716558177,7.781228256308869
8,35.555,4042531,3,15,15000,15.0,100,5.0,5019,6,5,1,2051,40.86471408647141,112,1117,590.2,1.4861229716558177,7.781228256308869
8,35.555,4042531,3,15,15000,15.0,100,6.0,5019,6,5,1,2051,40.86471408647141,112,1117,590.2,1.4861229716558177,7.781228256308869
8,35.555,4042531,3,15,15000,15.0,200,4.0,5019,6,4,2,2051,40.86471408647141,285,1117,709.75,1.6397252280080057,8.631783592521149
8,35.555,4042531,3,15,15000,15.0,200,5.0,5019,6,4,2,2051,40.86471408647141,285,1117,709.75,1.6397252280080057,8.631783592521149
8,35.555,4042531,3,15,15000,15.0,200,6.0,5019,6,4,2,2051,40.86471408647141,285,1117,709.75,1.6397252280080057,8.631783592521149
8,35.555,4042531,3,15,15000,15.0,300,4.0,5019,6,3,3,2051,40.86471408647141,386,1117,851.3333333333334,1.7710050334390317,8.353094771549754
8,35.555,4042531,3,15,15000,15.0,300,5.0,5019,6,3,3,2051,40.86471408647141,386,1117,851.3333333333334,1.7710050334390317,8.353094771549754
8,35.555,4042531,3,15,15000,15.0,300,6.0,5019,6,3,3,2051,40.86471408647141,386,1117,851.3333333333334,1.7710050334390317,8.353094771549754
8,35.555,4042531,3,15,20000,20.0,100,4.0,6710,13,5,8,2589,38.58420268256334,147,1482,791.6,1.4942934575433306,8.161535891611468
8,35.555,4042531,3,15,20000,20.0,100,5.0,6710,13,5,8,2589,38.58420268256334,147,1482,791.6,1.4942934575433306,8.161535891611468
8,35.555,4042531,3,15,20000,20.0,100,6.0,6710,13,5,8,2589,38.58420268256334,147,1482,791.6,1.4942934575433306,8.161535891611468
8,35.555,4042531,3,15,20000,20.0,200,4.0,6710,13,4,9,2589,38.58420268256334,397,1482,952.75,1.6352401177691263,8.769203978017238
8,35.555,4042531,3,15,20000,20.0,200,5.0,6710,13,4,9,2589,38.58420268256334,397,1482,952.75,1.6352401177691263,8.769203978017238
8,35.555,4042531,3,15,20000,20.0,200,6.0,6710,13,4,9,2589,38.58420268256334,397,1482,952.75,1.6352401177691263,8.769203978017238
8,35.555,4042531,3,15,20000,20.0,300,4.0,6710,13,4,9,2589,38.58420268256334,397,1482,952.75,1.6352401177691263,8.769203978017238
8,35.555,4042531,3,15,20000,20.0,300,5.0,6710,13,4,9,2589,38.58420268256334,397,1482,952.75,1.6352401177691263,8.769203978017238
8,35.555,4042531,3,15,20000,20.0,300,6.0,6710,13,4,9,2589,38.58420268256334,397,1482,952.75,1.6352401177691263,8.769203978017238
8,35.555,4042531,4,5,5000,5.0,100,4.0,1740,31,4,27,567,32.58620689655172,103,368,239.75,1.6048452519829564,8.463357211368189
8,35.555,4042531,4,5,5000,5.0,100,5.0,1740,31,4,27,567,32.58620689655172,103,368,239.75,1.6048452519829564,8.463357211368189
8,35.555,4042531,4,5,5000,5.0,100,6.0,1740,31,4,27,567,32.58620689655172,103,368,239.75,1.6048452519829564,8.463357211368189
8,35.555,4042531,4,5,5000,5.0,200,4.0,1740,31,2,29,567,32.58620689655172,347,368,357.5,2.2432697940259896,8.334592958341606
8,35.555,4042531,4,5,5000,5.0,200,5.0,1740,31,2,29,567,32.58620689655172,347,368,357.5,2.2432697940259896,8.334592958341606
8,35.555,4042531,4,5,5000,5.0,200,6.0,1740,31,2,29,567,32.58620689655172,347,368,357.5,2.2432697940259896,8.334592958341606
8,35.555,4042531,4,5,5000,5.0,300,4.0,1740,31,2,29,567,32.58620689655172,347,368,357.5,2.2432697940259896,8.334592958341606
8,35.555,4042531,4,5,5000,5.0,300,5.0,1740,31,2,29,567,32.58620689655172,347,368,357.5,2.2432697940259896,8.334592958341606
8,35.555,4042531,4,5,5000,5.0,300,6.0,1740,31,2,29,567,32.58620689655172,347,368,357.5,2.2432697940259896,8.334592958341606
8,35.555,4042531,4,5,10000,10.0,100,4.0,3392,89,4,85,692,20.400943396226417,190,736,478.0,1.6424711546122832,8.32765308076631
8,35.555,4042531,4,5,10000,10.0,100,5.0,3392,89,4,85,692,20.400943396226417,190,736,478.0,1.6424711546122832,8.32765308076631
8,35.555,4042531,4,5,10000,10.0,100,6.0,3392,89,4,85,692,20.400943396226417,190,736,478.0,1.6424711546122832,8.32765308076631
8,35.555,4042531,4,5,10000,10.0,200,4.0,3392,89,3,86,692,20.400943396226417,278,736,574.0,1.7908088511857636,8.210586902327899
8,35.555,4042531,4,5,10000,10.0,200,5.0,3392,89,3,86,692,20.400943396226417,278,736,574.0,1.7908088511857636,8.210586902327899
8,35.555,4042531,4,5,10000,10.0,200,6.0,3392,89,3,86,692,20.400943396226417,278,736,574.0,1.7908088511857636,8.210586902327899
8,35.555,4042531,4,5,10000,10.0,300,4.0,3392,89,2,87,692,20.400943396226417,708,736,722.0,2.2388196088012524,8.318460552032938
8,35.555,4042531,4,5,10000,10.0,300,5.0,3392,89,2,87,692,20.400943396226417,708,736,722.0,2.2388196088012524,8.318460552032938
8,35.555,4042531,4,5,10000,10.0,300,6.0,3392,89,2,87,692,20.400943396226417,708,736,722.0,2.2388196088012524,8.318460552032938
8,35.555,4042531,4,5,15000,15.0,100,4.0,5019,131,5,126,697,13.887228531579996,112,1117,590.2,1.4861229716558177,7.781228256308869
8,35.555,4042531,4,5,15000,15.0,100,5.0,5019,131,5,126,697,13.887228531579996,112,1117,590.2,1.4861229716558177,7.781228256308869
8,35.555,4042531,4,5,15000,15.0,100,6.0,5019,131,5,126,697,13.887228531579996,112,1117,590.2,1.4861229716558177,7.781228256308869
8,35.555,4042531,4,5,15000,15.0,200,4.0,5019,131,4,127,697,13.887228531579996,285,1117,709.75,1.6397252280080057,8.631783592521149
8,35.555,4042531,4,5,15000,15.0,200,5.0,5019,131,4,127,697,13.887228531579996,285,1117,709.75,1.6397252280080057,8.631783592521149
8,35.555,4042531,4,5,15000,15.0,200,6.0,5019,131,4,127,697,13.887228531579996,285,1117,709.75,1.6397252280080057,8.631783592521149
8,35.555,4042531,4,5,15000,15.0,300,4.0,5019,131,3,128,697,13.887228531579996,386,1117,851.3333333333334,1.7710050334390317,8.353094771549754
8,35.555,4042531,4,5,15000,15.0,300,5.0,5019,131,3,128,697,13.887228531579996,386,1117,851.3333333333334,1.7710050334390317,8.353094771549754
8,35.555,4042531,4,5,15000,15.0,300,6.0,5019,131,3,128,697,13.887228531579996,386,1117,851.3333333333334,1.7710050334390317,8.353094771549754
8,35.555,4042531,4,5,20000,20.0,100,4.0,6710,159,5,154,617,9.195230998509688,147,1482,791.6,1.4942934575433306,8.161535891611468
8,35.555,4042531,4,5,20000,20.0,100,5.0,6710,159,5,154,617,9.195230998509688,147,1482,791.6,1.4942934575433306,8.161535891611468
8,35.555,4042531,4,5,20000,20.0,100,6.0,6710,159,5,154,617,9.195230998509688,147,1482,791.6,1.4942934575433306,8.161535891611468
8,35.555,4042531,4,5,20000,20.0,200,4.0,6710,159,4,155,617,9.195230998509688,397,1482,952.75,1.6352401177691263,8.769203978017238
8,35.555,4042531,4,5,20000,20.0,200,5.0,6710,159,4,155,617,9.195230998509688,397,1482,952.75,1.6352401177691263,8.769203978017238
8,35.555,4042531,4,5,20000,20.0,200,6.0,6710,159,4,155,617,9.195230998509688,397,1482,952.75,1.6352401177691263,8.769203978017238
8,35.555,4042531,4,5,20000,20.0,300,4.0,6710,159,4,155,617,9.195230998509688,397,1482,952.75,1.6352401177691263,8.769203978017238
8,35.555,4042531,4,5,20000,20.0,300,5.0,6710,159,4,155,617,9.195230998509688,397,1482,952.75,1.6352401177691263,8.769203978017238
8,35.555,4042531,4,5,20000,20.0,300,6.0,6710,159,4,155,617,9.195230998509688,397,1482,952.75,1.6352401177691263,8.769203978017238
8,35.555,4042531,4,10,5000,5.0,100,4.0,1740,5,4,1,746,42.87356321839081,103,368,239.75,1.6048452519829564,8.463357211368189
8,35.555,4042531,4,10,5000,5.0,100,5.0,1740,5,4,1,746,42.87356321839081,103,368,239.75,1.6048452519829564,8.463357211368189
8,35.555,4042531,4,10,5000,5.0,100,6.0,1740,5,4,1,746,42.87356321839081,103,368,239.75,1.6048452519829564,8.463357211368189
8,35.555,4042531,4,10,5000,5.0,200,4.0,1740,5,2,3,746,42.87356321839081,347,368,357.5,2.2432697940259896,8.334592958341606
8,35.555,4042531,4,10,5000,5.0,200,5.0,1740,5,2,3,746,42.87356321839081,347,368,357.5,2.2432697940259896,8.334592958341606
8,35.555,4042531,4,10,5000,5.0,200,6.0,1740,5,2,3,746,42.87356321839081,347,368,357.5,2.2432697940259896,8.334592958341606
8,35.555,4042531,4,10,5000,5.0,300,4.0,1740,5,2,3,746,42.87356321839081,347,368,357.5,2.2432697940259896,8.334592958341606
8,35.555,4042531,4,10,5000,5.0,300,5.0,1740,5,2,3,746,42.87356321839081,347,368,357.5,2.2432697940259896,8.334592958341606
8,35.555,4042531,4,10,5000,5.0,300,6.0,1740,5,2,3,746,42.87356321839081,347,368,357.5,2.2432697940259896,8.334592958341606
8,35.555,4042531,4,10,10000,10.0,100,4.0,3392,18,4,14,1229,36.23231132075472,190,736,478.0,1.6424711546122832,8.32765308076631
8,35.555,4042531,4,10,10000,10.0,100,5.0,3392,18,4,14,1229,36.23231132075472,190,736,478.0,1.6424711546122832,8.32765308076631
8,35.555,4042531,4,10,10000,10.0,100,6.0,3392,18,4,14,1229,36.23231132075472,190,736,478.0,1.6424711546122832,8.32765308076631
8,35.555,4042531,4,10,10000,10.0,200,4.0,3392,18,3,15,1229,36.23231132075472,278,736,574.0,1.7908088511857636,8.210586902327899
8,35.555,4042531,4,10,10000,10.0,200,5.0,3392,18,3,15,1229,36.23231132075472,278,736,574.0,1.7908088511857636,8.210586902327899
8,35.555,4042531,4,10,10000,10.0,200,6.0,3392,18,3,15,1229,36.23231132075472,278,736,574.0,1.7908088511857636,8.210586902327899
8,35.555,4042531,4,10,10000,10.0,300,4.0,3392,18,2,16,1229,36.23231132075472,708,736,722.0,2.2388196088012524,8.318460552032938
8,35.555,4042531,4,10,10000,10.0,300,5.0,3392,18,2,16,1229,36.23231132075472,708,736,722.0,2.2388196088012524,8.318460552032938
8,35.555,4042531,4,10,10000,10.0,300,6.0,3392,18,2,16,1229,36.23231132075472,708,736,722.0,2.2388196088012524,8.318460552032938
8,35.555,4042531,4,10,15000,15.0,100,4.0,5019,36,5,31,1567,31.221358836421597,112,1117,590.2,1.4861229716558177,7.781228256308869
8,35.555,4042531,4,10,15000,15.0,100,5.0,5019,36,5,31,1567,31.221358836421597,112,1117,590.2,1.4861229716558177,7.781228256308869
8,35.555,4042531,4,10,15000,15.0,100,6.0,5019,36,5,31,1567,31.221358836421597,112,1117,590.2,1.4861229716558177,7.781228256308869
8,35.555,4042531,4,10,15000,15.0,200,4.0,5019,36,4,32,1567,31.221358836421597,285,1117,709.75,1.6397252280080057,8.631783592521149
8,35.555,4042531,4,10,15000,15.0,200,5.0,5019,36,4,32,1567,31.221358836421597,285,1117,709.75,1.6397252280080057,8.631783592521149
8,35.555,4042531,4,10,15000,15.0,200,6.0,5019,36,4,32,1567,31.221358836421597,285,1117,709.75,1.6397252280080057,8.631783592521149
8,35.555,4042531,4,10,15000,15.0,300,4.0,5019,36,3,33,1567,31.221358836421597,386,1117,851.3333333333334,1.7710050334390317,8.353094771549754
8,35.555,4042531,4,10,15000,15.0,300,5.0,5019,36,3,33,1567,31.221358836421597,386,1117,851.3333333333334,1.7710050334390317,8.353094771549754
8,35.555,4042531,4,10,15000,15.0,300,6.0,5019,36,3,33,1567,31.221358836421597,386,1117,851.3333333333334,1.7710050334390317,8.353094771549754
8,35.555,4042531,4,10,20000,20.0,100,4.0,6710,69,5,64,1620,24.14307004470939,147,1482,791.6,1.4942934575433306,8.161535891611468
8,35.555,4042531,4,10,20000,20.0,100,5.0,6710,69,5,64,1620,24.14307004470939,147,1482,791.6,1.4942934575433306,8.161535891611468
8,35.555,4042531,4,10,20000,20.0,100,6.0,6710,69,5,64,1620,24.14307004470939,147,1482,791.6,1.4942934575433306,8.161535891611468
8,35.555,4042531,4,10,20000,20.0,200,4.0,6710,69,4,65,1620,24.14307004470939,397,1482,952.75,1.6352401177691263,8.769203978017238
8,35.555,4042531,4,10,20000,20.0,200,5.0,6710,69,4,65,1620,24.14307004470939,397,1482,952.75,1.6352401177691263,8.769203978017238
8,35.555,4042531,4,10,20000,20.0,200,6.0,6710,69,4,65,1620,24.14307004470939,397,1482,952.75,1.6352401177691263,8.769203978017238
8,35.555,4042531,4,10,20000,20.0,300,4.0,6710,69,4,65,1620,24.14307004470939,397,1482,952.75,1.6352401177691263,8.769203978017238
8,35.555,4042531,4,10,20000,20.0,300,5.0,6710,69,4,65,1620,24.14307004470939,397,1482,952.75,1.6352401177691263,8.769203978017238
8,35.555,4042531,4,10,20000,20.0,300,6.0,6710,69,4,65,1620,24.14307004470939,397,1482,952.75,1.6352401177691263,8.769203978017238
8,35.555,4042531,4,15,5000,5.0,100,4.0,1740,5,4,1,749,43.04597701149425,102,367,239.0,1.6060362297110982,8.352388210705316
8,35.555,4042531,4,15,5000,5.0,100,5.0,1740,5,4,1,749,43.04597701149425,102,367,239.0,1.6060362297110982,8.352388210705316
8,35.555,4042531,4,15,5000,5.0,100,6.0,1740,5,4,1,749,43.04597701149425,102,367,239.0,1.6060362297110982,8.352388210705316
8,35.555,4042531,4,15,5000,5.0,200,4.0,1740,5,2,3,749,43.04597701149425,347,367,357.0,2.2448682974931478,8.301354215671612
8,35.555,4042531,4,15,5000,5.0,200,5.0,1740,5,2,3,749,43.04597701149425,347,367,357.0,2.2448682974931478,8.301354215671612
8,35.555,4042531,4,15,5000,5.0,200,6.0,1740,5,2,3,749,43.04597701149425,347,367,357.0,2.2448682974931478,8.301354215671612
8,35.555,4042531,4,15,5000,5.0,300,4.0,1740,5,2,3,749,43.04597701149425,347,367,357.0,2.2448682974931478,8.301354215671612
8,35.555,4042531,4,15,5000,5.0,300,5.0,1740,5,2,3,749,43.04597701149425,347,367,357.0,2.2448682974931478,8.301354215671612
8,35.555,4042531,4,15,5000,5.0,300,6.0,1740,5,2,3,749,43.04597701149425,347,367,357.0,2.2448682974931478,8.301354215671612
8,35.555,4042531,4,15,10000,10.0,100,4.0,3392,5,4,1,1404,41.39150943396226,190,736,478.0,1.6424711546122832,8.32765308076631
8,35.555,4042531,4,15,10000,10.0,100,5.0,3392,5,4,1,1404,41.39150943396226,190,736,478.0,1.6424711546122832,8.32765308076631
8,35.555,4042531,4,15,10000,10.0,100,6.0,3392,5,4,1,1404,41.39150943396226,190,736,478.0,1.6424711546122832,8.32765308076631
8,35.555,4042531,4,15,10000,10.0,200,4.0,3392,5,3,2,1404,41.39150943396226,278,736,574.0,1.7908088511857636,8.210586902327899
8,35.555,4042531,4,15,10000,10.0,200,5.0,3392,5,3,2,1404,41.39150943396226,278,736,574.0,1.7908088511857636,8.210586902327899
8,35.555,4042531,4,15,10000,10.0,200,6.0,3392,5,3,2,1404,41.39150943396226,278,736,574.0,1.7908088511857636,8.210586902327899
8,35.555,4042531,4,15,10000,10.0,300,4.0,3392,5,2,3,1404,41.39150943396226,708,736,722.0,2.2388196088012524,8.318460552032938
8,35.555,4042531,4,15,10000,10.0,300,5.0,3392,5,2,3,1404,41.39150943396226,708,736,722.0,2.2388196088012524,8.318460552032938
8,35.555,4042531,4,15,10000,10.0,300,6.0,3392,5,2,3,1404,41.39150943396226,708,736,722.0,2.2388196088012524,8.318460552032938
8,35.555,4042531,4,15,15000,15.0,100,4.0,5019,10,5,5,1960,39.05160390516039,112,1117,590.2,1.4861229716558177,7.781228256308869
8,35.555,4042531,4,15,15000,15.0,100,5.0,5019,10,5,5,1960,39.05160390516039,112,1117,590.2,1.4861229716558177,7.781228256308869
8,35.555,4042531,4,15,15000,15.0,100,6.0,5019,10,5,5,1960,39.05160390516039,112,1117,590.2,1.4861229716558177,7.781228256308869
8,35.555,4042531,4,15,15000,15.0,200,4.0,5019,10,4,6,1960,39.05160390516039,285,1117,709.75,1.6397252280080057,8.631783592521149
8,35.555,4042531,4,15,15000,15.0,200,5.0,5019,10,4,6,1960,39.05160390516039,285,1117,709.75,1.6397252280080057,8.631783592521149
8,35.555,4042531,4,15,15000,15.0,200,6.0,5019,10,4,6,1960,39.05160390516039,285,1117,709.75,1.6397252280080057,8.631783592521149
8,35.555,4042531,4,15,15000,15.0,300,4.0,5019,10,3,7,1960,39.05160390516039,386,1117,851.3333333333334,1.7710050334390317,8.353094771549754
8,35.555,4042531,4,15,15000,15.0,300,5.0,5019,10,3,7,1960,39.05160390516039,386,1117,851.3333333333334,1.7710050334390317,8.353094771549754
8,35.555,4042531,4,15,15000,15.0,300,6.0,5019,10,3,7,1960,39.05160390516039,386,1117,851.3333333333334,1.7710050334390317,8.353094771549754
8,35.555,4042531,4,15,20000,20.0,100,4.0,6710,23,5,18,2350,35.02235469448584,147,1482,791.6,1.4942934575433306,8.161535891611468
8,35.555,4042531,4,15,20000,20.0,100,5.0,6710,23,5,18,2350,35.02235469448584,147,1482,791.6,1.4942934575433306,8.161535891611468
8,35.555,4042531,4,15,20000,20.0,100,6.0,6710,23,5,18,2350,35.02235469448584,147,1482,791.6,1.4942934575433306,8.161535891611468
8,35.555,4042531,4,15,20000,20.0,200,4.0,6710,23,4,19,2350,35.02235469448584,397,1482,952.75,1.6352401177691263,8.769203978017238
8,35.555,4042531,4,15,20000,20.0,200,5.0,6710,23,4,19,2350,35.02235469448584,397,1482,952.75,1.6352401177691263,8.769203978017238
8,35.555,4042531,4,15,20000,20.0,200,6.0,6710,23,4,19,2350,35.02235469448584,397,1482,952.75,1.6352401177691263,8.769203978017238
8,35.555,4042531,4,15,20000,20.0,300,4.0,6710,23,4,19,2350,35.02235469448584,397,1482,952.75,1.6352401177691263,8.769203978017238
8,35.555,4042531,4,15,20000,20.0,300,5.0,6710,23,4,19,2350,35.02235469448584,397,1482,952.75,1.6352401177691263,8.769203978017238
8,35.555,4042531,4,15,20000,20.0,300,6.0,6710,23,4,19,2350,35.02235469448584,397,1482,952.75,1.6352401177691263,8.769203978017238
8,35.555,4042531,5,5,5000,5.0,100,4.0,1740,43,4,39,456,26.20689655172414,103,368,239.75,1.6048452519829564,8.463357211368189
8,35.555,4042531,5,5,5000,5.0,100,5.0,1740,43,4,39,456,26.20689655172414,103,368,239.75,1.6048452519829564,8.463357211368189
8,35.555,4042531,5,5,5000,5.0,100,6.0,1740,43,4,39,456,26.20689655172414,103,368,239.75,1.6048452519829564,8.463357211368189
8,35.555,4042531,5,5,5000,5.0,200,4.0,1740,43,2,41,456,26.20689655172414,347,368,357.5,2.2432697940259896,8.334592958341606
8,35.555,4042531,5,5,5000,5.0,200,5.0,1740,43,2,41,456,26.20689655172414,347,368,357.5,2.2432697940259896,8.334592958341606
8,35.555,4042531,5,5,5000,5.0,200,6.0,1740,43,2,41,456,26.20689655172414,347,368,357.5,2.2432697940259896,8.334592958341606
8,35.555,4042531,5,5,5000,5.0,300,4.0,1740,43,2,41,456,26.20689655172414,347,368,357.5,2.2432697940259896,8.334592958341606
8,35.555,4042531,5,5,5000,5.0,300,5.0,1740,43,2,41,456,26.20689655172414,347,368,357.5,2.2432697940259896,8.334592958341606
8,35.555,4042531,5,5,5000,5.0,300,6.0,1740,43,2,41,456,26.20689655172414,347,368,357.5,2.2432697940259896,8.334592958341606
8,35.555,4042531,5,5,10000,10.0,100,4.0,3392,93,4,89,452,13.325471698113208,190,736,478.0,1.6424711546122832,8.32765308076631
8,35.555,4042531,5,5,10000,10.0,100,5.0,3392,93,4,89,452,13.325471698113208,190,736,478.0,1.6424711546122832,8.32765308076631
8,35.555,4042531,5,5,10000,10.0,100,6.0,3392,93,4,89,452,13.325471698113208,190,736,478.0,1.6424711546122832,8.32765308076631
8,35.555,4042531,5,5,10000,10.0,200,4.0,3392,93,3,90,452,13.325471698113208,278,736,574.0,1.7908088511857636,8.210586902327899
8,35.555,4042531,5,5,10000,10.0,200,5.0,3392,93,3,90,452,13.325471698113208,278,736,574.0,1.7908088511857636,8.210586902327899
8,35.555,4042531,5,5,10000,10.0,200,6.0,3392,93,3,90,452,13.325471698113208,278,736,574.0,1.7908088511857636,8.210586902327899
8,35.555,4042531,5,5,10000,10.0,300,4.0,3392,93,2,91,452,13.325471698113208,708,736,722.0,2.2388196088012524,8.318460552032938
8,35.555,4042531,5,5,10000,10.0,300,5.0,3392,93,2,91,452,13.325471698113208,708,736,722.0,2.2388196088012524,8.318460552032938
8,35.555,4042531,5,5,10000,10.0,300,6.0,3392,93,2,91,452,13.325471698113208,708,736,722.0,2.2388196088012524,8.318460552032938
8,35.555,4042531,5,5,15000,15.0,100,4.0,5019,107,5,102,406,8.089260808926081,112,1117,590.2,1.4861229716558177,7.781228256308869
8,35.555,4042531,5,5,15000,15.0,100,5.0,5019,107,5,102,406,8.089260808926081,112,1117,590.2,1.4861229716558177,7.781228256308869
8,35.555,4042531,5,5,15000,15.0,100,6.0,5019,107,5,102,406,8.089260808926081,112,1117,590.2,1.4861229716558177,7.781228256308869
8,35.555,4042531,5,5,15000,15.0,200,4.0,5019,107,4,103,406,8.089260808926081,285,1117,709.75,1.6397252280080057,8.631783592521149
8,35.555,4042531,5,5,15000,15.0,200,5.0,5019,107,4,103,406,8.089260808926081,285,1117,709.75,1.6397252280080057,8.631783592521149
8,35.555,4042531,5,5,15000,15.0,200,6.0,5019,107,4,103,406,8.089260808926081,285,1117,709.75,1.6397252280080057,8.631783592521149
8,35.555,4042531,5,5,15000,15.0,300,4.0,5019,107,3,104,406,8.089260808926081,386,1117,851.3333333333334,1.7710050334390317,8.353094771549754
8,35.555,4042531,5,5,15000,15.0,300,5.0,5019,107,3,104,406,8.089260808926081,386,1117,851.3333333333334,1.7710050334390317,8.353094771549754
8,35.555,4042531,5,5,15000,15.0,300,6.0,5019,107,3,104,406,8.089260808926081,386,1117,851.3333333333334,1.7710050334390317,8.353094771549754
8,35.555,4042531,5,5,20000,20.0,100,4.0,6710,113,5,108,327,4.873323397913562,147,1482,792.0,1.5189257757863706,8.159981254975598
8,35.555,4042531,5,5,20000,20.0,100,5.0,6710,113,5,108,327,4.873323397913562,147,1482,792.0,1.5189257757863706,8.159981254975598
8,35.555,4042531,5,5,20000,20.0,100,6.0,6710,113,5,108,327,4.873323397913562,147,1482,792.0,1.5189257757863706,8.159981254975598
8,35.555,4042531,5,5,20000,20.0,200,4.0,6710,113,4,109,327,4.873323397913562,397,1482,953.25,1.6660305155729263,8.7672606822224
8,35.555,4042531,5,5,20000,20.0,200,5.0,6710,113,4,109,327,4.873323397913562,397,1482,953.25,1.6660305155729263,8.7672606822224
8,35.555,4042531,5,5,20000,20.0,200,6.0,6710,113,4,109,327,4.873323397913562,397,1482,953.25,1.6660305155729263,8.7672606822224
8,35.555,4042531,5,5,20000,20.0,300,4.0,6710,113,4,109,327,4.873323397913562,397,1482,953.25,1.6660305155729263,8.7672606822224
8,35.555,4042531,5,5,20000,20.0,300,5.0,6710,113,4,109,327,4.873323397913562,397,1482,953.25,1.6660305155729263,8.7672606822224
8,35.555,4042531,5,5,20000,20.0,300,6.0,6710,113,4,109,327,4.873323397913562,397,1482,953.25,1.6660305155729263,8.7672606822224
8,35.555,4042531,5,10,5000,5.0,100,4.0,1740,7,4,3,725,41.666666666666664,103,368,239.75,1.6048452519829564,8.463357211368189
8,35.555,4042531,5,10,5000,5.0,100,5.0,1740,7,4,3,725,41.666666666666664,103,368,239.75,1.6048452519829564,8.463357211368189
8,35.555,4042531,5,10,5000,5.0,100,6.0,1740,7,4,3,725,41.666666666666664,103,368,239.75,1.6048452519829564,8.463357211368189
8,35.555,4042531,5,10,5000,5.0,200,4.0,1740,7,2,5,725,41.666666666666664,347,368,357.5,2.2432697940259896,8.334592958341606
8,35.555,4042531,5,10,5000,5.0,200,5.0,1740,7,2,5,725,41.666666666666664,347,368,357.5,2.2432697940259896,8.334592958341606
8,35.555,4042531,5,10,5000,5.0,200,6.0,1740,7,2,5,725,41.666666666666664,347,368,357.5,2.2432697940259896,8.334592958341606
8,35.555,4042531,5,10,5000,5.0,300,4.0,1740,7,2,5,725,41.666666666666664,347,368,357.5,2.2432697940259896,8.334592958341606
8,35.555,4042531,5,10,5000,5.0,300,5.0,1740,7,2,5,725,41.666666666666664,347,368,357.5,2.2432697940259896,8.334592958341606
8,35.555,4042531,5,10,5000,5.0,300,6.0,1740,7,2,5,725,41.666666666666664,347,368,357.5,2.2432697940259896,8.334592958341606
8,35.555,4042531,5,10,10000,10.0,100,4.0,3392,25,4,21,1094,32.25235849056604,190,736,478.0,1.6424711546122832,8.32765308076631
8,35.555,4042531,5,10,10000,10.0,100,5.0,3392,25,4,21,1094,32.25235849056604,190,736,478.0,1.6424711546122832,8.32765308076631
8,35.555,4042531,5,10,10000,10.0,100,6.0,3392,25,4,21,1094,32.25235849056604,190,736,478.0,1.6424711546122832,8.32765308076631
8,35.555,4042531,5,10,10000,10.0,200,4.0,3392,25,3,22,1094,32.25235849056604,278,736,574.0,1.7908088511857636,8.210586902327899
8,35.555,4042531,5,10,10000,10.0,200,5.0,3392,25,3,22,1094,32.25235849056604,278,736,574.0,1.7908088511857636,8.210586902327899
8,35.555,4042531,5,10,10000,10.0,200,6.0,3392,25,3,22,1094,32.25235849056604,278,736,574.0,1.7908088511857636,8.210586902327899
8,35.555,4042531,5,10,10000,10.0,300,4.0,3392,25,2,23,1094,32.25235849056604,708,736,722.0,2.2388196088012524,8.318460552032938
8,35.555,4042531,5,10,10000,10.0,300,5.0,3392,25,2,23,1094,32.25235849056604,708,736,722.0,2.2388196088012524,8.318460552032938
8,35.555,4042531,5,10,10000,10.0,300,6.0,3392,25,2,23,1094,32.25235849056604,708,736,722.0,2.2388196088012524,8.318460552032938
8,35.555,4042531,5,10,15000,15.0,100,4.0,5019,55,5,50,1134,22.594142259414227,112,1117,590.2,1.4861229716558177,7.781228256308869
8,35.555,4042531,5,10,15000,15.0,100,5.0,5019,55,5,50,1134,22.594142259414227,112,1117,590.2,1.4861229716558177,7.781228256308869
8,35.555,4042531,5,10,15000,15.0,100,6.0,5019,55,5,50,1134,22.594142259414227,112,1117,590.2,1.4861229716558177,7.781228256308869
8,35.555,4042531,5,10,15000,15.0,200,4.0,5019,55,4,51,1134,22.594142259414227,285,1117,709.75,1.6397252280080057,8.631783592521149
8,35.555,4042531,5,10,15000,15.0,200,5.0,5019,55,4,51,1134,22.594142259414227,285,1117,709.75,1.6397252280080057,8.631783592521149
8,35.555,4042531,5,10,15000,15.0,200,6.0,5019,55,4,51,1134,22.594142259414227,285,1117,709.75,1.6397252280080057,8.631783592521149
8,35.555,4042531,5,10,15000,15.0,300,4.0,5019,55,3,52,1134,22.594142259414227,386,1117,851.3333333333334,1.7710050334390317,8.353094771549754
8,35.555,4042531,5,10,15000,15.0,300,5.0,5019,55,3,52,1134,22.594142259414227,386,1117,851.3333333333334,1.7710050334390317,8.353094771549754
8,35.555,4042531,5,10,15000,15.0,300,6.0,5019,55,3,52,1134,22.594142259414227,386,1117,851.3333333333334,1.7710050334390317,8.353094771549754
8,35.555,4042531,5,10,20000,20.0,100,4.0,6710,73,5,68,1081,16.11028315946349,147,1482,791.8,1.500848305335717,8.160893282132983
8,35.555,4042531,5,10,20000,20.0,100,5.0,6710,73,5,68,1081,16.11028315946349,147,1482,791.8,1.500848305335717,8.160893282132983
8,35.555,4042531,5,10,20000,20.0,100,6.0,6710,73,5,68,1081,16.11028315946349,147,1482,791.8,1.500848305335717,8.160893282132983
8,35.555,4042531,5,10,20000,20.0,200,4.0,6710,73,4,69,1081,16.11028315946349,397,1482,953.0,1.6434336775096092,8.76840071616913
8,35.555,4042531,5,10,20000,20.0,200,5.0,6710,73,4,69,1081,16.11028315946349,397,1482,953.0,1.6434336775096092,8.76840071616913
8,35.555,4042531,5,10,20000,20.0,200,6.0,6710,73,4,69,1081,16.11028315946349,397,1482,953.0,1.6434336775096092,8.76840071616913
8,35.555,4042531,5,10,20000,20.0,300,4.0,6710,73,4,69,1081,16.11028315946349,397,1482,953.0,1.6434336775096092,8.76840071616913
8,35.555,4042531,5,10,20000,20.0,300,5.0,6710,73,4,69,1081,16.11028315946349,397,1482,953.0,1.6434336775096092,8.76840071616913
8,35.555,4042531,5,10,20000,20.0,300,6.0,6710,73,4,69,1081,16.11028315946349,397,1482,953.0,1.6434336775096092,8.76840071616913
8,35.555,4042531,5,15,5000,5.0,100,4.0,1740,5,4,1,746,42.87356321839081,103,368,239.75,1.6048452519829564,8.463357211368189
8,35.555,4042531,5,15,5000,5.0,100,5.0,1740,5,4,1,746,42.87356321839081,103,368,239.75,1.6048452519829564,8.463357211368189
8,35.555,4042531,5,15,5000,5.0,100,6.0,1740,5,4,1,746,42.87356321839081,103,368,239.75,1.6048452519829564,8.463357211368189
8,35.555,4042531,5,15,5000,5.0,200,4.0,1740,5,2,3,746,42.87356321839081,347,368,357.5,2.2432697940259896,8.334592958341606
8,35.555,4042531,5,15,5000,5.0,200,5.0,1740,5,2,3,746,42.87356321839081,347,368,357.5,2.2432697940259896,8.334592958341606
8,35.555,4042531,5,15,5000,5.0,200,6.0,1740,5,2,3,746,42.87356321839081,347,368,357.5,2.2432697940259896,8.334592958341606
8,35.555,4042531,5,15,5000,5.0,300,4.0,1740,5,2,3,746,42.87356321839081,347,368,357.5,2.2432697940259896,8.334592958341606
8,35.555,4042531,5,15,5000,5.0,300,5.0,1740,5,2,3,746,42.87356321839081,347,368,357.5,2.2432697940259896,8.334592958341606
8,35.555,4042531,5,15,5000,5.0,300,6.0,1740,5,2,3,746,42.87356321839081,347,368,357.5,2.2432697940259896,8.334592958341606
8,35.555,4042531,5,15,10000,10.0,100,4.0,3392,10,4,6,1313,38.70872641509434,190,736,478.0,1.6424711546122832,8.32765308076631
8,35.555,4042531,5,15,10000,10.0,100,5.0,3392,10,4,6,1313,38.70872641509434,190,736,478.0,1.6424711546122832,8.32765308076631
8,35.555,4042531,5,15,10000,10.0,100,6.0,3392,10,4,6,1313,38.70872641509434,190,736,478.0,1.6424711546122832,8.32765308076631
8,35.555,4042531,5,15,10000,10.0,200,4.0,3392,10,3,7,1313,38.70872641509434,278,736,574.0,1.7908088511857636,8.210586902327899
8,35.555,4042531,5,15,10000,10.0,200,5.0,3392,10,3,7,1313,38.70872641509434,278,736,574.0,1.7908088511857636,8.210586902327899
8,35.555,4042531,5,15,10000,10.0,200,6.0,3392,10,3,7,1313,38.70872641509434,278,736,574.0,1.7908088511857636,8.210586902327899
8,35.555,4042531,5,15,10000,10.0,300,4.0,3392,10,2,8,1313,38.70872641509434,708,736,722.0,2.2388196088012524,8.318460552032938
8,35.555,4042531,5,15,10000,10.0,300,5.0,3392,10,2,8,1313,38.70872641509434,708,736,722.0,2.2388196088012524,8.318460552032938
8,35.555,4042531,5,15,10000,10.0,300,6.0,3392,10,2,8,1313,38.70872641509434,708,736,722.0,2.2388196088012524,8.318460552032938
8,35.555,4042531,5,15,15000,15.0,100,4.0,5019,22,5,17,1682,33.51265192269376,112,1117,590.2,1.4861229716558177,7.781228256308869
8,35.555,4042531,5,15,15000,15.0,100,5.0,5019,22,5,17,1682,33.51265192269376,112,1117,590.2,1.4861229716558177,7.781228256308869
8,35.555,4042531,5,15,15000,15.0,100,6.0,5019,22,5,17,1682,33.51265192269376,112,1117,590.2,1.4861229716558177,7.781228256308869
8,35.555,4042531,5,15,15000,15.0,200,4.0,5019,22,4,18,1682,33.51265192269376,285,1117,709.75,1.6397252280080057,8.631783592521149
8,35.555,4042531,5,15,15000,15.0,200,5.0,5019,22,4,18,1682,33.51265192269376,285,1117,709.75,1.6397252280080057,8.631783592521149
8,35.555,4042531,5,15,15000,15.0,200,6.0,5019,22,4,18,1682,33.51265192269376,285,1117,709.75,1.6397252280080057,8.631783592521149
8,35.555,4042531,5,15,15000,15.0,300,4.0,5019,22,3,19,1682,33.51265192269376,386,1117,851.3333333333334,1.7710050334390317,8.353094771549754
8,35.555,4042531,5,15,15000,15.0,300,5.0,5019,22,3,19,1682,33.51265192269376,386,1117,851.3333333333334,1.7710050334390317,8.353094771549754
8,35.555,4042531,5,15,15000,15.0,300,6.0,5019,22,3,19,1682,33.51265192269376,386,1117,851.3333333333334,1.7710050334390317,8.353094771549754
8,35.555,4042531,5,15,20000,20.0,100,4.0,6710,38,5,33,1855,27.64530551415797,147,1482,791.8,1.500848305335717,8.160893282132983
8,35.555,4042531,5,15,20000,20.0,100,5.0,6710,38,5,33,1855,27.64530551415797,147,1482,791.8,1.500848305335717,8.160893282132983
8,35.555,4042531,5,15,20000,20.0,100,6.0,6710,38,5,33,1855,27.64530551415797,147,1482,791.8,1.500848305335717,8.160893282132983
8,35.555,4042531,5,15,20000,20.0,200,4.0,6710,38,4,34,1855,27.64530551415797,397,1482,953.0,1.6434336775096092,8.76840071616913
8,35.555,4042531,5,15,20000,20.0,200,5.0,6710,38,4,34,1855,27.64530551415797,397,1482,953.0,1.6434336775096092,8.76840071616913
8,35.555,4042531,5,15,20000,20.0,200,6.0,6710,38,4,34,1855,27.64530551415797,397,1482,953.0,1.6434336775096092,8.76840071616913
8,35.555,4042531,5,15,20000,20.0,300,4.0,6710,38,4,34,1855,27.64530551415797,397,1482,953.0,1.6434336775096092,8.76840071616913
8,35.555,4042531,5,15,20000,20.0,300,5.0,6710,38,4,34,1855,27.64530551415797,397,1482,953.0,1.6434336775096092,8.76840071616913
8,35.555,4042531,5,15,20000,20.0,300,6.0,6710,38,4,34,1855,27.64530551415797,397,1482,953.0,1.6434336775096092,8.76840071616913
9,40.0,4046976,2,5,5000,5.0,100,4.0,1655,12,3,9,677,40.90634441087613,114,367,275.3333333333333,1.7815132303739214,7.331211072611663
9,40.0,4046976,2,5,5000,5.0,100,5.0,1655,12,3,9,677,40.90634441087613,114,367,275.3333333333333,1.7815132303739214,7.331211072611663
9,40.0,4046976,2,5,5000,5.0,100,6.0,1655,12,3,9,677,40.90634441087613,114,367,275.3333333333333,1.7815132303739214,7.331211072611663
9,40.0,4046976,2,5,5000,5.0,200,4.0,1655,12,2,10,677,40.90634441087613,345,367,356.0,2.1895546041306804,8.069261415748809
9,40.0,4046976,2,5,5000,5.0,200,5.0,1655,12,2,10,677,40.90634441087613,345,367,356.0,2.1895546041306804,8.069261415748809
9,40.0,4046976,2,5,5000,5.0,200,6.0,1655,12,2,10,677,40.90634441087613,345,367,356.0,2.1895546041306804,8.069261415748809
9,40.0,4046976,2,5,5000,5.0,300,4.0,1655,12,2,10,677,40.90634441087613,345,367,356.0,2.1895546041306804,8.069261415748809
9,40.0,4046976,2,5,5000,5.0,300,5.0,1655,12,2,10,677,40.90634441087613,345,367,356.0,2.1895546041306804,8.069261415748809
9,40.0,4046976,2,5,5000,5.0,300,6.0,1655,12,2,10,677,40.90634441087613,345,367,356.0,2.1895546041306804,8.069261415748809
9,40.0,4046976,2,5,10000,10.0,100,4.0,3290,45,4,41,1083,32.91793313069909,191,746,460.75,1.6514825035064877,8.288543635449336
9,40.0,4046976,2,5,10000,10.0,100,5.0,3290,45,4,41,1083,32.91793313069909,191,746,460.75,1.6514825035064877,8.288543635449336
9,40.0,4046976,2,5,10000,10.0,100,6.0,3290,45,4,41,1083,32.91793313069909,191,746,460.75,1.6514825035064877,8.288543635449336
9,40.0,4046976,2,5,10000,10.0,200,4.0,3290,45,3,42,1083,32.91793313069909,211,746,550.6666666666666,1.760796286118077,7.585450168951989
9,40.0,4046976,2,5,10000,10.0,200,5.0,3290,45,3,42,1083,32.91793313069909,211,746,550.6666666666666,1.760796286118077,7.585450168951989
9,40.0,4046976,2,5,10000,10.0,200,6.0,3290,45,3,42,1083,32.91793313069909,211,746,550.6666666666666,1.760796286118077,7.585450168951989
9,40.0,4046976,2,5,10000,10.0,300,4.0,3290,45,2,43,1083,32.91793313069909,695,746,720.5,2.1759663271180436,8.209229682282377
9,40.0,4046976,2,5,10000,10.0,300,5.0,3290,45,2,43,1083,32.91793313069909,695,746,720.5,2.1759663271180436,8.209229682282377
9,40.0,4046976,2,5,10000,10.0,300,6.0,3290,45,2,43,1083,32.91793313069909,695,746,720.5,2.1759663271180436,8.209229682282377
9,40.0,4046976,2,5,15000,15.0,100,4.0,4982,97,5,92,1338,26.85668406262545,111,1106,590.0,1.4727647713344898,8.058601795364417
9,40.0,4046976,2,5,15000,15.0,100,5.0,4982,97,5,92,1338,26.85668406262545,111,1106,590.0,1.4727647713344898,8.058601795364417
9,40.0,4046976,2,5,15000,15.0,100,6.0,4982,97,5,92,1338,26.85668406262545,111,1106,590.0,1.4727647713344898,8.058601795364417
9,40.0,4046976,2,5,15000,15.0,200,4.0,4982,97,4,93,1338,26.85668406262545,305,1106,709.75,1.6261284039940507,8.963026661683063
9,40.0,4046976,2,5,15000,15.0,200,5.0,4982,97,4,93,1338,26.85668406262545,305,1106,709.75,1.6261284039940507,8.963026661683063
9,40.0,4046976,2,5,15000,15.0,200,6.0,4982,97,4,93,1338,26.85668406262545,305,1106,709.75,1.6261284039940507,8.963026661683063
9,40.0,4046976,2,5,15000,15.0,300,4.0,4982,97,4,93,1338,26.85668406262545,305,1106,709.75,1.6261284039940507,8.963026661683063
9,40.0,4046976,2,5,15000,15.0,300,5.0,4982,97,4,93,1338,26.85668406262545,305,1106,709.75,1.6261284039940507,8.963026661683063
9,40.0,4046976,2,5,15000,15.0,300,6.0,4982,97,4,93,1338,26.85668406262545,305,1106,709.75,1.6261284039940507,8.963026661683063
9,40.0,4046976,2,5,20000,20.0,100,4.0,6733,134,5,129,1610,23.912074855190852,147,1483,794.4,1.4916104021233507,8.335222760363816
9,40.0,4046976,2,5,20000,20.0,100,5.0,6733,134,5,129,1610,23.912074855190852,147,1483,794.4,1.4916104021233507,8.335222760363816
9,40.0,4046976,2,5,20000,20.0,100,6.0,6733,134,5,129,1610,23.912074855190852,147,1483,794.4,1.4916104021233507,8.335222760363816
9,40.0,4046976,2,5,20000,20.0,200,4.0,6733,134,4,130,1610,23.912074855190852,420,1483,956.25,1.6346630595519203,8.966404564066535
9,40.0,4046976,2,5,20000,20.0,200,5.0,6733,134,4,130,1610,23.912074855190852,420,1483,956.25,1.6346630595519203,8.966404564066535
9,40.0,4046976,2,5,20000,20.0,200,6.0,6733,134,4,130,1610,23.912074855190852,420,1483,956.25,1.6346630595519203,8.966404564066535
9,40.0,4046976,2,5,20000,20.0,300,4.0,6733,134,4,130,1610,23.912074855190852,420,1483,956.25,1.6346630595519203,8.966404564066535
9,40.0,4046976,2,5,20000,20.0,300,5.0,6733,134,4,130,1610,23.912074855190852,420,1483,956.25,1.6346630595519203,8.966404564066535
9,40.0,4046976,2,5,20000,20.0,300,6.0,6733,134,4,130,1610,23.912074855190852,420,1483,956.25,1.6346630595519203,8.966404564066535
9,40.0,4046976,2,10,5000,5.0,100,4.0,1655,7,3,4,763,46.10271903323263,112,340,259.6666666666667,1.750449410386959,6.663958063191745
9,40.0,4046976,2,10,5000,5.0,100,5.0,1655,7,3,4,763,46.10271903323263,112,340,259.6666666666667,1.750449410386959,6.663958063191745
9,40.0,4046976,2,10,5000,5.0,100,6.0,1655,7,3,4,763,46.10271903323263,112,340,259.6666666666667,1.750449410386959,6.663958063191745
9,40.0,4046976,2,10,5000,5.0,200,4.0,1655,7,2,5,763,46.10271903323263,327,340,333.5,2.139107931196737,7.174452013979199
9,40.0,4046976,2,10,5000,5.0,200,5.0,1655,7,2,5,763,46.10271903323263,327,340,333.5,2.139107931196737,7.174452013979199
9,40.0,4046976,2,10,5000,5.0,200,6.0,1655,7,2,5,763,46.10271903323263,327,340,333.5,2.139107931196737,7.174452013979199
9,40.0,4046976,2,10,5000,5.0,300,4.0,1655,7,2,5,763,46.10271903323263,327,340,333.5,2.139107931196737,7.174452013979199
9,40.0,4046976,2,10,5000,5.0,300,5.0,1655,7,2,5,763,46.10271903323263,327,340,333.5,2.139107931196737,7.174452013979199
9,40.0,4046976,2,10,5000,5.0,300,6.0,1655,7,2,5,763,46.10271903323263,327,340,333.5,2.139107931196737,7.174452013979199
9,40.0,4046976,2,10,10000,10.0,100,4.0,3290,7,4,3,1342,40.790273556231,111,746,440.75,1.6050416051361949,7.659585683633118
9,40.0,4046976,2,10,10000,10.0,100,5.0,3290,7,4,3,1342,40.790273556231,111,746,440.75,1.6050416051361949,7.659585683633118
9,40.0,4046976,2,10,10000,10.0,100,6.0,3290,7,4,3,1342,40.790273556231,111,746,440.75,1.6050416051361949,7.659585683633118
9,40.0,4046976,2,10,10000,10.0,200,4.0,3290,7,3,4,1342,40.790273556231,211,746,550.6666666666666,1.760796286118077,7.585450168951989
9,40.0,4046976,2,10,10000,10.0,200,5.0,3290,7,3,4,1342,40.790273556231,211,746,550.6666666666666,1.760796286118077,7.585450168951989
9,40.0,4046976,2,10,10000,10.0,200,6.0,3290,7,3,4,1342,40.790273556231,211,746,550.6666666666666,1.760796286118077,7.585450168951989
9,40.0,4046976,2,10,10000,10.0,300,4.0,3290,7,2,5,1342,40.790273556231,695,746,720.5,2.1759663271180436,8.209229682282377
9,40.0,4046976,2,10,10000,10.0,300,5.0,3290,7,2,5,1342,40.790273556231,695,746,720.5,2.1759663271180436,8.209229682282377
9,40.0,4046976,2,10,10000,10.0,300,6.0,3290,7,2,5,1342,40.790273556231,695,746,720.5,2.1759663271180436,8.209229682282377
9,40.0,4046976,2,10,15000,15.0,100,4.0,4982,12,5,7,1948,39.100762745885184,111,1106,590.0,1.4727647713344898,8.058601795364417
9,40.0,4046976,2,10,15000,15.0,100,5.0,4982,12,5,7,1948,39.100762745885184,111,1106,590.0,1.4727647713344898,8.058601795364417
9,40.0,4046976,2,10,15000,15.0,100,6.0,4982,12,5,7,1948,39.100762745885184,111,1106,590.0,1.4727647713344898,8.058601795364417
9,40.0,4046976,2,10,15000,15.0,200,4.0,4982,12,4,8,1948,39.100762745885184,305,1106,709.75,1.6261284039940507,8.963026661683063
9,40.0,4046976,2,10,15000,15.0,200,5.0,4982,12,4,8,1948,39.100762745885184,305,1106,709.75,1.6261284039940507,8.963026661683063
9,40.0,4046976,2,10,15000,15.0,200,6.0,4982,12,4,8,1948,39.100762745885184,305,1106,709.75,1.6261284039940507,8.963026661683063
9,40.0,4046976,2,10,15000,15.0,300,4.0,4982,12,4,8,1948,39.100762745885184,305,1106,709.75,1.6261284039940507,8.963026661683063
9,40.0,4046976,2,10,15000,15.0,300,5.0,4982,12,4,8,1948,39.100762745885184,305,1106,709.75,1.6261284039940507,8.963026661683063
9,40.0,4046976,2,10,15000,15.0,300,6.0,4982,12,4,8,1948,39.100762745885184,305,1106,709.75,1.6261284039940507,8.963026661683063
9,40.0,4046976,2,10,20000,20.0,100,4.0,6733,21,5,16,2522,37.45729986633002,147,1483,794.2,1.489498454152238,8.335688046458964
9,40.0,4046976,2,10,20000,20.0,100,5.0,6733,21,5,16,2522,37.45729986633002,147,1483,794.2,1.489498454152238,8.335688046458964
9,40.0,4046976,2,10,20000,20.0,100,6.0,6733,21,5,16,2522,37.45729986633002,147,1483,794.2,1.489498454152238,8.335688046458964
9,40.0,4046976,2,10,20000,20.0,200,4.0,6733,21,4,17,2522,37.45729986633002,420,1483,956.0,1.6320231245880295,8.96698617168547
9,40.0,4046976,2,10,20000,20.0,200,5.0,6733,21,4,17,2522,37.45729986633002,420,1483,956.0,1.6320231245880295,8.96698617168547
9,40.0,4046976,2,10,20000,20.0,200,6.0,6733,21,4,17,2522,37.45729986633002,420,1483,956.0,1.6320231245880295,8.96698617168547
9,40.0,4046976,2,10,20000,20.0,300,4.0,6733,21,4,17,2522,37.45729986633002,420,1483,956.0,1.6320231245880295,8.96698617168547
9,40.0,4046976,2,10,20000,20.0,300,5.0,6733,21,4,17,2522,37.45729986633002,420,1483,956.0,1.6320231245880295,8.96698617168547
9,40.0,4046976,2,10,20000,20.0,300,6.0,6733,21,4,17,2522,37.45729986633002,420,1483,956.0,1.6320231245880295,8.96698617168547
9,40.0,4046976,2,15,5000,5.0,100,4.0,1655,5,2,3,881,53.23262839879154,314,316,315.0,2.0978541896935408,6.472398187395413
9,40.0,4046976,2,15,5000,5.0,100,5.0,1655,5,2,3,881,53.23262839879154,314,316,315.0,2.0978541896935408,6.472398187395413
9,40.0,4046976,2,15,5000,5.0,100,6.0,1655,5,2,3,881,53.23262839879154,314,316,315.0,2.0978541896935408,6.472398187395413
9,40.0,4046976,2,15,5000,5.0,200,4.0,1655,5,2,3,881,53.23262839879154,314,316,315.0,2.0978541896935408,6.472398187395413
9,40.0,4046976,2,15,5000,5.0,200,5.0,1655,5,2,3,881,53.23262839879154,314,316,315.0,2.0978541896935408,6.472398187395413
9,40.0,4046976,2,15,5000,5.0,200,6.0,1655,5,2,3,881,53.23262839879154,314,316,315.0,2.0978541896935408,6.472398187395413
9,40.0,4046976,2,15,5000,5.0,300,4.0,1655,5,2,3,881,53.23262839879154,314,316,315.0,2.0978541896935408,6.472398187395413
9,40.0,4046976,2,15,5000,5.0,300,5.0,1655,5,2,3,881,53.23262839879154,314,316,315.0,2.0978541896935408,6.472398187395413
9,40.0,4046976,2,15,5000,5.0,300,6.0,1655,5,2,3,881,53.23262839879154,314,316,315.0,2.0978541896935408,6.472398187395413
9,40.0,4046976,2,15,10000,10.0,100,4.0,3290,9,3,6,1408,42.796352583586625,211,722,529.3333333333334,1.7675954222820842,7.090573329604805
9,40.0,4046976,2,15,10000,10.0,100,5.0,3290,9,3,6,1408,42.796352583586625,211,722,529.3333333333334,1.7675954222820842,7.090573329604805
9,40.0,4046976,2,15,10000,10.0,100,6.0,3290,9,3,6,1408,42.796352583586625,211,722,529.3333333333334,1.7675954222820842,7.090573329604805
9,40.0,4046976,2,15,10000,10.0,200,4.0,3290,9,3,6,1408,42.796352583586625,211,722,529.3333333333334,1.7675954222820842,7.090573329604805
9,40.0,4046976,2,15,10000,10.0,200,5.0,3290,9,3,6,1408,42.796352583586625,211,722,529.3333333333334,1.7675954222820842,7.090573329604805
9,40.0,4046976,2,15,10000,10.0,200,6.0,3290,9,3,6,1408,42.796352583586625,211,722,529.3333333333334,1.7675954222820842,7.090573329604805
9,40.0,4046976,2,15,10000,10.0,300,4.0,3290,9,2,7,1408,42.796352583586625,655,722,688.5,2.1861650313640544,7.466914423261601
9,40.0,4046976,2,15,10000,10.0,300,5.0,3290,9,2,7,1408,42.796352583586625,655,722,688.5,2.1861650313640544,7.466914423261601
9,40.0,4046976,2,15,10000,10.0,300,6.0,3290,9,2,7,1408,42.796352583586625,655,722,688.5,2.1861650313640544,7.466914423261601
9,40.0,4046976,2,15,15000,15.0,100,4.0,4982,5,5,0,2035,40.84704937775994,111,1106,589.4,1.473340698158289,8.020042811439163
9,40.0,4046976,2,15,15000,15.0,100,5.0,4982,5,5,0,2035,40.84704937775994,111,1106,589.4,1.473340698158289,8.020042811439163
9,40.0,4046976,2,15,15000,15.0,100,6.0,4982,5,5,0,2035,40.84704937775994,111,1106,589.4,1.473340698158289,8.020042811439163
9,40.0,4046976,2,15,15000,15.0,200,4.0,4982,5,4,1,2035,40.84704937775994,305,1106,709.0,1.6268483125237996,8.914827931776495
9,40.0,4046976,2,15,15000,15.0,200,5.0,4982,5,4,1,2035,40.84704937775994,305,1106,709.0,1.6268483125237996,8.914827931776495
9,40.0,4046976,2,15,15000,15.0,200,6.0,4982,5,4,1,2035,40.84704937775994,305,1106,709.0,1.6268483125237996,8.914827931776495
9,40.0,4046976,2,15,15000,15.0,300,4.0,4982,5,4,1,2035,40.84704937775994,305,1106,709.0,1.6268483125237996,8.914827931776495
9,40.0,4046976,2,15,15000,15.0,300,5.0,4982,5,4,1,2035,40.84704937775994,305,1106,709.0,1.6268483125237996,8.914827931776495
9,40.0,4046976,2,15,15000,15.0,300,6.0,4982,5,4,1,2035,40.84704937775994,305,1106,709.0,1.6268483125237996,8.914827931776495
9,40.0,4046976,2,15,20000,20.0,100,4.0,6733,7,5,2,2734,40.6059705926036,147,1483,794.2,1.489498454152238,8.335688046458964
9,40.0,4046976,2,15,20000,20.0,100,5.0,6733,7,5,2,2734,40.6059705926036,147,1483,794.2,1.489498454152238,8.335688046458964
9,40.0,4046976,2,15,20000,20.0,100,6.0,6733,7,5,2,2734,40.6059705926036,147,1483,794.2,1.489498454152238,8.335688046458964
9,40.0,4046976,2,15,20000,20.0,200,4.0,6733,7,4,3,2734,40.6059705926036,420,1483,956.0,1.6320231245880295,8.96698617168547
9,40.0,4046976,2,15,20000,20.0,200,5.0,6733,7,4,3,2734,40.6059705926036,420,1483,956.0,1.6320231245880295,8.96698617168547
9,40.0,4046976,2,15,20000,20.0,200,6.0,6733,7,4,3,2734,40.6059705926036,420,1483,956.0,1.6320231245880295,8.96698617168547
9,40.0,4046976,2,15,20000,20.0,300,4.0,6733,7,4,3,2734,40.6059705926036,420,1483,956.0,1.6320231245880295,8.96698617168547
9,40.0,4046976,2,15,20000,20.0,300,5.0,6733,7,4,3,2734,40.6059705926036,420,1483,956.0,1.6320231245880295,8.96698617168547
9,40.0,4046976,2,15,20000,20.0,300,6.0,6733,7,4,3,2734,40.6059705926036,420,1483,956.0,1.6320231245880295,8.96698617168547
9,40.0,4046976,3,5,5000,5.0,100,4.0,1655,19,3,16,621,37.522658610271904,114,369,277.3333333333333,1.8059344185363357,7.3909207214812875
9,40.0,4046976,3,5,5000,5.0,100,5.0,1655,19,3,16,621,37.522658610271904,114,369,277.3333333333333,1.8059344185363357,7.3909207214812875
9,40.0,4046976,3,5,5000,5.0,100,6.0,1655,19,3,16,621,37.522658610271904,114,369,277.3333333333333,1.8059344185363357,7.3909207214812875
9,40.0,4046976,3,5,5000,5.0,200,4.0,1655,19,2,17,621,37.522658610271904,349,369,359.0,2.2261863863743017,8.158825889053245
9,40.0,4046976,3,5,5000,5.0,200,5.0,1655,19,2,17,621,37.522658610271904,349,369,359.0,2.2261863863743017,8.158825889053245
9,40.0,4046976,3,5,5000,5.0,200,6.0,1655,19,2,17,621,37.522658610271904,349,369,359.0,2.2261863863743017,8.158825889053245
9,40.0,4046976,3,5,5000,5.0,300,4.0,1655,19,2,17,621,37.522658610271904,349,369,359.0,2.2261863863743017,8.158825889053245
9,40.0,4046976,3,5,5000,5.0,300,5.0,1655,19,2,17,621,37.522658610271904,349,369,359.0,2.2261863863743017,8.158825889053245
9,40.0,4046976,3,5,5000,5.0,300,6.0,1655,19,2,17,621,37.522658610271904,349,369,359.0,2.2261863863743017,8.158825889053245
9,40.0,4046976,3,5,10000,10.0,100,4.0,3290,71,4,67,866,26.322188449848024,191,749,469.25,1.6515907459559163,8.906776317152266
9,40.0,4046976,3,5,10000,10.0,100,5.0,3290,71,4,67,866,26.322188449848024,191,749,469.25,1.6515907459559163,8.906776317152266
9,40.0,4046976,3,5,10000,10.0,100,6.0,3290,71,4,67,866,26.322188449848024,191,749,469.25,1.6515907459559163,8.906776317152266
9,40.0,4046976,3,5,10000,10.0,200,4.0,3290,71,3,68,866,26.322188449848024,241,749,562.0,1.7609406093839814,8.409760411222562
9,40.0,4046976,3,5,10000,10.0,200,5.0,3290,71,3,68,866,26.322188449848024,241,749,562.0,1.7609406093839814,8.409760411222562
9,40.0,4046976,3,5,10000,10.0,200,6.0,3290,71,3,68,866,26.322188449848024,241,749,562.0,1.7609406093839814,8.409760411222562
9,40.0,4046976,3,5,10000,10.0,300,4.0,3290,71,2,69,866,26.322188449848024,696,749,722.5,2.1957438076163025,8.219687720941597
9,40.0,4046976,3,5,10000,10.0,300,5.0,3290,71,2,69,866,26.322188449848024,696,749,722.5,2.1957438076163025,8.219687720941597
9,40.0,4046976,3,5,10000,10.0,300,6.0,3290,71,2,69,866,26.322188449848024,696,749,722.5,2.1957438076163025,8.219687720941597
9,40.0,4046976,3,5,15000,15.0,100,4.0,4982,130,5,125,945,18.968285828984342,111,1111,591.2,1.4776788722725462,8.070422892396003
9,40.0,4046976,3,5,15000,15.0,100,5.0,4982,130,5,125,945,18.968285828984342,111,1111,591.2,1.4776788722725462,8.070422892396003
9,40.0,4046976,3,5,15000,15.0,100,6.0,4982,130,5,125,945,18.968285828984342,111,1111,591.2,1.4776788722725462,8.070422892396003
9,40.0,4046976,3,5,15000,15.0,200,4.0,4982,130,4,126,945,18.968285828984342,305,1111,711.25,1.6322710301666212,8.977803032972545
9,40.0,4046976,3,5,15000,15.0,200,5.0,4982,130,4,126,945,18.968285828984342,305,1111,711.25,1.6322710301666212,8.977803032972545
9,40.0,4046976,3,5,15000,15.0,200,6.0,4982,130,4,126,945,18.968285828984342,305,1111,711.25,1.6322710301666212,8.977803032972545
9,40.0,4046976,3,5,15000,15.0,300,4.0,4982,130,4,126,945,18.968285828984342,305,1111,711.25,1.6322710301666212,8.977803032972545
9,40.0,4046976,3,5,15000,15.0,300,5.0,4982,130,4,126,945,18.968285828984342,305,1111,711.25,1.6322710301666212,8.977803032972545
9,40.0,4046976,3,5,15000,15.0,300,6.0,4982,130,4,126,945,18.968285828984342,305,1111,711.25,1.6322710301666212,8.977803032972545
9,40.0,4046976,3,5,20000,20.0,100,4.0,6733,163,5,158,1031,15.312639239566316,147,1489,795.8,1.4955678787456264,8.349892757614025
9,40.0,4046976,3,5,20000,20.0,100,5.0,6733,163,5,158,1031,15.312639239566316,147,1489,795.8,1.4955678787456264,8.349892757614025
9,40.0,4046976,3,5,20000,20.0,100,6.0,6733,163,5,158,1031,15.312639239566316,147,1489,795.8,1.4955678787456264,8.349892757614025
9,40.0,4046976,3,5,20000,20.0,200,4.0,6733,163,4,159,1031,15.312639239566316,420,1489,958.0,1.639609905329765,8.984742060629298
9,40.0,4046976,3,5,20000,20.0,200,5.0,6733,163,4,159,1031,15.312639239566316,420,1489,958.0,1.639609905329765,8.984742060629298
9,40.0,4046976,3,5,20000,20.0,200,6.0,6733,163,4,159,1031,15.312639239566316,420,1489,958.0,1.639609905329765,8.984742060629298
9,40.0,4046976,3,5,20000,20.0,300,4.0,6733,163,4,159,1031,15.312639239566316,420,1489,958.0,1.639609905329765,8.984742060629298
9,40.0,4046976,3,5,20000,20.0,300,5.0,6733,163,4,159,1031,15.312639239566316,420,1489,958.0,1.639609905329765,8.984742060629298
9,40.0,4046976,3,5,20000,20.0,300,6.0,6733,163,4,159,1031,15.312639239566316,420,1489,958.0,1.639609905329765,8.984742060629298
9,40.0,4046976,3,10,5000,5.0,100,4.0,1655,6,3,3,705,42.59818731117825,114,369,276.3333333333333,1.8087641680298205,7.323129639290873
9,40.0,4046976,3,10,5000,5.0,100,5.0,1655,6,3,3,705,42.59818731117825,114,369,276.3333333333333,1.8087641680298205,7.323129639290873
9,40.0,4046976,3,10,5000,5.0,100,6.0,1655,6,3,3,705,42.59818731117825,114,369,276.3333333333333,1.8087641680298205,7.323129639290873
9,40.0,4046976,3,10,5000,5.0,200,4.0,1655,6,2,4,705,42.59818731117825,346,369,357.5,2.230431010614529,8.057139265767624
9,40.0,4046976,3,10,5000,5.0,200,5.0,1655,6,2,4,705,42.59818731117825,346,369,357.5,2.230431010614529,8.057139265767624
9,40.0,4046976,3,10,5000,5.0,200,6.0,1655,6,2,4,705,42.59818731117825,346,369,357.5,2.230431010614529,8.057139265767624
9,40.0,4046976,3,10,5000,5.0,300,4.0,1655,6,2,4,705,42.59818731117825,346,369,357.5,2.230431010614529,8.057139265767624
9,40.0,4046976,3,10,5000,5.0,300,5.0,1655,6,2,4,705,42.59818731117825,346,369,357.5,2.230431010614529,8.057139265767624
9,40.0,4046976,3,10,5000,5.0,300,6.0,1655,6,2,4,705,42.59818731117825,346,369,357.5,2.230431010614529,8.057139265767624
9,40.0,4046976,3,10,10000,10.0,100,4.0,3290,8,4,4,1303,39.6048632218845,191,749,469.25,1.6515907459559163,8.906776317152266
9,40.0,4046976,3,10,10000,10.0,100,5.0,3290,8,4,4,1303,39.6048632218845,191,749,469.25,1.6515907459559163,8.906776317152266
9,40.0,4046976,3,10,10000,10.0,100,6.0,3290,8,4,4,1303,39.6048632218845,191,749,469.25,1.6515907459559163,8.906776317152266
9,40.0,4046976,3,10,10000,10.0,200,4.0,3290,8,3,5,1303,39.6048632218845,241,749,562.0,1.7609406093839814,8.409760411222562
9,40.0,4046976,3,10,10000,10.0,200,5.0,3290,8,3,5,1303,39.6048632218845,241,749,562.0,1.7609406093839814,8.409760411222562
9,40.0,4046976,3,10,10000,10.0,200,6.0,3290,8,3,5,1303,39.6048632218845,241,749,562.0,1.7609406093839814,8.409760411222562
9,40.0,4046976,3,10,10000,10.0,300,4.0,3290,8,2,6,1303,39.6048632218845,696,749,722.5,2.1957438076163025,8.219687720941597
9,40.0,4046976,3,10,10000,10.0,300,5.0,3290,8,2,6,1303,39.6048632218845,696,749,722.5,2.1957438076163025,8.219687720941597
9,40.0,4046976,3,10,10000,10.0,300,6.0,3290,8,2,6,1303,39.6048632218845,696,749,722.5,2.1957438076163025,8.219687720941597
9,40.0,4046976,3,10,15000,15.0,100,4.0,4982,24,5,19,1771,35.547972701726216,111,1111,591.2,1.4776788722725462,8.070422892396003
9,40.0,4046976,3,10,15000,15.0,100,5.0,4982,24,5,19,1771,35.547972701726216,111,1111,591.2,1.4776788722725462,8.070422892396003
9,40.0,4046976,3,10,15000,15.0,100,6.0,4982,24,5,19,1771,35.547972701726216,111,1111,591.2,1.4776788722725462,8.070422892396003
9,40.0,4046976,3,10,15000,15.0,200,4.0,4982,24,4,20,1771,35.547972701726216,305,1111,711.25,1.6322710301666212,8.977803032972545
9,40.0,4046976,3,10,15000,15.0,200,5.0,4982,24,4,20,1771,35.547972701726216,305,1111,711.25,1.6322710301666212,8.977803032972545
9,40.0,4046976,3,10,15000,15.0,200,6.0,4982,24,4,20,1771,35.547972701726216,305,1111,711.25,1.6322710301666212,8.977803032972545
9,40.0,4046976,3,10,15000,15.0,300,4.0,4982,24,4,20,1771,35.547972701726216,305,1111,711.25,1.6322710301666212,8.977803032972545
9,40.0,4046976,3,10,15000,15.0,300,5.0,4982,24,4,20,1771,35.547972701726216,305,1111,711.25,1.6322710301666212,8.977803032972545
9,40.0,4046976,3,10,15000,15.0,300,6.0,4982,24,4,20,1771,35.547972701726216,305,1111,711.25,1.6322710301666212,8.977803032972545
9,40.0,4046976,3,10,20000,20.0,100,4.0,6733,38,5,33,2218,32.94222486261696,147,1489,795.8,1.4955678787456264,8.349892757614025
9,40.0,4046976,3,10,20000,20.0,100,5.0,6733,38,5,33,2218,32.94222486261696,147,1489,795.8,1.4955678787456264,8.349892757614025
9,40.0,4046976,3,10,20000,20.0,100,6.0,6733,38,5,33,2218,32.94222486261696,147,1489,795.8,1.4955678787456264,8.349892757614025
9,40.0,4046976,3,10,20000,20.0,200,4.0,6733,38,4,34,2218,32.94222486261696,420,1489,958.0,1.639609905329765,8.984742060629298
9,40.0,4046976,3,10,20000,20.0,200,5.0,6733,38,4,34,2218,32.94222486261696,420,1489,958.0,1.639609905329765,8.984742060629298
9,40.0,4046976,3,10,20000,20.0,200,6.0,6733,38,4,34,2218,32.94222486261696,420,1489,958.0,1.639609905329765,8.984742060629298
9,40.0,4046976,3,10,20000,20.0,300,4.0,6733,38,4,34,2218,32.94222486261696,420,1489,958.0,1.639609905329765,8.984742060629298
9,40.0,4046976,3,10,20000,20.0,300,5.0,6733,38,4,34,2218,32.94222486261696,420,1489,958.0,1.639609905329765,8.984742060629298
9,40.0,4046976,3,10,20000,20.0,300,6.0,6733,38,4,34,2218,32.94222486261696,420,1489,958.0,1.639609905329765,8.984742060629298
9,40.0,4046976,3,15,5000,5.0,100,4.0,1655,6,3,3,741,44.77341389728097,112,357,270.0,1.8078561199490644,6.974457978591851
9,40.0,4046976,3,15,5000,5.0,100,5.0,1655,6,3,3,741,44.77341389728097,112,357,270.0,1.8078561199490644,6.974457978591851
9,40.0,4046976,3,15,5000,5.0,100,6.0,1655,6,3,3,741,44.77341389728097,112,357,270.0,1.8078561199490644,6.974457978591851
9,40.0,4046976,3,15,5000,5.0,200,4.0,1655,6,2,4,741,44.77341389728097,341,357,349.0,2.225217995539895,7.640201887079359
9,40.0,4046976,3,15,5000,5.0,200,5.0,1655,6,2,4,741,44.77341389728097,341,357,349.0,2.225217995539895,7.640201887079359
9,40.0,4046976,3,15,5000,5.0,200,6.0,1655,6,2,4,741,44.77341389728097,341,357,349.0,2.225217995539895,7.640201887079359
9,40.0,4046976,3,15,5000,5.0,300,4.0,1655,6,2,4,741,44.77341389728097,341,357,349.0,2.225217995539895,7.640201887079359
9,40.0,4046976,3,15,5000,5.0,300,5.0,1655,6,2,4,741,44.77341389728097,341,357,349.0,2.225217995539895,7.640201887079359
9,40.0,4046976,3,15,5000,5.0,300,6.0,1655,6,2,4,741,44.77341389728097,341,357,349.0,2.225217995539895,7.640201887079359
9,40.0,4046976,3,15,10000,10.0,100,4.0,3290,5,4,1,1336,40.60790273556231,191,749,469.25,1.6515907459559163,8.906776317152266
9,40.0,4046976,3,15,10000,10.0,100,5.0,3290,5,4,1,1336,40.60790273556231,191,749,469.25,1.6515907459559163,8.906776317152266
9,40.0,4046976,3,15,10000,10.0,100,6.0,3290,5,4,1,1336,40.60790273556231,191,749,469.25,1.6515907459559163,8.906776317152266
9,40.0,4046976,3,15,10000,10.0,200,4.0,3290,5,3,2,1336,40.60790273556231,241,749,562.0,1.7609406093839814,8.409760411222562
9,40.0,4046976,3,15,10000,10.0,200,5.0,3290,5,3,2,1336,40.60790273556231,241,749,562.0,1.7609406093839814,8.409760411222562
9,40.0,4046976,3,15,10000,10.0,200,6.0,3290,5,3,2,1336,40.60790273556231,241,749,562.0,1.7609406093839814,8.409760411222562
9,40.0,4046976,3,15,10000,10.0,300,4.0,3290,5,2,3,1336,40.60790273556231,696,749,722.5,2.1957438076163025,8.219687720941597
9,40.0,4046976,3,15,10000,10.0,300,5.0,3290,5,2,3,1336,40.60790273556231,696,749,722.5,2.1957438076163025,8.219687720941597
9,40.0,4046976,3,15,10000,10.0,300,6.0,3290,5,2,3,1336,40.60790273556231,696,749,722.5,2.1957438076163025,8.219687720941597
9,40.0,4046976,3,15,15000,15.0,100,4.0,4982,7,5,2,1983,39.80329185066238,111,1110,591.0,1.4778903330969109,8.065956378134771
9,40.0,4046976,3,15,15000,15.0,100,5.0,4982,7,5,2,1983,39.80329185066238,111,1110,591.0,1.4778903330969109,8.065956378134771
9,40.0,4046976,3,15,15000,15.0,100,6.0,4982,7,5,2,1983,39.80329185066238,111,1110,591.0,1.4778903330969109,8.065956378134771
9,40.0,4046976,3,15,15000,15.0,200,4.0,4982,7,4,3,1983,39.80329185066238,305,1110,711.0,1.6325353561970768,8.972219890146006
9,40.0,4046976,3,15,15000,15.0,200,5.0,4982,7,4,3,1983,39.80329185066238,305,1110,711.0,1.6325353561970768,8.972219890146006
9,40.0,4046976,3,15,15000,15.0,200,6.0,4982,7,4,3,1983,39.80329185066238,305,1110,711.0,1.6325353561970768,8.972219890146006
9,40.0,4046976,3,15,15000,15.0,300,4.0,4982,7,4,3,1983,39.80329185066238,305,1110,711.0,1.6325353561970768,8.972219890146006
9,40.0,4046976,3,15,15000,15.0,300,5.0,4982,7,4,3,1983,39.80329185066238,305,1110,711.0,1.6325353561970768,8.972219890146006
9,40.0,4046976,3,15,15000,15.0,300,6.0,4982,7,4,3,1983,39.80329185066238,305,1110,711.0,1.6325353561970768,8.972219890146006
9,40.0,4046976,3,15,20000,20.0,100,4.0,6733,15,5,10,2551,37.88801425813159,147,1489,795.8,1.4955678787456264,8.349892757614025
9,40.0,4046976,3,15,20000,20.0,100,5.0,6733,15,5,10,2551,37.88801425813159,147,1489,795.8,1.4955678787456264,8.349892757614025
9,40.0,4046976,3,15,20000,20.0,100,6.0,6733,15,5,10,2551,37.88801425813159,147,1489,795.8,1.4955678787456264,8.349892757614025
9,40.0,4046976,3,15,20000,20.0,200,4.0,6733,15,4,11,2551,37.88801425813159,420,1489,958.0,1.639609905329765,8.984742060629298
9,40.0,4046976,3,15,20000,20.0,200,5.0,6733,15,4,11,2551,37.88801425813159,420,1489,958.0,1.639609905329765,8.984742060629298
9,40.0,4046976,3,15,20000,20.0,200,6.0,6733,15,4,11,2551,37.88801425813159,420,1489,958.0,1.639609905329765,8.984742060629298
9,40.0,4046976,3,15,20000,20.0,300,4.0,6733,15,4,11,2551,37.88801425813159,420,1489,958.0,1.639609905329765,8.984742060629298
9,40.0,4046976,3,15,20000,20.0,300,5.0,6733,15,4,11,2551,37.88801425813159,420,1489,958.0,1.639609905329765,8.984742060629298
9,40.0,4046976,3,15,20000,20.0,300,6.0,6733,15,4,11,2551,37.88801425813159,420,1489,958.0,1.639609905329765,8.984742060629298
9,40.0,4046976,4,5,5000,5.0,100,4.0,1655,26,3,23,563,34.01812688821752,123,369,280.3333333333333,1.798393938110222,7.9472737691628375
9,40.0,4046976,4,5,5000,5.0,100,5.0,1655,26,3,23,563,34.01812688821752,123,369,280.3333333333333,1.798393938110222,7.9472737691628375
9,40.0,4046976,4,5,5000,5.0,100,6.0,1655,26,3,23,563,34.01812688821752,123,369,280.3333333333333,1.798393938110222,7.9472737691628375
9,40.0,4046976,4,5,5000,5.0,200,4.0,1655,26,2,24,563,34.01812688821752,349,369,359.0,2.2261863863743017,8.158825889053245
9,40.0,4046976,4,5,5000,5.0,200,5.0,1655,26,2,24,563,34.01812688821752,349,369,359.0,2.2261863863743017,8.158825889053245
9,40.0,4046976,4,5,5000,5.0,200,6.0,1655,26,2,24,563,34.01812688821752,349,369,359.0,2.2261863863743017,8.158825889053245
9,40.0,4046976,4,5,5000,5.0,300,4.0,1655,26,2,24,563,34.01812688821752,349,369,359.0,2.2261863863743017,8.158825889053245
9,40.0,4046976,4,5,5000,5.0,300,5.0,1655,26,2,24,563,34.01812688821752,349,369,359.0,2.2261863863743017,8.158825889053245
9,40.0,4046976,4,5,5000,5.0,300,6.0,1655,26,2,24,563,34.01812688821752,349,369,359.0,2.2261863863743017,8.158825889053245
9,40.0,4046976,4,5,10000,10.0,100,4.0,3290,81,4,77,696,21.15501519756839,191,749,469.25,1.6515907459559163,8.906776317152266
9,40.0,4046976,4,5,10000,10.0,100,5.0,3290,81,4,77,696,21.15501519756839,191,749,469.25,1.6515907459559163,8.906776317152266
9,40.0,4046976,4,5,10000,10.0,100,6.0,3290,81,4,77,696,21.15501519756839,191,749,469.25,1.6515907459559163,8.906776317152266
9,40.0,4046976,4,5,10000,10.0,200,4.0,3290,81,3,78,696,21.15501519756839,241,749,562.0,1.7609406093839814,8.409760411222562
9,40.0,4046976,4,5,10000,10.0,200,5.0,3290,81,3,78,696,21.15501519756839,241,749,562.0,1.7609406093839814,8.409760411222562
9,40.0,4046976,4,5,10000,10.0,200,6.0,3290,81,3,78,696,21.15501519756839,241,749,562.0,1.7609406093839814,8.409760411222562
9,40.0,4046976,4,5,10000,10.0,300,4.0,3290,81,2,79,696,21.15501519756839,696,749,722.5,2.1957438076163025,8.219687720941597
9,40.0,4046976,4,5,10000,10.0,300,5.0,3290,81,2,79,696,21.15501519756839,696,749,722.5,2.1957438076163025,8.219687720941597
9,40.0,4046976,4,5,10000,10.0,300,6.0,3290,81,2,79,696,21.15501519756839,696,749,722.5,2.1957438076163025,8.219687720941597
9,40.0,4046976,4,5,15000,15.0,100,4.0,4982,133,5,128,659,13.227619429947811,111,1111,591.2,1.4776788722725462,8.070422892396003
9,40.0,4046976,4,5,15000,15.0,100,5.0,4982,133,5,128,659,13.227619429947811,111,1111,591.2,1.4776788722725462,8.070422892396003
9,40.0,4046976,4,5,15000,15.0,100,6.0,4982,133,5,128,659,13.227619429947811,111,1111,591.2,1.4776788722725462,8.070422892396003
9,40.0,4046976,4,5,15000,15.0,200,4.0,4982,133,4,129,659,13.227619429947811,305,1111,711.25,1.6322710301666212,8.977803032972545
9,40.0,4046976,4,5,15000,15.0,200,5.0,4982,133,4,129,659,13.227619429947811,305,1111,711.25,1.6322710301666212,8.977803032972545
9,40.0,4046976,4,5,15000,15.0,200,6.0,4982,133,4,129,659,13.227619429947811,305,1111,711.25,1.6322710301666212,8.977803032972545
9,40.0,4046976,4,5,15000,15.0,300,4.0,4982,133,4,129,659,13.227619429947811,305,1111,711.25,1.6322710301666212,8.977803032972545
9,40.0,4046976,4,5,15000,15.0,300,5.0,4982,133,4,129,659,13.227619429947811,305,1111,711.25,1.6322710301666212,8.977803032972545
9,40.0,4046976,4,5,15000,15.0,300,6.0,4982,133,4,129,659,13.227619429947811,305,1111,711.25,1.6322710301666212,8.977803032972545
9,40.0,4046976,4,5,20000,20.0,100,4.0,6733,154,5,149,638,9.475716619634635,147,1490,796.2,1.5036763813413134,8.349198597906867
9,40.0,4046976,4,5,20000,20.0,100,5.0,6733,154,5,149,638,9.475716619634635,147,1490,796.2,1.5036763813413134,8.349198597906867
9,40.0,4046976,4,5,20000,20.0,100,6.0,6733,154,5,149,638,9.475716619634635,147,1490,796.2,1.5036763813413134,8.349198597906867
9,40.0,4046976,4,5,20000,20.0,200,4.0,6733,154,4,150,638,9.475716619634635,420,1490,958.5,1.6497455335743738,8.98387436099535
9,40.0,4046976,4,5,20000,20.0,200,5.0,6733,154,4,150,638,9.475716619634635,420,1490,958.5,1.6497455335743738,8.98387436099535
9,40.0,4046976,4,5,20000,20.0,200,6.0,6733,154,4,150,638,9.475716619634635,420,1490,958.5,1.6497455335743738,8.98387436099535
9,40.0,4046976,4,5,20000,20.0,300,4.0,6733,154,4,150,638,9.475716619634635,420,1490,958.5,1.6497455335743738,8.98387436099535
9,40.0,4046976,4,5,20000,20.0,300,5.0,6733,154,4,150,638,9.475716619634635,420,1490,958.5,1.6497455335743738,8.98387436099535
9,40.0,4046976,4,5,20000,20.0,300,6.0,6733,154,4,150,638,9.475716619634635,420,1490,958.5,1.6497455335743738,8.98387436099535
9,40.0,4046976,4,10,5000,5.0,100,4.0,1655,8,3,5,678,40.96676737160121,115,369,277.6666666666667,1.8052491445453624,7.433925655024924
9,40.0,4046976,4,10,5000,5.0,100,5.0,1655,8,3,5,678,40.96676737160121,115,369,277.6666666666667,1.8052491445453624,7.433925655024924
9,40.0,4046976,4,10,5000,5.0,100,6.0,1655,8,3,5,678,40.96676737160121,115,369,277.6666666666667,1.8052491445453624,7.433925655024924
9,40.0,4046976,4,10,5000,5.0,200,4.0,1655,8,2,6,678,40.96676737160121,349,369,359.0,2.2261863863743017,8.158825889053245
9,40.0,4046976,4,10,5000,5.0,200,5.0,1655,8,2,6,678,40.96676737160121,349,369,359.0,2.2261863863743017,8.158825889053245
9,40.0,4046976,4,10,5000,5.0,200,6.0,1655,8,2,6,678,40.96676737160121,349,369,359.0,2.2261863863743017,8.158825889053245
9,40.0,4046976,4,10,5000,5.0,300,4.0,1655,8,2,6,678,40.96676737160121,349,369,359.0,2.2261863863743017,8.158825889053245
9,40.0,4046976,4,10,5000,5.0,300,5.0,1655,8,2,6,678,40.96676737160121,349,369,359.0,2.2261863863743017,8.158825889053245
9,40.0,4046976,4,10,5000,5.0,300,6.0,1655,8,2,6,678,40.96676737160121,349,369,359.0,2.2261863863743017,8.158825889053245
9,40.0,4046976,4,10,10000,10.0,100,4.0,3290,16,4,12,1206,36.65653495440729,191,749,469.25,1.6515907459559163,8.906776317152266
9,40.0,4046976,4,10,10000,10.0,100,5.0,3290,16,4,12,1206,36.65653495440729,191,749,469.25,1.6515907459559163,8.906776317152266
9,40.0,4046976,4,10,10000,10.0,100,6.0,3290,16,4,12,1206,36.65653495440729,191,749,469.25,1.6515907459559163,8.906776317152266
9,40.0,4046976,4,10,10000,10.0,200,4.0,3290,16,3,13,1206,36.65653495440729,241,749,562.0,1.7609406093839814,8.409760411222562
9,40.0,4046976,4,10,10000,10.0,200,5.0,3290,16,3,13,1206,36.65653495440729,241,749,562.0,1.7609406093839814,8.409760411222562
9,40.0,4046976,4,10,10000,10.0,200,6.0,3290,16,3,13,1206,36.65653495440729,241,749,562.0,1.7609406093839814,8.409760411222562
9,40.0,4046976,4,10,10000,10.0,300,4.0,3290,16,2,14,1206,36.65653495440729,696,749,722.5,2.1957438076163025,8.219687720941597
9,40.0,4046976,4,10,10000,10.0,300,5.0,3290,16,2,14,1206,36.65653495440729,696,749,722.5,2.1957438076163025,8.219687720941597
9,40.0,4046976,4,10,10000,10.0,300,6.0,3290,16,2,14,1206,36.65653495440729,696,749,722.5,2.1957438076163025,8.219687720941597
9,40.0,4046976,4,10,15000,15.0,100,4.0,4982,39,5,34,1546,31.031714171015658,111,1111,591.2,1.4776788722725462,8.070422892396003
9,40.0,4046976,4,10,15000,15.0,100,5.0,4982,39,5,34,1546,31.031714171015658,111,1111,591.2,1.4776788722725462,8.070422892396003
9,40.0,4046976,4,10,15000,15.0,100,6.0,4982,39,5,34,1546,31.031714171015658,111,1111,591.2,1.4776788722725462,8.070422892396003
9,40.0,4046976,4,10,15000,15.0,200,4.0,4982,39,4,35,1546,31.031714171015658,305,1111,711.25,1.6322710301666212,8.977803032972545
9,40.0,4046976,4,10,15000,15.0,200,5.0,4982,39,4,35,1546,31.031714171015658,305,1111,711.25,1.6322710301666212,8.977803032972545
9,40.0,4046976,4,10,15000,15.0,200,6.0,4982,39,4,35,1546,31.031714171015658,305,1111,711.25,1.6322710301666212,8.977803032972545
9,40.0,4046976,4,10,15000,15.0,300,4.0,4982,39,4,35,1546,31.031714171015658,305,1111,711.25,1.6322710301666212,8.977803032972545
9,40.0,4046976,4,10,15000,15.0,300,5.0,4982,39,4,35,1546,31.031714171015658,305,1111,711.25,1.6322710301666212,8.977803032972545
9,40.0,4046976,4,10,15000,15.0,300,6.0,4982,39,4,35,1546,31.031714171015658,305,1111,711.25,1.6322710301666212,8.977803032972545
9,40.0,4046976,4,10,20000,20.0,100,4.0,6733,71,5,66,1682,24.98143472449131,147,1490,796.2,1.5036763813413134,8.349198597906867
9,40.0,4046976,4,10,20000,20.0,100,5.0,6733,71,5,66,1682,24.98143472449131,147,1490,796.2,1.5036763813413134,8.349198597906867
9,40.0,4046976,4,10,20000,20.0,100,6.0,6733,71,5,66,1682,24.98143472449131,147,1490,796.2,1.5036763813413134,8.349198597906867
9,40.0,4046976,4,10,20000,20.0,200,4.0,6733,71,4,67,1682,24.98143472449131,420,1490,958.5,1.6497455335743738,8.98387436099535
9,40.0,4046976,4,10,20000,20.0,200,5.0,6733,71,4,67,1682,24.98143472449131,420,1490,958.5,1.6497455335743738,8.98387436099535
9,40.0,4046976,4,10,20000,20.0,200,6.0,6733,71,4,67,1682,24.98143472449131,420,1490,958.5,1.6497455335743738,8.98387436099535
9,40.0,4046976,4,10,20000,20.0,300,4.0,6733,71,4,67,1682,24.98143472449131,420,1490,958.5,1.6497455335743738,8.98387436099535
9,40.0,4046976,4,10,20000,20.0,300,5.0,6733,71,4,67,1682,24.98143472449131,420,1490,958.5,1.6497455335743738,8.98387436099535
9,40.0,4046976,4,10,20000,20.0,300,6.0,6733,71,4,67,1682,24.98143472449131,420,1490,958.5,1.6497455335743738,8.98387436099535
9,40.0,4046976,4,15,5000,5.0,100,4.0,1655,6,3,3,703,42.477341389728096,115,369,277.0,1.807131609055842,7.38667416312104
9,40.0,4046976,4,15,5000,5.0,100,5.0,1655,6,3,3,703,42.477341389728096,115,369,277.0,1.807131609055842,7.38667416312104
9,40.0,4046976,4,15,5000,5.0,100,6.0,1655,6,3,3,703,42.477341389728096,115,369,277.0,1.807131609055842,7.38667416312104
9,40.0,4046976,4,15,5000,5.0,200,4.0,1655,6,2,4,703,42.477341389728096,347,369,358.0,2.229010083140021,8.087948651197422
9,40.0,4046976,4,15,5000,5.0,200,5.0,1655,6,2,4,703,42.477341389728096,347,369,358.0,2.229010083140021,8.087948651197422
9,40.0,4046976,4,15,5000,5.0,200,6.0,1655,6,2,4,703,42.477341389728096,347,369,358.0,2.229010083140021,8.087948651197422
9,40.0,4046976,4,15,5000,5.0,300,4.0,1655,6,2,4,703,42.477341389728096,347,369,358.0,2.229010083140021,8.087948651197422
9,40.0,4046976,4,15,5000,5.0,300,5.0,1655,6,2,4,703,42.477341389728096,347,369,358.0,2.229010083140021,8.087948651197422
9,40.0,4046976,4,15,5000,5.0,300,6.0,1655,6,2,4,703,42.477341389728096,347,369,358.0,2.229010083140021,8.087948651197422
9,40.0,4046976,4,15,10000,10.0,100,4.0,3290,6,4,2,1317,40.03039513677812,191,749,469.25,1.6515907459559163,8.906776317152266
9,40.0,4046976,4,15,10000,10.0,100,5.0,3290,6,4,2,1317,40.03039513677812,191,749,469.25,1.6515907459559163,8.906776317152266
9,40.0,4046976,4,15,10000,10.0,100,6.0,3290,6,4,2,1317,40.03039513677812,191,749,469.25,1.6515907459559163,8.906776317152266
9,40.0,4046976,4,15,10000,10.0,200,4.0,3290,6,3,3,1317,40.03039513677812,241,749,562.0,1.7609406093839814,8.409760411222562
9,40.0,4046976,4,15,10000,10.0,200,5.0,3290,6,3,3,1317,40.03039513677812,241,749,562.0,1.7609406093839814,8.409760411222562
9,40.0,4046976,4,15,10000,10.0,200,6.0,3290,6,3,3,1317,40.03039513677812,241,749,562.0,1.7609406093839814,8.409760411222562
9,40.0,4046976,4,15,10000,10.0,300,4.0,3290,6,2,4,1317,40.03039513677812,696,749,722.5,2.1957438076163025,8.219687720941597
9,40.0,4046976,4,15,10000,10.0,300,5.0,3290,6,2,4,1317,40.03039513677812,696,749,722.5,2.1957438076163025,8.219687720941597
9,40.0,4046976,4,15,10000,10.0,300,6.0,3290,6,2,4,1317,40.03039513677812,696,749,722.5,2.1957438076163025,8.219687720941597
9,40.0,4046976,4,15,15000,15.0,100,4.0,4982,12,5,7,1889,37.9164993978322,111,1111,591.2,1.4776788722725462,8.070422892396003
9,40.0,4046976,4,15,15000,15.0,100,5.0,4982,12,5,7,1889,37.9164993978322,111,1111,591.2,1.4776788722725462,8.070422892396003
9,40.0,4046976,4,15,15000,15.0,100,6.0,4982,12,5,7,1889,37.9164993978322,111,1111,591.2,1.4776788722725462,8.070422892396003
9,40.0,4046976,4,15,15000,15.0,200,4.0,4982,12,4,8,1889,37.9164993978322,305,1111,711.25,1.6322710301666212,8.977803032972545
9,40.0,4046976,4,15,15000,15.0,200,5.0,4982,12,4,8,1889,37.9164993978322,305,1111,711.25,1.6322710301666212,8.977803032972545
9,40.0,4046976,4,15,15000,15.0,200,6.0,4982,12,4,8,1889,37.9164993978322,305,1111,711.25,1.6322710301666212,8.977803032972545
9,40.0,4046976,4,15,15000,15.0,300,4.0,4982,12,4,8,1889,37.9164993978322,305,1111,711.25,1.6322710301666212,8.977803032972545
9,40.0,4046976,4,15,15000,15.0,300,5.0,4982,12,4,8,1889,37.9164993978322,305,1111,711.25,1.6322710301666212,8.977803032972545
9,40.0,4046976,4,15,15000,15.0,300,6.0,4982,12,4,8,1889,37.9164993978322,305,1111,711.25,1.6322710301666212,8.977803032972545
9,40.0,4046976,4,15,20000,20.0,100,4.0,6733,21,5,16,2389,35.48195455220556,147,1490,796.2,1.5036763813413134,8.349198597906867
9,40.0,4046976,4,15,20000,20.0,100,5.0,6733,21,5,16,2389,35.48195455220556,147,1490,796.2,1.5036763813413134,8.349198597906867
9,40.0,4046976,4,15,20000,20.0,100,6.0,6733,21,5,16,2389,35.48195455220556,147,1490,796.2,1.5036763813413134,8.349198597906867
9,40.0,4046976,4,15,20000,20.0,200,4.0,6733,21,4,17,2389,35.48195455220556,420,1490,958.5,1.6497455335743738,8.98387436099535
9,40.0,4046976,4,15,20000,20.0,200,5.0,6733,21,4,17,2389,35.48195455220556,420,1490,958.5,1.6497455335743738,8.98387436099535
9,40.0,4046976,4,15,20000,20.0,200,6.0,6733,21,4,17,2389,35.48195455220556,420,1490,958.5,1.6497455335743738,8.98387436099535
9,40.0,4046976,4,15,20000,20.0,300,4.0,6733,21,4,17,2389,35.48195455220556,420,1490,958.5,1.6497455335743738,8.98387436099535
9,40.0,4046976,4,15,20000,20.0,300,5.0,6733,21,4,17,2389,35.48195455220556,420,1490,958.5,1.6497455335743738,8.98387436099535
9,40.0,4046976,4,15,20000,20.0,300,6.0,6733,21,4,17,2389,35.48195455220556,420,1490,958.5,1.6497455335743738,8.98387436099535
9,40.0,4046976,5,5,5000,5.0,100,4.0,1655,35,3,32,488,29.486404833836858,123,369,280.3333333333333,1.798393938110222,7.9472737691628375
9,40.0,4046976,5,5,5000,5.0,100,5.0,1655,35,3,32,488,29.486404833836858,123,369,280.3333333333333,1.798393938110222,7.9472737691628375
9,40.0,4046976,5,5,5000,5.0,100,6.0,1655,35,3,32,488,29.486404833836858,123,369,280.3333333333333,1.798393938110222,7.9472737691628375
9,40.0,4046976,5,5,5000,5.0,200,4.0,1655,35,2,33,488,29.486404833836858,349,369,359.0,2.2261863863743017,8.158825889053245
9,40.0,4046976,5,5,5000,5.0,200,5.0,1655,35,2,33,488,29.486404833836858,349,369,359.0,2.2261863863743017,8.158825889053245
9,40.0,4046976,5,5,5000,5.0,200,6.0,1655,35,2,33,488,29.486404833836858,349,369,359.0,2.2261863863743017,8.158825889053245
9,40.0,4046976,5,5,5000,5.0,300,4.0,1655,35,2,33,488,29.486404833836858,349,369,359.0,2.2261863863743017,8.158825889053245
9,40.0,4046976,5,5,5000,5.0,300,5.0,1655,35,2,33,488,29.486404833836858,349,369,359.0,2.2261863863743017,8.158825889053245
9,40.0,4046976,5,5,5000,5.0,300,6.0,1655,35,2,33,488,29.486404833836858,349,369,359.0,2.2261863863743017,8.158825889053245
9,40.0,4046976,5,5,10000,10.0,100,4.0,3290,83,4,79,516,15.683890577507599,191,749,469.25,1.6515907459559163,8.906776317152266
9,40.0,4046976,5,5,10000,10.0,100,5.0,3290,83,4,79,516,15.683890577507599,191,749,469.25,1.6515907459559163,8.906776317152266
9,40.0,4046976,5,5,10000,10.0,100,6.0,3290,83,4,79,516,15.683890577507599,191,749,469.25,1.6515907459559163,8.906776317152266
9,40.0,4046976,5,5,10000,10.0,200,4.0,3290,83,3,80,516,15.683890577507599,241,749,562.0,1.7609406093839814,8.409760411222562
9,40.0,4046976,5,5,10000,10.0,200,5.0,3290,83,3,80,516,15.683890577507599,241,749,562.0,1.7609406093839814,8.409760411222562
9,40.0,4046976,5,5,10000,10.0,200,6.0,3290,83,3,80,516,15.683890577507599,241,749,562.0,1.7609406093839814,8.409760411222562
9,40.0,4046976,5,5,10000,10.0,300,4.0,3290,83,2,81,516,15.683890577507599,696,749,722.5,2.1957438076163025,8.219687720941597
9,40.0,4046976,5,5,10000,10.0,300,5.0,3290,83,2,81,516,15.683890577507599,696,749,722.5,2.1957438076163025,8.219687720941597
9,40.0,4046976,5,5,10000,10.0,300,6.0,3290,83,2,81,516,15.683890577507599,696,749,722.5,2.1957438076163025,8.219687720941597
9,40.0,4046976,5,5,15000,15.0,100,4.0,4982,114,5,109,418,8.390204737053391,111,1111,591.4,1.4866721715970008,8.069416237627603
9,40.0,4046976,5,5,15000,15.0,100,5.0,4982,114,5,109,418,8.390204737053391,111,1111,591.4,1.4866721715970008,8.069416237627603
9,40.0,4046976,5,5,15000,15.0,100,6.0,4982,114,5,109,418,8.390204737053391,111,1111,591.4,1.4866721715970008,8.069416237627603
9,40.0,4046976,5,5,15000,15.0,200,4.0,4982,114,4,110,418,8.390204737053391,305,1111,711.5,1.6435126543221894,8.976544714512046
9,40.0,4046976,5,5,15000,15.0,200,5.0,4982,114,4,110,418,8.390204737053391,305,1111,711.5,1.6435126543221894,8.976544714512046
9,40.0,4046976,5,5,15000,15.0,200,6.0,4982,114,4,110,418,8.390204737053391,305,1111,711.5,1.6435126543221894,8.976544714512046
9,40.0,4046976,5,5,15000,15.0,300,4.0,4982,114,4,110,418,8.390204737053391,305,1111,711.5,1.6435126543221894,8.976544714512046
9,40.0,4046976,5,5,15000,15.0,300,5.0,4982,114,4,110,418,8.390204737053391,305,1111,711.5,1.6435126543221894,8.976544714512046
9,40.0,4046976,5,5,15000,15.0,300,6.0,4982,114,4,110,418,8.390204737053391,305,1111,711.5,1.6435126543221894,8.976544714512046
9,40.0,4046976,5,5,20000,20.0,100,4.0,6733,110,5,105,332,4.930937175107679,147,1491,796.6,1.523049046476612,8.348954019738041
9,40.0,4046976,5,5,20000,20.0,100,5.0,6733,110,5,105,332,4.930937175107679,147,1491,796.6,1.523049046476612,8.348954019738041
9,40.0,4046976,5,5,20000,20.0,100,6.0,6733,110,5,105,332,4.930937175107679,147,1491,796.6,1.523049046476612,8.348954019738041
9,40.0,4046976,5,5,20000,20.0,200,4.0,6733,110,4,106,332,4.930937175107679,420,1491,959.0,1.673961364993497,8.983568638284318
9,40.0,4046976,5,5,20000,20.0,200,5.0,6733,110,4,106,332,4.930937175107679,420,1491,959.0,1.673961364993497,8.983568638284318
9,40.0,4046976,5,5,20000,20.0,200,6.0,6733,110,4,106,332,4.930937175107679,420,1491,959.0,1.673961364993497,8.983568638284318
9,40.0,4046976,5,5,20000,20.0,300,4.0,6733,110,4,106,332,4.930937175107679,420,1491,959.0,1.673961364993497,8.983568638284318
9,40.0,4046976,5,5,20000,20.0,300,5.0,6733,110,4,106,332,4.930937175107679,420,1491,959.0,1.673961364993497,8.983568638284318
9,40.0,4046976,5,5,20000,20.0,300,6.0,6733,110,4,106,332,4.930937175107679,420,1491,959.0,1.673961364993497,8.983568638284318
9,40.0,4046976,5,10,5000,5.0,100,4.0,1655,8,3,5,671,40.54380664652568,120,369,279.3333333333333,1.8018005234205017,7.712899213739237
9,40.0,4046976,5,10,5000,5.0,100,5.0,1655,8,3,5,671,40.54380664652568,120,369,279.3333333333333,1.8018005234205017,7.712899213739237
9,40.0,4046976,5,10,5000,5.0,100,6.0,1655,8,3,5,671,40.54380664652568,120,369,279.3333333333333,1.8018005234205017,7.712899213739237
9,40.0,4046976,5,10,5000,5.0,200,4.0,1655,8,2,6,671,40.54380664652568,349,369,359.0,2.2261863863743017,8.158825889053245
9,40.0,4046976,5,10,5000,5.0,200,5.0,1655,8,2,6,671,40.54380664652568,349,369,359.0,2.2261863863743017,8.158825889053245
9,40.0,4046976,5,10,5000,5.0,200,6.0,1655,8,2,6,671,40.54380664652568,349,369,359.0,2.2261863863743017,8.158825889053245
9,40.0,4046976,5,10,5000,5.0,300,4.0,1655,8,2,6,671,40.54380664652568,349,369,359.0,2.2261863863743017,8.158825889053245
9,40.0,4046976,5,10,5000,5.0,300,5.0,1655,8,2,6,671,40.54380664652568,349,369,359.0,2.2261863863743017,8.158825889053245
9,40.0,4046976,5,10,5000,5.0,300,6.0,1655,8,2,6,671,40.54380664652568,349,369,359.0,2.2261863863743017,8.158825889053245
9,40.0,4046976,5,10,10000,10.0,100,4.0,3290,25,4,21,1040,31.61094224924012,191,749,469.25,1.6515907459559163,8.906776317152266
9,40.0,4046976,5,10,10000,10.0,100,5.0,3290,25,4,21,1040,31.61094224924012,191,749,469.25,1.6515907459559163,8.906776317152266
9,40.0,4046976,5,10,10000,10.0,100,6.0,3290,25,4,21,1040,31.61094224924012,191,749,469.25,1.6515907459559163,8.906776317152266
9,40.0,4046976,5,10,10000,10.0,200,4.0,3290,25,3,22,1040,31.61094224924012,241,749,562.0,1.7609406093839814,8.409760411222562
9,40.0,4046976,5,10,10000,10.0,200,5.0,3290,25,3,22,1040,31.61094224924012,241,749,562.0,1.7609406093839814,8.409760411222562
9,40.0,4046976,5,10,10000,10.0,200,6.0,3290,25,3,22,1040,31.61094224924012,241,749,562.0,1.7609406093839814,8.409760411222562
9,40.0,4046976,5,10,10000,10.0,300,4.0,3290,25,2,23,1040,31.61094224924012,696,749,722.5,2.1957438076163025,8.219687720941597
9,40.0,4046976,5,10,10000,10.0,300,5.0,3290,25,2,23,1040,31.61094224924012,696,749,722.5,2.1957438076163025,8.219687720941597
9,40.0,4046976,5,10,10000,10.0,300,6.0,3290,25,2,23,1040,31.61094224924012,696,749,722.5,2.1957438076163025,8.219687720941597
9,40.0,4046976,5,10,15000,15.0,100,4.0,4982,48,5,43,1184,23.76555600160578,111,1111,591.4,1.4866721715970008,8.069416237627603
9,40.0,4046976,5,10,15000,15.0,100,5.0,4982,48,5,43,1184,23.76555600160578,111,1111,591.4,1.4866721715970008,8.069416237627603
9,40.0,4046976,5,10,15000,15.0,100,6.0,4982,48,5,43,1184,23.76555600160578,111,1111,591.4,1.4866721715970008,8.069416237627603
9,40.0,4046976,5,10,15000,15.0,200,4.0,4982,48,4,44,1184,23.76555600160578,305,1111,711.5,1.6435126543221894,8.976544714512046
9,40.0,4046976,5,10,15000,15.0,200,5.0,4982,48,4,44,1184,23.76555600160578,305,1111,711.5,1.6435126543221894,8.976544714512046
9,40.0,4046976,5,10,15000,15.0,200,6.0,4982,48,4,44,1184,23.76555600160578,305,1111,711.5,1.6435126543221894,8.976544714512046
9,40.0,4046976,5,10,15000,15.0,300,4.0,4982,48,4,44,1184,23.76555600160578,305,1111,711.5,1.6435126543221894,8.976544714512046
9,40.0,4046976,5,10,15000,15.0,300,5.0,4982,48,4,44,1184,23.76555600160578,305,1111,711.5,1.6435126543221894,8.976544714512046
9,40.0,4046976,5,10,15000,15.0,300,6.0,4982,48,4,44,1184,23.76555600160578,305,1111,711.5,1.6435126543221894,8.976544714512046
9,40.0,4046976,5,10,20000,20.0,100,4.0,6733,73,5,68,1122,16.66419129659884,147,1491,796.4,1.505472325864234,8.349997413551806
9,40.0,4046976,5,10,20000,20.0,100,5.0,6733,73,5,68,1122,16.66419129659884,147,1491,796.4,1.505472325864234,8.349997413551806
9,40.0,4046976,5,10,20000,20.0,100,6.0,6733,73,5,68,1122,16.66419129659884,147,1491,796.4,1.505472325864234,8.349997413551806
9,40.0,4046976,5,10,20000,20.0,200,4.0,6733,73,4,69,1122,16.66419129659884,420,1491,958.75,1.6519904642280245,8.984872880551523
9,40.0,4046976,5,10,20000,20.0,200,5.0,6733,73,4,69,1122,16.66419129659884,420,1491,958.75,1.6519904642280245,8.984872880551523
9,40.0,4046976,5,10,20000,20.0,200,6.0,6733,73,4,69,1122,16.66419129659884,420,1491,958.75,1.6519904642280245,8.984872880551523
9,40.0,4046976,5,10,20000,20.0,300,4.0,6733,73,4,69,1122,16.66419129659884,420,1491,958.75,1.6519904642280245,8.984872880551523
9,40.0,4046976,5,10,20000,20.0,300,5.0,6733,73,4,69,1122,16.66419129659884,420,1491,958.75,1.6519904642280245,8.984872880551523
9,40.0,4046976,5,10,20000,20.0,300,6.0,6733,73,4,69,1122,16.66419129659884,420,1491,958.75,1.6519904642280245,8.984872880551523
9,40.0,4046976,5,15,5000,5.0,100,4.0,1655,6,3,3,700,42.29607250755287,116,369,278.0,1.8045619907917558,7.481405084656571
9,40.0,4046976,5,15,5000,5.0,100,5.0,1655,6,3,3,700,42.29607250755287,116,369,278.0,1.8045619907917558,7.481405084656571
9,40.0,4046976,5,15,5000,5.0,100,6.0,1655,6,3,3,700,42.29607250755287,116,369,278.0,1.8045619907917558,7.481405084656571
9,40.0,4046976,5,15,5000,5.0,200,4.0,1655,6,2,4,700,42.29607250755287,349,369,359.0,2.2261863863743017,8.158825889053245
9,40.0,4046976,5,15,5000,5.0,200,5.0,1655,6,2,4,700,42.29607250755287,349,369,359.0,2.2261863863743017,8.158825889053245
9,40.0,4046976,5,15,5000,5.0,200,6.0,1655,6,2,4,700,42.29607250755287,349,369,359.0,2.2261863863743017,8.158825889053245
9,40.0,4046976,5,15,5000,5.0,300,4.0,1655,6,2,4,700,42.29607250755287,349,369,359.0,2.2261863863743017,8.158825889053245
9,40.0,4046976,5,15,5000,5.0,300,5.0,1655,6,2,4,700,42.29607250755287,349,369,359.0,2.2261863863743017,8.158825889053245
9,40.0,4046976,5,15,5000,5.0,300,6.0,1655,6,2,4,700,42.29607250755287,349,369,359.0,2.2261863863743017,8.158825889053245
9,40.0,4046976,5,15,10000,10.0,100,4.0,3290,7,4,3,1294,39.33130699088146,191,749,469.25,1.6515907459559163,8.906776317152266
9,40.0,4046976,5,15,10000,10.0,100,5.0,3290,7,4,3,1294,39.33130699088146,191,749,469.25,1.6515907459559163,8.906776317152266
9,40.0,4046976,5,15,10000,10.0,100,6.0,3290,7,4,3,1294,39.33130699088146,191,749,469.25,1.6515907459559163,8.906776317152266
9,40.0,4046976,5,15,10000,10.0,200,4.0,3290,7,3,4,1294,39.33130699088146,241,749,562.0,1.7609406093839814,8.409760411222562
9,40.0,4046976,5,15,10000,10.0,200,5.0,3290,7,3,4,1294,39.33130699088146,241,749,562.0,1.7609406093839814,8.409760411222562
9,40.0,4046976,5,15,10000,10.0,200,6.0,3290,7,3,4,1294,39.33130699088146,241,749,562.0,1.7609406093839814,8.409760411222562
9,40.0,4046976,5,15,10000,10.0,300,4.0,3290,7,2,5,1294,39.33130699088146,696,749,722.5,2.1957438076163025,8.219687720941597
9,40.0,4046976,5,15,10000,10.0,300,5.0,3290,7,2,5,1294,39.33130699088146,696,749,722.5,2.1957438076163025,8.219687720941597
9,40.0,4046976,5,15,10000,10.0,300,6.0,3290,7,2,5,1294,39.33130699088146,696,749,722.5,2.1957438076163025,8.219687720941597
9,40.0,4046976,5,15,15000,15.0,100,4.0,4982,20,5,15,1703,34.1830590124448,111,1111,591.4,1.4866721715970008,8.069416237627603
9,40.0,4046976,5,15,15000,15.0,100,5.0,4982,20,5,15,1703,34.1830590124448,111,1111,591.4,1.4866721715970008,8.069416237627603
9,40.0,4046976,5,15,15000,15.0,100,6.0,4982,20,5,15,1703,34.1830590124448,111,1111,591.4,1.4866721715970008,8.069416237627603
9,40.0,4046976,5,15,15000,15.0,200,4.0,4982,20,4,16,1703,34.1830590124448,305,1111,711.5,1.6435126543221894,8.976544714512046
9,40.0,4046976,5,15,15000,15.0,200,5.0,4982,20,4,16,1703,34.1830590124448,305,1111,711.5,1.6435126543221894,8.976544714512046
9,40.0,4046976,5,15,15000,15.0,200,6.0,4982,20,4,16,1703,34.1830590124448,305,1111,711.5,1.6435126543221894,8.976544714512046
9,40.0,4046976,5,15,15000,15.0,300,4.0,4982,20,4,16,1703,34.1830590124448,305,1111,711.5,1.6435126543221894,8.976544714512046
9,40.0,4046976,5,15,15000,15.0,300,5.0,4982,20,4,16,1703,34.1830590124448,305,1111,711.5,1.6435126543221894,8.976544714512046
9,40.0,4046976,5,15,15000,15.0,300,6.0,4982,20,4,16,1703,34.1830590124448,305,1111,711.5,1.6435126543221894,8.976544714512046
9,40.0,4046976,5,15,20000,20.0,100,4.0,6733,35,5,30,1950,28.961829793554138,147,1491,796.4,1.505472325864234,8.349997413551806
9,40.0,4046976,5,15,20000,20.0,100,5.0,6733,35,5,30,1950,28.961829793554138,147,1491,796.4,1.505472325864234,8.349997413551806
9,40.0,4046976,5,15,20000,20.0,100,6.0,6733,35,5,30,1950,28.961829793554138,147,1491,796.4,1.505472325864234,8.349997413551806
9,40.0,4046976,5,15,20000,20.0,200,4.0,6733,35,4,31,1950,28.961829793554138,420,1491,958.75,1.6519904642280245,8.984872880551523
9,40.0,4046976,5,15,20000,20.0,200,5.0,6733,35,4,31,1950,28.961829793554138,420,1491,958.75,1.6519904642280245,8.984872880551523
9,40.0,4046976,5,15,20000,20.0,200,6.0,6733,35,4,31,1950,28.961829793554138,420,1491,958.75,1.6519904642280245,8.984872880551523
9,40.0,4046976,5,15,20000,20.0,300,4.0,6733,35,4,31,1950,28.961829793554138,420,1491,958.75,1.6519904642280245,8.984872880551523
9,40.0,4046976,5,15,20000,20.0,300,5.0,6733,35,4,31,1950,28.961829793554138,420,1491,958.75,1.6519904642280245,8.984872880551523
9,40.0,4046976,5,15,20000,20.0,300,6.0,6733,35,4,31,1950,28.961829793554138,420,1491,958.75,1.6519904642280245,8.984872880551523
